C:\py\Python312\python.exe "D:/Program Files/JetBrains/PyCharm Community Edition 2023.3.4/plugins/python-ce/helpers/pycharm/_jb_pytest_runner.py" --target test_vcu_mid_cold_boot.py::test_cold_boot_park_vcu_m -- -s
Testing started at 2:20 PM ...
Launching pytest with arguments -s test_vcu_mid_cold_boot.py::test_cold_boot_park_vcu_m --no-header --no-summary -q in D:\projects\vvi-automation\Tests\VCU_HIGH\StressTests

============================= test session starts =============================
collecting ... collected 1 item

test_vcu_mid_cold_boot.py::test_cold_boot_park_vcu_m[AVVP171263-30771] [06/08/2024 14:51:18.881]  INFO: [PostTest.py->run_post_test()] Start Post Test Method
[06/08/2024 14:51:19.361] DEBUG: [SerialCommands.py->read_console_log()] [serial console] swdl_init:549 system banked to "a"
[06/08/2024 14:51:21.540] DEBUG: [SerialCommands.py->read_console_log()] [serial console] [   15.344359]~dlt~487591~info     ~control message forwarded : dlt_service_id_set_all_log_level
[06/08/2024 14:51:21.555] DEBUG: [SerialCommands.py->read_console_log()] [serial console] [   15.346703]~dlt~487591~info     ~control message forwarded : dlt_service_id_store_config
[06/08/2024 14:51:23.943] DEBUG: [qnx_commands.py->run_qnx_command()] Trying to run: "pidin -p RtosAppMain -f a | grep -v pid" on VCU
[06/08/2024 14:51:24.385] DEBUG: [ssh_command.py->__run_ssh_command_core()] New Connection has been created to 172.16.4.101
[06/08/2024 14:51:24.756] DEBUG: [qnx_commands.py->run_qnx_command()] SystemType.VCU shell command returned: 1122483
[06/08/2024 14:51:24.758]  WARN: [hmi_service_monitor.py->monitor_pid_change()] HMI PID had Changed from None to 1122483
[06/08/2024 14:51:24.759]  INFO: [hmi_service_monitor.py->monitor_pid_change()] HMI PID Changed counter: 13
[06/08/2024 14:51:32.380]  INFO: [dlt_ongoing_collector.py->stop()] Closing DLT logs backup thread
[06/08/2024 14:51:32.393]  INFO: [dlt_ongoing_collector.py->__fetch_logs()] fetching new dlt logs
[06/08/2024 14:51:32.403] DEBUG: [qnx_commands.py->run_qnx_command()] Trying to run: "ls /var/log/dlt_raw | grep .dlt" on VCU
[06/08/2024 14:51:32.546] DEBUG: [qnx_commands.py->run_qnx_command()] SystemType.VCU shell command returned: Audio.251.dlt
CriticalSoc.190.dlt
Soc.094.dlt
Soc.095.dlt
Vip.131.dlt
parse_dlt.sh
[06/08/2024 14:51:32.556]  INFO: [dlt_ongoing_collector.py->backup_uncompleted_by_end_of_test()] About to backup: [{'Soc.095.dlt', 'Soc.094.dlt'}]
[06/08/2024 14:51:34.248]  INFO: [dlt_ongoing_collector.py->_backup_dlt_files()] finished backup: [Soc.095.dlt]
[06/08/2024 14:51:35.905] DEBUG: [SerialCommands.py->read_console_log()] [serial console] underflow in omreactive less then 0 null configs
[06/08/2024 14:51:35.907] DEBUG: [SerialCommands.py->read_console_log()] [serial console] exception - infinite loop of null transitions found
[06/08/2024 14:51:35.921] DEBUG: [SerialCommands.py->read_console_log()] [serial console] plc state changed from 2 to 4
[06/08/2024 14:51:37.287]  INFO: [dlt_ongoing_collector.py->_backup_dlt_files()] finished backup: [Soc.094.dlt]
[06/08/2024 14:51:37.299]  INFO: [dlt_ongoing_collector.py->backup_uncompleted_by_end_of_test()] About to backup: [{'CriticalSoc.190.dlt'}]
[06/08/2024 14:51:40.364]  INFO: [dlt_ongoing_collector.py->_backup_dlt_files()] finished backup: [CriticalSoc.190.dlt]
[06/08/2024 14:51:40.369]  INFO: [dlt_ongoing_collector.py->backup_uncompleted_by_end_of_test()] About to backup: [{'Vip.131.dlt'}]
[06/08/2024 14:51:42.268] DEBUG: [qnx_commands.py->run_qnx_command()] Trying to run: "pidin -p service_vpe -f a | grep -v pid" on ACP3
[06/08/2024 14:51:42.378] DEBUG: [qnx_commands.py->run_qnx_command()] SystemType.ACP3 shell command returned: 946237
[06/08/2024 14:51:42.379] DEBUG: [vpe_service_monitor.py->monitor_pid_change()] VPE PID was None and now is 946237
[06/08/2024 14:51:42.380] DEBUG: [qnx_commands.py->run_qnx_command()] Trying to run: "pidin threads > /var/log/vpe/pidin_threads_946237.txt" on ACP3
[06/08/2024 14:51:42.875]  INFO: [dlt_ongoing_collector.py->_backup_dlt_files()] finished backup: [Vip.131.dlt]
[06/08/2024 14:51:42.880] DEBUG: [qnx_commands.py->run_qnx_command()] Trying to run: "slay -f sh" on VCU
[06/08/2024 14:51:43.320] DEBUG: [qnx_commands.py->run_qnx_command()] Trying to run: "slay -f sh" on ACP3
[06/08/2024 14:51:43.435] DEBUG: [CoreDumpCollector.py->collect_core_dumps()] Collecting core dumps (if any):
[06/08/2024 14:51:43.439] DEBUG: [CoreDumpCollector.py->check_for_core_dumps()] Looking for core dumps at /persist/em/coredumpdir/*.core*
[06/08/2024 14:51:43.443] DEBUG: [qnx_commands.py->run_qnx_command()] Trying to run: "ls /persist/em/coredumpdir/*.core*" on VCU
[06/08/2024 14:51:43.682] DEBUG: [qnx_commands.py->run_qnx_command()] SystemType.VCU shell command returned: ls: No such file or directory (/persist/em/coredumpdir/*.core*)
[06/08/2024 14:51:43.686] DEBUG: [CoreDumpCollector.py->check_for_core_dumps()] List of files on /persist/em/coredumpdir/*.core* is: ls: No such file or directory (/persist/em/coredumpdir/*.core*)
[06/08/2024 14:51:43.689] DEBUG: [qnx_commands.py->run_qnx_command()] Trying to run: "ls /persist/em/coredumpdir/*.core*" on VCU
[06/08/2024 14:51:44.023] DEBUG: [qnx_commands.py->run_qnx_command()] SystemType.VCU shell command returned: ls: No such file or directory (/persist/em/coredumpdir/*.core*)
[06/08/2024 14:51:44.041] DEBUG: [CoreDumpCollector.py->collect_core_dumps()] Collect core dumps done.
[06/08/2024 14:51:44.048] DEBUG: [qnx_commands.py->run_qnx_command()] Trying to run: "ls /persist/em/coredumpdir/*.core*" on VCU
[06/08/2024 14:51:44.454] DEBUG: [qnx_commands.py->run_qnx_command()] SystemType.VCU shell command returned: ls: No such file or directory (/persist/em/coredumpdir/*.core*)
[06/08/2024 14:51:44.460]  INFO: [CoreDumpCollector.py->clear_core_dumps()] No core dumps found at /persist/em/coredumpdir/*.core*
[06/08/2024 14:51:44.464] DEBUG: [qnx_commands.py->run_qnx_command()] Trying to run: "rm /persist/em/*_core_dumps_*.tgz" on VCU
[06/08/2024 14:51:45.070] DEBUG: [qnx_commands.py->run_qnx_command()] SystemType.VCU shell command returned: /persist/em/*_core_dumps_*.tgz: No such file or directory
[06/08/2024 14:51:45.075] DEBUG: [CoreDumpCollector.py->clear_core_dumps()] Zip files delete command output: /persist/em/*_core_dumps_*.tgz: No such file or directory
[06/08/2024 14:51:45.081] DEBUG: [CoreDumpCollector.py->collect_core_dumps()] Collecting core dumps (if any):
[06/08/2024 14:51:45.087] DEBUG: [CoreDumpCollector.py->check_for_core_dumps()] Looking for core dumps at /var/log/*.core*
[06/08/2024 14:51:45.093] DEBUG: [qnx_commands.py->run_qnx_command()] Trying to run: "ls /var/log/*.core*" on ACP3
[06/08/2024 14:51:45.202] DEBUG: [qnx_commands.py->run_qnx_command()] SystemType.ACP3 shell command returned: ls: No such file or directory (/var/log/*.core*)
[06/08/2024 14:51:45.213] DEBUG: [CoreDumpCollector.py->check_for_core_dumps()] List of files on /var/log/*.core* is: ls: No such file or directory (/var/log/*.core*)
[06/08/2024 14:51:45.220] DEBUG: [qnx_commands.py->run_qnx_command()] Trying to run: "ls /var/log/*.core*" on ACP3
[06/08/2024 14:51:45.423] DEBUG: [qnx_commands.py->run_qnx_command()] SystemType.ACP3 shell command returned: ls: No such file or directory (/var/log/*.core*)
[06/08/2024 14:51:45.427] DEBUG: [CoreDumpCollector.py->collect_core_dumps()] Collect core dumps done.
[06/08/2024 14:51:45.430] DEBUG: [qnx_commands.py->run_qnx_command()] Trying to run: "ls /var/log/*.core*" on ACP3
[06/08/2024 14:51:45.629] DEBUG: [qnx_commands.py->run_qnx_command()] SystemType.ACP3 shell command returned: ls: No such file or directory (/var/log/*.core*)
[06/08/2024 14:51:45.647]  INFO: [CoreDumpCollector.py->clear_core_dumps()] No core dumps found at /var/log/*.core*
[06/08/2024 14:51:45.656] DEBUG: [qnx_commands.py->run_qnx_command()] Trying to run: "rm /C_Partition/*_core_dumps_*.zip" on ACP3
[06/08/2024 14:51:45.844] DEBUG: [qnx_commands.py->run_qnx_command()] SystemType.ACP3 shell command returned: /C_Partition/*_core_dumps_*.zip: No such file or directory
[06/08/2024 14:51:45.848] DEBUG: [CoreDumpCollector.py->clear_core_dumps()] Zip files delete command output: /C_Partition/*_core_dumps_*.zip: No such file or directory
[06/08/2024 14:51:45.854] DEBUG: [adb_wrapper.py->de_init_adb()] adb de-init done
[06/08/2024 14:51:45.861] DEBUG: [DutLogsHandler.py->get_skip_status_and_reset_it()] Skipping post test DUT log export
[06/08/2024 14:51:45.867] DEBUG: [DutLogsHandler.py->clear_log_files_before_test()] Clearing log files
[06/08/2024 14:51:45.873] DEBUG: [qnx_commands.py->run_qnx_command()] Trying to run: "ls /var/log/vpe/rvc_service*.log" on VCU
[06/08/2024 14:51:46.127] DEBUG: [qnx_commands.py->run_qnx_command()] SystemType.VCU shell command returned: ls: No such file or directory (/var/log/vpe/rvc_service*.log)
[06/08/2024 14:51:46.144] DEBUG: [qnx_commands.py->run_qnx_command()] Trying to run: "ls /var/uc_logs*/* /var/uclogs*/*" on ACP3
[06/08/2024 14:51:46.261] DEBUG: [qnx_commands.py->run_qnx_command()] SystemType.ACP3 shell command returned: /var/uc_logs/1_Current_Logs
/var/uc_logs/2021-06-01_00-00-02_ShmemKiller_790560.txt
/var/uc_logs/2021-06-01_00-00-03_CameraDriver_946229.txt
/var/uc_logs/2021-06-01_00-00-03_PubSubManager_929844.txt
/var/uc_logs/2021-06-01_00-00-03_early_rvc_790569.txt
/var/uc_logs/2021-06-01_00-00-06_Acp3S2SGW_1343572.txt
/var/uc_logs/2021-06-01_00-00-06_LogTimeSynchronizer_1323093.txt
/var/uc_logs/2021-06-01_00-00-06_service_vpe_946237.txt
/var/uc_logs/2021-06-01_00-00-11_SNSDiagnosticsCameraDMS_1388632.txt
/var/uc_logs/2021-06-01_00-00-11_isp_1388640.txt
/var/uc_logs/2021-06-01_00-00-11_mlt_main_acp3_1388638.txt
/var/uc_logs/2021-06-01_00-00-11_mot_main_1388636.txt
/var/uc_logs/2021-06-01_00-00-11_perception_events_daemon_1388637.txt
/var/uc_logs/2021-06-01_00-00-11_shadow_app_main_1388639.txt
/var/uc_logs/2021-06-01_00-00-12_SNSDiagnosticsCameraMirrorRight_1388629.txt
/var/uc_logs/2021-06-01_00-00-12_SNSDiagnosticsDMSEmitter_1429605.txt
/var/uc_logs/2021-06-01_00-00-12_detector_rear_short_range_1388635.txt
/var/uc_logs/2021-06-01_00-00-13_SNSDiagnosticsCameraMirrorLeft_1388630.txt
/var/uc_logs/2021-06-01_00-00-13_SNSDiagnosticsSensingXID_1388631.txt
/var/uc_logs/2021-06-01_00-00-14_SNSDiagnosticsCameraGrillFront_1388633.txt
/var/uc_logs/2021-06-01_00-00-14_SNSDiagnosticsCameraLiftGate_1388634.txt
/var/uc_logs/2021-06-01_00-00-14_detector_sides_short_range_1470567.txt
/var/uc_logs/2021-06-01_00-00-20_detector_front_short_range_1491052.txt
/var/uc_logs/2021-06-01_00-00-22_DcuManager_1511535.txt
/var/uc_logs/2021-06-01_00-00-22_PlatformApiAdapter_1511533.txt
/var/uc_logs/2021-06-01_00-00-22_TimeSynchronizer_1511534.txt
/var/uc_logs/2021-06-01_00-00-23_alignCamera2Ground_1511536.txt
/var/uc_logsA/1_Current_Logs
/var/uc_logsA/2021-06-01_00-00-02_ShmemKiller_790560.txt
/var/uc_logsA/2021-06-01_00-00-03_CameraDriver_946229.txt
/var/uc_logsA/2021-06-01_00-00-03_PubSubManager_929844.txt
/var/uc_logsA/2021-06-01_00-00-03_early_rvc_790569.txt
/var/uc_logsA/2021-06-01_00-00-06_Acp3S2SGW_1343572.txt
/var/uc_logsA/2021-06-01_00-00-06_LogTimeSynchronizer_1323093.txt
/var/uc_logsA/2021-06-01_00-00-06_service_vpe_946237.txt
/var/uc_logsA/2021-06-01_00-00-11_SNSDiagnosticsCameraDMS_1388632.txt
/var/uc_logsA/2021-06-01_00-00-11_isp_1388640.txt
/var/uc_logsA/2021-06-01_00-00-11_mlt_main_acp3_1388638.txt
/var/uc_logsA/2021-06-01_00-00-11_mot_main_1388636.txt
/var/uc_logsA/2021-06-01_00-00-11_perception_events_daemon_1388637.txt
/var/uc_logsA/2021-06-01_00-00-11_shadow_app_main_1388639.txt
/var/uc_logsA/2021-06-01_00-00-12_SNSDiagnosticsCameraMirrorRight_1388629.txt
/var/uc_logsA/2021-06-01_00-00-12_SNSDiagnosticsDMSEmitter_1429605.txt
/var/uc_logsA/2021-06-01_00-00-12_detector_rear_short_range_1388635.txt
/var/uc_logsA/2021-06-01_00-00-13_SNSDiagnosticsCameraMirrorLeft_1388630.txt
/var/uc_logsA/2021-06-01_00-00-13_SNSDiagnosticsSensingXID_1388631.txt
/var/uc_logsA/2021-06-01_00-00-14_SNSDiagnosticsCameraGrillFront_1388633.txt
/var/uc_logsA/2021-06-01_00-00-14_SNSDiagnosticsCameraLiftGate_1388634.txt
/var/uc_logsA/2021-06-01_00-00-14_detector_sides_short_range_1470567.txt
/var/uc_logsA/2021-06-01_00-00-20_detector_front_short_range_1491052.txt
/var/uc_logsA/2021-06-01_00-00-22_DcuManager_1511535.txt
/var/uc_logsA/2021-06-01_00-00-22_PlatformApiAdapter_1511533.txt
/var/uc_logsA/2021-06-01_00-00-22_TimeSynchronizer_1511534.txt
/var/uc_logsA/2021-06-01_00-00-23_alignCamera2Ground_1511536.txt
/var/uc_logsB/2021-06-01_00-00-02_ShmemKiller_790560.txt
/var/uc_logsB/2021-06-01_00-00-03_CameraDriver_946229.txt
/var/uc_logsB/2021-06-01_00-00-03_PubSubManager_913460.txt
/var/uc_logsB/2021-06-01_00-00-03_early_rvc_790567.txt
/var/uc_logsB/2021-06-01_00-00-06_Acp3S2SGW_1343573.txt
/var/uc_logsB/2021-06-01_00-00-06_LogTimeSynchronizer_1294419.txt
/var/uc_logsB/2021-06-01_00-00-06_service_vpe_946237.txt
/var/uc_logsB/2021-06-01_00-00-11_SNSDiagnosticsCameraDMS_1392727.txt
/var/uc_logsB/2021-06-01_00-00-11_isp_1392735.txt
/var/uc_logsB/2021-06-01_00-00-11_mlt_main_acp3_1392733.txt
/var/uc_logsB/2021-06-01_00-00-11_mot_main_1392731.txt
/var/uc_logsB/2021-06-01_00-00-11_perception_events_daemon_1392732.txt
/var/uc_logsB/2021-06-01_00-00-11_shadow_app_main_1392734.txt
/var/uc_logsB/2021-06-01_00-00-12_SNSDiagnosticsCameraMirrorRight_1392714.txt
/var/uc_logsB/2021-06-01_00-00-12_SNSDiagnosticsDMSEmitter_1421414.txt
/var/uc_logsB/2021-06-01_00-00-12_detector_rear_short_range_1392730.txt
/var/uc_logsB/2021-06-01_00-00-13_SNSDiagnosticsCameraMirrorLeft_1392723.txt
/var/uc_logsB/2021-06-01_00-00-13_SNSDiagnosticsSensingXID_1392726.txt
/var/uc_logsB/2021-06-01_00-00-14_SNSDiagnosticsCameraGrillFront_1392728.txt
/var/uc_logsB/2021-06-01_00-00-14_SNSDiagnosticsCameraLiftGate_1392729.txt
/var/uc_logsB/2021-06-01_00-00-15_detector_sides_short_range_1474661.txt
/var/uc_logsB/2021-06-01_00-00-20_detector_front_short_range_1495147.txt
/var/uc_logsB/2021-06-01_00-00-22_DcuManager_1515630.txt
/var/uc_logsB/2021-06-01_00-00-22_PlatformApiAdapter_1515628.txt
/var/uc_logsB/2021-06-01_00-00-22_TimeSynchronizer_1515629.txt
/var/uc_logsB/2021-06-01_00-00-23_alignCamera2Ground_1515631.txt
/var/uclogs/1_Current_Logs
/var/uclogs/ACP3 DM Manager logger.log
/var/uclogs/ACP3 PassThrough Manager logger.log
/var/uclogs/ACP3 UCM Manager logger.log
/var/uclogs/ASUM_CommDiag.log
/var/uclogs/ASUM_DM_SafetyAgent.log
/var/uclogs/ASUM_Diag.log
/var/uclogs/ASec.log
/var/uclogs/ASpu.log
/var/uclogs/C2GA.log
/var/uclogs/CAMD.log
/var/uclogs/ConD.log
/var/uclogs/DCUM.log
/var/uclogs/DLTD.log
/var/uclogs/DLTR.log
/var/uclogs/DMSCal.log
/var/uclogs/DMS_Manager.log
/var/uclogs/DV.log
/var/uclogs/DiagNetworkIntegration.log
/var/uclogs/DiagnosticsCameraDMS.log
/var/uclogs/DiagnosticsCameraGrillFront.log
/var/uclogs/DiagnosticsCameraLiftGate.log
/var/uclogs/DiagnosticsCameraMirrorLeft.log
/var/uclogs/DiagnosticsCameraMirrorRight.log
/var/uclogs/DiagnosticsDMSEmitter.log
/var/uclogs/DiagnosticsSensingXID.log
/var/uclogs/EM.log
/var/uclogs/EVNT.log
/var/uclogs/ISP.log
/var/uclogs/LogT.log
/var/uclogs/MLT.log
/var/uclogs/MOT.log
/var/uclogs/MapApp.log
/var/uclogs/MapDataLayer.log
/var/uclogs/MapOTA.log
/var/uclogs/MapRedBend.log
/var/uclogs/MapRouteServer.log
/var/uclogs/NMng.log
/var/uclogs/QQQDiagApp.log
/var/uclogs/S2SG.log
/var/uclogs/SHDW.log
/var/uclogs/SMAT.log
/var/uclogs/SysD.log
/var/uclogs/TSYN.log
/var/uclogs/VExc.log
/var/uclogs/VPER.log
/var/uclogs/VPE_SV.log
/var/uclogs/VPhm.log
/var/uclogs/VSom.log
/var/uclogs/VhFn.log
/var/uclogs/gwdc.log
/var/uclogsA/1_Current_Logs
/var/uclogsA/ACP3 DM Manager logger.log
/var/uclogsA/ACP3 PassThrough Manager logger.log
/var/uclogsA/ACP3 UCM Manager logger.log
/var/uclogsA/ASUM_CommDiag.log
/var/uclogsA/ASUM_DM_SafetyAgent.log
/var/uclogsA/ASUM_Diag.log
/var/uclogsA/ASec.log
/var/uclogsA/ASpu.log
/var/uclogsA/C2GA.log
/var/uclogsA/CAMD.log
/var/uclogsA/ConD.log
/var/uclogsA/DCUM.log
/var/uclogsA/DLTD.log
/var/uclogsA/DLTR.log
/var/uclogsA/DMSCal.log
/var/uclogsA/DMS_Manager.log
/var/uclogsA/DV.log
/var/uclogsA/DiagNetworkIntegration.log
/var/uclogsA/DiagnosticsCameraDMS.log
/var/uclogsA/DiagnosticsCameraGrillFront.log
/var/uclogsA/DiagnosticsCameraLiftGate.log
/var/uclogsA/DiagnosticsCameraMirrorLeft.log
/var/uclogsA/DiagnosticsCameraMirrorRight.log
/var/uclogsA/DiagnosticsDMSEmitter.log
/var/uclogsA/DiagnosticsSensingXID.log
/var/uclogsA/EM.log
/var/uclogsA/EVNT.log
/var/uclogsA/ISP.log
/var/uclogsA/LogT.log
/var/uclogsA/MLT.log
/var/uclogsA/MOT.log
/var/uclogsA/MapApp.log
/var/uclogsA/MapDataLayer.log
/var/uclogsA/MapOTA.log
/var/uclogsA/MapRedBend.log
/var/uclogsA/MapRouteServer.log
/var/uclogsA/NMng.log
/var/uclogsA/QQQDiagApp.log
/var/uclogsA/S2SG.log
/var/uclogsA/SHDW.log
/var/uclogsA/SMAT.log
/var/uclogsA/SysD.log
/var/uclogsA/TSYN.log
/var/uclogsA/VExc.log
/var/uclogsA/VPER.log
/var/uclogsA/VPE_SV.log
/var/uclogsA/VPhm.log
/var/uclogsA/VSom.log
/var/uclogsA/VhFn.log
/var/uclogsA/gwdc.log
/var/uclogsB/ACP3
/var/uclogsB/ACP3 DM Manager logger.log
/var/uclogsB/ACP3 PassThrough Manager logger.log
/var/uclogsB/ACP3 UCM Manager logger.log
/var/uclogsB/ASUM_CommDiag.log
/var/uclogsB/ASUM_DM_SafetyAgent.log
/var/uclogsB/ASUM_Diag.log
/var/uclogsB/ASec.log
/var/uclogsB/ASpu.log
/var/uclogsB/C2GA.log
/var/uclogsB/CAMD.log
/var/uclogsB/ConD.log
/var/uclogsB/DCUM.log
/var/uclogsB/DLTD.log
/var/uclogsB/DLTR.log
/var/uclogsB/DMSCal.log
/var/uclogsB/DMS_Manager.log
/var/uclogsB/DV.log
/var/uclogsB/DiagNetworkIntegration.log
/var/uclogsB/DiagnosticsCameraDMS.log
/var/uclogsB/DiagnosticsCameraGrillFront.log
/var/uclogsB/DiagnosticsCameraLiftGate.log
/var/uclogsB/DiagnosticsCameraMirrorLeft.log
/var/uclogsB/DiagnosticsCameraMirrorRight.log
/var/uclogsB/DiagnosticsDMSEmitter.log
/var/uclogsB/DiagnosticsSensingXID.log
/var/uclogsB/EM.log
/var/uclogsB/EVNT.log
/var/uclogsB/ISP.log
/var/uclogsB/LogT.log
/var/uclogsB/MLT.log
/var/uclogsB/MOT.log
/var/uclogsB/MapApp.log
/var/uclogsB/MapDataLayer.log
/var/uclogsB/MapOTA.log
/var/uclogsB/MapRedBend.log
/var/uclogsB/MapRouteServer.log
/var/uclogsB/NMng.log
/var/uclogsB/QQQDiagApp.log
/var/uclogsB/S2SG.log
/var/uclogsB/SHDW.log
/var/uclogsB/SMAT.log
/var/uclogsB/SysD.log
/var/uclogsB/TSYN.log
/var/uclogsB/VExc.log
/var/uclogsB/VPER.log
/var/uclogsB/VPE_SV.log
/var/uclogsB/VPhm.log
/var/uclogsB/VSom.log
/var/uclogsB/VhFn.log
/var/uclogsB/gwdc.log
[06/08/2024 14:51:46.268] DEBUG: [DutLogsHandler.py->clear_uc_logs()] Clear /var/uc_logs*/* /var/uclogs*/* logs files
[06/08/2024 14:51:46.273] DEBUG: [qnx_commands.py->run_qnx_command()] Trying to run: "ls /var/uc_logs*/* /var/uclogs*/*" on ACP3
[06/08/2024 14:51:46.510] DEBUG: [qnx_commands.py->run_qnx_command()] SystemType.ACP3 shell command returned: /var/uc_logs/1_Current_Logs
/var/uc_logs/2021-06-01_00-00-02_ShmemKiller_790560.txt
/var/uc_logs/2021-06-01_00-00-03_CameraDriver_946229.txt
/var/uc_logs/2021-06-01_00-00-03_PubSubManager_929844.txt
/var/uc_logs/2021-06-01_00-00-03_early_rvc_790569.txt
/var/uc_logs/2021-06-01_00-00-06_Acp3S2SGW_1343572.txt
/var/uc_logs/2021-06-01_00-00-06_LogTimeSynchronizer_1323093.txt
/var/uc_logs/2021-06-01_00-00-06_service_vpe_946237.txt
/var/uc_logs/2021-06-01_00-00-11_SNSDiagnosticsCameraDMS_1388632.txt
/var/uc_logs/2021-06-01_00-00-11_isp_1388640.txt
/var/uc_logs/2021-06-01_00-00-11_mlt_main_acp3_1388638.txt
/var/uc_logs/2021-06-01_00-00-11_mot_main_1388636.txt
/var/uc_logs/2021-06-01_00-00-11_perception_events_daemon_1388637.txt
/var/uc_logs/2021-06-01_00-00-11_shadow_app_main_1388639.txt
/var/uc_logs/2021-06-01_00-00-12_SNSDiagnosticsCameraMirrorRight_1388629.txt
/var/uc_logs/2021-06-01_00-00-12_SNSDiagnosticsDMSEmitter_1429605.txt
/var/uc_logs/2021-06-01_00-00-12_detector_rear_short_range_1388635.txt
/var/uc_logs/2021-06-01_00-00-13_SNSDiagnosticsCameraMirrorLeft_1388630.txt
/var/uc_logs/2021-06-01_00-00-13_SNSDiagnosticsSensingXID_1388631.txt
/var/uc_logs/2021-06-01_00-00-14_SNSDiagnosticsCameraGrillFront_1388633.txt
/var/uc_logs/2021-06-01_00-00-14_SNSDiagnosticsCameraLiftGate_1388634.txt
/var/uc_logs/2021-06-01_00-00-14_detector_sides_short_range_1470567.txt
/var/uc_logs/2021-06-01_00-00-20_detector_front_short_range_1491052.txt
/var/uc_logs/2021-06-01_00-00-22_DcuManager_1511535.txt
/var/uc_logs/2021-06-01_00-00-22_PlatformApiAdapter_1511533.txt
/var/uc_logs/2021-06-01_00-00-22_TimeSynchronizer_1511534.txt
/var/uc_logs/2021-06-01_00-00-23_alignCamera2Ground_1511536.txt
/var/uc_logsA/1_Current_Logs
/var/uc_logsA/2021-06-01_00-00-02_ShmemKiller_790560.txt
/var/uc_logsA/2021-06-01_00-00-03_CameraDriver_946229.txt
/var/uc_logsA/2021-06-01_00-00-03_PubSubManager_929844.txt
/var/uc_logsA/2021-06-01_00-00-03_early_rvc_790569.txt
/var/uc_logsA/2021-06-01_00-00-06_Acp3S2SGW_1343572.txt
/var/uc_logsA/2021-06-01_00-00-06_LogTimeSynchronizer_1323093.txt
/var/uc_logsA/2021-06-01_00-00-06_service_vpe_946237.txt
/var/uc_logsA/2021-06-01_00-00-11_SNSDiagnosticsCameraDMS_1388632.txt
/var/uc_logsA/2021-06-01_00-00-11_isp_1388640.txt
/var/uc_logsA/2021-06-01_00-00-11_mlt_main_acp3_1388638.txt
/var/uc_logsA/2021-06-01_00-00-11_mot_main_1388636.txt
/var/uc_logsA/2021-06-01_00-00-11_perception_events_daemon_1388637.txt
/var/uc_logsA/2021-06-01_00-00-11_shadow_app_main_1388639.txt
/var/uc_logsA/2021-06-01_00-00-12_SNSDiagnosticsCameraMirrorRight_1388629.txt
/var/uc_logsA/2021-06-01_00-00-12_SNSDiagnosticsDMSEmitter_1429605.txt
/var/uc_logsA/2021-06-01_00-00-12_detector_rear_short_range_1388635.txt
/var/uc_logsA/2021-06-01_00-00-13_SNSDiagnosticsCameraMirrorLeft_1388630.txt
/var/uc_logsA/2021-06-01_00-00-13_SNSDiagnosticsSensingXID_1388631.txt
/var/uc_logsA/2021-06-01_00-00-14_SNSDiagnosticsCameraGrillFront_1388633.txt
/var/uc_logsA/2021-06-01_00-00-14_SNSDiagnosticsCameraLiftGate_1388634.txt
/var/uc_logsA/2021-06-01_00-00-14_detector_sides_short_range_1470567.txt
/var/uc_logsA/2021-06-01_00-00-20_detector_front_short_range_1491052.txt
/var/uc_logsA/2021-06-01_00-00-22_DcuManager_1511535.txt
/var/uc_logsA/2021-06-01_00-00-22_PlatformApiAdapter_1511533.txt
/var/uc_logsA/2021-06-01_00-00-22_TimeSynchronizer_1511534.txt
/var/uc_logsA/2021-06-01_00-00-23_alignCamera2Ground_1511536.txt
/var/uc_logsB/2021-06-01_00-00-02_ShmemKiller_790560.txt
/var/uc_logsB/2021-06-01_00-00-03_CameraDriver_946229.txt
/var/uc_logsB/2021-06-01_00-00-03_PubSubManager_913460.txt
/var/uc_logsB/2021-06-01_00-00-03_early_rvc_790567.txt
/var/uc_logsB/2021-06-01_00-00-06_Acp3S2SGW_1343573.txt
/var/uc_logsB/2021-06-01_00-00-06_LogTimeSynchronizer_1294419.txt
/var/uc_logsB/2021-06-01_00-00-06_service_vpe_946237.txt
/var/uc_logsB/2021-06-01_00-00-11_SNSDiagnosticsCameraDMS_1392727.txt
/var/uc_logsB/2021-06-01_00-00-11_isp_1392735.txt
/var/uc_logsB/2021-06-01_00-00-11_mlt_main_acp3_1392733.txt
/var/uc_logsB/2021-06-01_00-00-11_mot_main_1392731.txt
/var/uc_logsB/2021-06-01_00-00-11_perception_events_daemon_1392732.txt
/var/uc_logsB/2021-06-01_00-00-11_shadow_app_main_1392734.txt
/var/uc_logsB/2021-06-01_00-00-12_SNSDiagnosticsCameraMirrorRight_1392714.txt
/var/uc_logsB/2021-06-01_00-00-12_SNSDiagnosticsDMSEmitter_1421414.txt
/var/uc_logsB/2021-06-01_00-00-12_detector_rear_short_range_1392730.txt
/var/uc_logsB/2021-06-01_00-00-13_SNSDiagnosticsCameraMirrorLeft_1392723.txt
/var/uc_logsB/2021-06-01_00-00-13_SNSDiagnosticsSensingXID_1392726.txt
/var/uc_logsB/2021-06-01_00-00-14_SNSDiagnosticsCameraGrillFront_1392728.txt
/var/uc_logsB/2021-06-01_00-00-14_SNSDiagnosticsCameraLiftGate_1392729.txt
/var/uc_logsB/2021-06-01_00-00-15_detector_sides_short_range_1474661.txt
/var/uc_logsB/2021-06-01_00-00-20_detector_front_short_range_1495147.txt
/var/uc_logsB/2021-06-01_00-00-22_DcuManager_1515630.txt
/var/uc_logsB/2021-06-01_00-00-22_PlatformApiAdapter_1515628.txt
/var/uc_logsB/2021-06-01_00-00-22_TimeSynchronizer_1515629.txt
/var/uc_logsB/2021-06-01_00-00-23_alignCamera2Ground_1515631.txt
/var/uclogs/1_Current_Logs
/var/uclogs/ACP3 DM Manager logger.log
/var/uclogs/ACP3 PassThrough Manager logger.log
/var/uclogs/ACP3 UCM Manager logger.log
/var/uclogs/ASUM_CommDiag.log
/var/uclogs/ASUM_DM_SafetyAgent.log
/var/uclogs/ASUM_Diag.log
/var/uclogs/ASec.log
/var/uclogs/ASpu.log
/var/uclogs/C2GA.log
/var/uclogs/CAMD.log
/var/uclogs/ConD.log
/var/uclogs/DCUM.log
/var/uclogs/DLTD.log
/var/uclogs/DLTR.log
/var/uclogs/DMSCal.log
/var/uclogs/DMS_Manager.log
/var/uclogs/DV.log
/var/uclogs/DiagNetworkIntegration.log
/var/uclogs/DiagnosticsCameraDMS.log
/var/uclogs/DiagnosticsCameraGrillFront.log
/var/uclogs/DiagnosticsCameraLiftGate.log
/var/uclogs/DiagnosticsCameraMirrorLeft.log
/var/uclogs/DiagnosticsCameraMirrorRight.log
/var/uclogs/DiagnosticsDMSEmitter.log
/var/uclogs/DiagnosticsSensingXID.log
/var/uclogs/EM.log
/var/uclogs/EVNT.log
/var/uclogs/ISP.log
/var/uclogs/LogT.log
/var/uclogs/MLT.log
/var/uclogs/MOT.log
/var/uclogs/MapApp.log
/var/uclogs/MapDataLayer.log
/var/uclogs/MapOTA.log
/var/uclogs/MapRedBend.log
/var/uclogs/MapRouteServer.log
/var/uclogs/NMng.log
/var/uclogs/QQQDiagApp.log
/var/uclogs/S2SG.log
/var/uclogs/SHDW.log
/var/uclogs/SMAT.log
/var/uclogs/SysD.log
/var/uclogs/TSYN.log
/var/uclogs/VExc.log
/var/uclogs/VPER.log
/var/uclogs/VPE_SV.log
/var/uclogs/VPhm.log
/var/uclogs/VSom.log
/var/uclogs/VhFn.log

----------------------------------------------------------------------------------------------------------
artifact_dir_path='D:\\projects\\vvi-automation\\VPM_Automation_Logs\\test_cold_boot_park_vcu_m_AVVP171263-30771'
Setting test directory to D:\projects\vvi-automation\VPM_Automation_Logs\test_cold_boot_park_vcu_m_AVVP171263-30771
[06/08/2024 14:20:42.042]  INFO: [PreTest.py->run_pre_test()] Start Pre Test Method
[06/08/2024 14:20:43.075]  INFO: [PreTest.py->run_pre_test()] Test [test_cold_boot_park_vcu_m_AVVP171263-30771] Running on Host [ILHERWDCS347TW0] with the following IP Address [10.67.65.171, 172.16.1.200, 172.16.4.99]
[06/08/2024 14:20:43.080]  INFO: [PreTest.py->run_pre_test()] Starting Pre Test Method
[06/08/2024 14:20:43.084] DEBUG: [conf_matcher.py->get_conf()] Configuration: vcum_fb_my24 found, returning configuration: ConfMatcher.vcum_fb_my24
[06/08/2024 14:20:43.093] DEBUG: [VpmPrePostTest.py->run_rvc_pre_test()] VCU PRE TEST *****************************************
[06/08/2024 14:20:43.097] DEBUG: [VpmPrePostTest.py->run_rvc_pre_test()] ACP3 PRE TEST *****************************************
[06/08/2024 14:20:43.101]  INFO: [VpmPrePostTest.py->run_rvc_pre_test()] Configuration File was loaded for: [vcum_fb_my24] with values: BenchConf(VCU=VcuConf(active=True, dut_type='VCU', dut_connection=HostConnection(dut_ip_address='172.16.4.101', host_user_name='root', host_user_password=''), hw_platform_type='B3', hw_platform_level='MID', hw_config_pn='0051001600000000', product_flavor='8155_la_VCU', release_overrides_baseline_path='\\\\nam.isrisln01a.iha.eup.gm.com\\nam_gpd_0000000_data001\\IPCG_TRC\\Validation_Team\\RVC_Release_Default_Overrides\\overrides_baselines'), ACP3=AcpConf(active=True, dut_type='ACP3', dut_connection=HostConnection(dut_ip_address='172.16.1.246', host_user_name='root', host_user_password='root')), General=GeneralConf(vehicle_simulator_type='VSPY', vehicle_simulator_enabled=True, external_camera_enabled=True, external_camera_port=0, full_bench=True, full_bench_global_b=True, slim_bench_with_relay=False, lvds_switch_enabled=False, vspy_model='\\\\nam.isrisln01a.iha.eup.gm.com\\nam_gpd_0000000_data001\\IPCG_TRC\\Users\\4_VSPY_Model\\PPM Model ATCI Setup Global_B_2024_With_STR.vs3zip', vspy_input='Infra\\VSPY\\Data\\VehicleSpyInput_May_4_MY24.json', vpm=False, print_console_log_content=True), LVDS=LvdsConf(Rear=LvdsSwitchConf(lvds_switch_com_port=0, channel_map={'channel 1': None, 'channel 2': None, 'channel 3': None, 'channel 4': None, 'channel 5': None, 'channel 6': None, 'channel 7': None, 'channel 8': None})))
[06/08/2024 14:20:43.106] DEBUG: [vehicle_simulator_wrapper.py->assign_simulator()] Running With VSPY as Car Simulator using VehicleSimulatorVspy
[06/08/2024 14:20:43.112]  INFO: [VSPY_app_launcher.py->launch_vehicle_simulator_app_and_check_vehicle_movement()] Launch vspy app and check vehicle movement is in park
[06/08/2024 14:20:43.116] DEBUG: [VSPY_commands.py->de_init()] De-Initializing Vehicle Spy
[06/08/2024 14:20:43.121] DEBUG: [VSPY_commands.py->stop_socket_client()] VSPY Socket was previously closed
[06/08/2024 14:20:43.832] DEBUG: [VSPY_commands.py->close_vspy_model()] Close vspy model. kill process name [vspy3.exe]
[06/08/2024 14:20:43.854] DEBUG: [VSPY_app_launcher.py->launch_vehicle_simulator_app_and_check_vehicle_movement()] Launch vspy app. Turn on system power on .System should be in Run or Propulsion mode
[06/08/2024 14:20:43.862]  INFO: [VehicleManagerController.py->get_vehicle_sub_class()] Vehicle Manager Controller. Bench system type [BenchSystemType.FULL_BENCH]
[06/08/2024 14:20:43.867] DEBUG: [VSPY_commands.py->get_json_file_path()] JSON file path found: D:\projects\vvi-automation\Infra\VSPY\Data\VehicleSpyInput_May_4_MY24.json
[06/08/2024 14:20:43.874] DEBUG: [json_editor.py->init_data_from_file()] Loading Json File [D:\projects\vvi-automation\Infra\VSPY\Data\VehicleSpyInput_May_4_MY24.json]
[06/08/2024 14:20:43.880] DEBUG: [json_editor.py->validate_json()] Loading Json File [D:\projects\vvi-automation\Infra\VSPY\Data\VehicleSpySchema.json]
[06/08/2024 14:20:43.887] DEBUG: [json_editor.py->validate_json()] Given JSON data is Valid
[06/08/2024 14:20:44.589]  INFO: [VSPY_commands.py->get_model_file_path()] Get Model file path [\\nam.isrisln01a.iha.eup.gm.com\nam_gpd_0000000_data001\IPCG_TRC\Users\4_VSPY_Model\PPM Model ATCI Setup Global_B_2024_With_STR.vs3zip]
[06/08/2024 14:20:44.647]  INFO: [VSPY_commands.py->get_model_file_path()] Copy Model file path to local path [D:\projects\vvi-automation\Infra\VSPY\PPM Model ATCI Setup Global_B_2024_With_STR.vs3zip]
[06/08/2024 14:20:44.735]  INFO: [VSPY_commands.py->launch_vehicle_spy_application()] Open VSPY model from path: D:\projects\vvi-automation\Infra\VSPY\PPM Model ATCI Setup Global_B_2024_With_STR.vs3zip
[06/08/2024 14:21:00.263]  INFO: [VSPY_commands.py->start_socket_client()] Starting Socket Client For VSpy Text API Service, Server IP=[127.0.0.1], Socket Port=[8000]
[06/08/2024 14:21:00.271] DEBUG: [VSPY_commands.py->start_socket_client()] Connected to API Text server Socket on Host [127.0.0.1] Port [8000]
[06/08/2024 14:21:00.276] DEBUG: [VSPY_commands.py->set_vspy_to_go_online()] VSPY goes online. Run start command
[06/08/2024 14:21:10.487]  INFO: [VSPY_commands.py->init()] VSPY version:  3.9.11.11.
[06/08/2024 14:21:10.494]  INFO: [VSPY_signals_mapping.py->check_signals_mapping_is_correct()] Skip method - check_signals_mapping_is_correct
[06/08/2024 14:21:10.502]  INFO: [RemotePowerController.py->get_power_controller()] Remote Power Controller. Bench system type [FULL_BENCH_USB]
[06/08/2024 14:21:10.507] DEBUG: [VSPY_commands.py->init()] Vehicle Spy already initialized, no need to re-init...
[06/08/2024 14:21:10.513] DEBUG: [VehicleControllerFullBench.py->reset_system()] Start - Resets Full Bench
[06/08/2024 14:21:10.518] DEBUG: [VehicleControllerFullBench.py->reset_system()] Turn off all ecus - Resets Full Bench
[06/08/2024 14:21:10.535] DEBUG: [USBRelay.py->get_relay_com_port_from_config()] USB Relay COM Port from Config is: COM38
[06/08/2024 14:21:10.676] DEBUG: [dae_RelayBoard_VCP.py->initialise()] Relay port is : COM38
[06/08/2024 14:21:11.151] DEBUG: [USBRelay.py->set_relay()] Changed channel Start to On successfully
[06/08/2024 14:21:12.112] DEBUG: [USBRelay.py->set_relay()] Changed channel Start to Off successfully
[06/08/2024 14:21:12.583] DEBUG: [USBRelay.py->set_relay()] Changed channel Doors_Ajar to On successfully
[06/08/2024 14:21:13.554] DEBUG: [USBRelay.py->set_relay()] Changed channel Doors_Ajar to Off successfully
[06/08/2024 14:21:13.572] DEBUG: [VehicleControllerFullBench.py->set_system_power_mode_off()]  --- Set the system power mode to off --
[06/08/2024 14:21:13.583]  INFO: [ClientPowerFullBench.py->set_off_mode()] Set to Off mode in full Bench setup
[06/08/2024 14:21:14.044] DEBUG: [USBRelay.py->set_relay()] Changed channel DisplayFreeForm to Off successfully
[06/08/2024 14:21:15.007] DEBUG: [USBRelay.py->set_relay()] Changed channel DisplayRectangle to Off successfully
[06/08/2024 14:21:15.967] DEBUG: [USBRelay.py->set_relay()] Changed channel CGM to Off successfully
[06/08/2024 14:21:16.927] DEBUG: [USBRelay.py->set_relay()] Changed channel TCP to Off successfully
[06/08/2024 14:21:17.896] DEBUG: [USBRelay.py->set_relay()] Changed channel Brake to Off successfully
[06/08/2024 14:21:18.859] DEBUG: [USBRelay.py->set_relay()] Changed channel Brake_2 to Off successfully
[06/08/2024 14:21:19.828] DEBUG: [USBRelay.py->set_relay()] Changed channel Start to Off successfully
[06/08/2024 14:21:20.799] DEBUG: [USBRelay.py->set_relay()] Changed channel Start_2 to Off successfully
[06/08/2024 14:21:21.769] DEBUG: [USBRelay.py->set_relay()] Changed channel Doors_Ajar to Off successfully
[06/08/2024 14:21:22.729] DEBUG: [USBRelay.py->set_relay()] Changed channel BCM to Off successfully
[06/08/2024 14:21:23.689] DEBUG: [USBRelay.py->set_relay()] Changed channel CSM to Off successfully
[06/08/2024 14:21:24.661] DEBUG: [USBRelay.py->set_relay()] Changed channel ACP3 to Off successfully
[06/08/2024 14:21:25.626] DEBUG: [USBRelay.py->set_relay()] Changed channel Start_3 to Off successfully
[06/08/2024 14:21:26.586] DEBUG: [USBRelay.py->set_relay()] Changed channel Start_4 to Off successfully
[06/08/2024 14:21:27.558] DEBUG: [USBRelay.py->set_relay()] Changed channel Channel_15 to Off successfully
[06/08/2024 14:21:28.521] DEBUG: [USBRelay.py->set_relay()] Changed channel Hardwire_Reverse to Off successfully
[06/08/2024 14:21:29.027] DEBUG: [VSPY_commands.py->stop_vspy_online()] VSPY goes online. Run stop command
[06/08/2024 14:21:41.949] DEBUG: [VSPY_commands.py->set_vspy_to_go_online()] VSPY goes online. Run start command
[06/08/2024 14:21:52.157] DEBUG: [VSPY_commands.py->check_db_signal_in_current_values()] Actual signal value [Off]. Check DB Signal SysPwrMode_Prtctd_PDU->SPMP_SysPwrModeAuth  with command: [db(db5494).sg(13).value?]
[06/08/2024 14:21:52.164] DEBUG: [VSPY_commands.py->check_db_signal_in_current_values()] Signal value [Off] found in expected values: ['Off']
[06/08/2024 14:21:52.169] DEBUG: [VSPY_commands.py->check_db_signal()] Check DB Signal [PDU_5062->InfoSysStat] matches value: [Sleep] with command: [db(db3324).sg(3).value?]
[06/08/2024 14:21:52.376]  INFO: [ClientPowerFullBench.py->set_power_mode_on()] Set to Run mode in full Bench setup
[06/08/2024 14:21:52.396] DEBUG: [USBRelay.py->full_start_engine()] full_start_engine() MY24 Full start engine. Perform full start engine via USB relay
[06/08/2024 14:21:52.407] DEBUG: [USBRelay.py->set_all_ecus()] set_all_ecus
[06/08/2024 14:21:52.969] DEBUG: [USBRelay.py->set_relay()] Changed channel ACP3 to On successfully
[06/08/2024 14:21:53.541] DEBUG: [USBRelay.py->set_relay()] Changed channel BCM to On successfully
[06/08/2024 14:21:54.103] DEBUG: [USBRelay.py->set_relay()] Changed channel CGM to On successfully
[06/08/2024 14:21:54.666] DEBUG: [USBRelay.py->set_relay()] Changed channel CSM to On successfully
[06/08/2024 14:21:55.126] DEBUG: [USBRelay.py->set_relay()] Changed channel Doors_Ajar to On successfully
[06/08/2024 14:21:56.099] DEBUG: [USBRelay.py->set_relay()] Changed channel Doors_Ajar to Off successfully
[06/08/2024 14:21:56.568] DEBUG: [USBRelay.py->set_relay()] Changed channel Brake to On successfully
[06/08/2024 14:21:57.030] DEBUG: [USBRelay.py->set_relay()] Changed channel Start to On successfully
[06/08/2024 14:21:59.494] DEBUG: [USBRelay.py->set_relay()] Changed channel Start to Off successfully
[06/08/2024 14:21:59.953] DEBUG: [USBRelay.py->set_relay()] Changed channel Brake to Off successfully
[06/08/2024 14:21:59.973] DEBUG: [VSPY_commands.py->check_db_signal_in_current_values()] Actual signal value [Run]. Check DB Signal SysPwrMode_Prtctd_PDU->SPMP_SysPwrModeAuth  with command: [db(db5494).sg(13).value?]
[06/08/2024 14:21:59.985] DEBUG: [VSPY_commands.py->check_db_signal_in_current_values()] Signal value [Run] found in expected values: ['Run', 'Propulsion']
[06/08/2024 14:21:59.992] DEBUG: [VSPY_commands.py->check_db_signal_in_current_values()] Actual signal value [AnimationInit]. Check DB Signal PDU_5062->InfoSysStat  with command: [db(db3324).sg(3).value?]
[06/08/2024 14:22:02.011] DEBUG: [VSPY_commands.py->check_db_signal_in_current_values()] Actual signal value [Run]. Check DB Signal SysPwrMode_Prtctd_PDU->SPMP_SysPwrModeAuth  with command: [db(db5494).sg(13).value?]
[06/08/2024 14:22:02.021] DEBUG: [VSPY_commands.py->check_db_signal_in_current_values()] Signal value [Run] found in expected values: ['Run', 'Propulsion']
[06/08/2024 14:22:02.031] DEBUG: [VSPY_commands.py->check_db_signal_in_current_values()] Actual signal value [AnimationInit]. Check DB Signal PDU_5062->InfoSysStat  with command: [db(db3324).sg(3).value?]
[06/08/2024 14:22:04.047] DEBUG: [VSPY_commands.py->check_db_signal_in_current_values()] Actual signal value [Run]. Check DB Signal SysPwrMode_Prtctd_PDU->SPMP_SysPwrModeAuth  with command: [db(db5494).sg(13).value?]
[06/08/2024 14:22:04.068] DEBUG: [VSPY_commands.py->check_db_signal_in_current_values()] Signal value [Run] found in expected values: ['Run', 'Propulsion']
[06/08/2024 14:22:04.078] DEBUG: [VSPY_commands.py->check_db_signal_in_current_values()] Actual signal value [AnimationInit]. Check DB Signal PDU_5062->InfoSysStat  with command: [db(db3324).sg(3).value?]
[06/08/2024 14:22:06.087] DEBUG: [VSPY_commands.py->check_db_signal_in_current_values()] Actual signal value [Run]. Check DB Signal SysPwrMode_Prtctd_PDU->SPMP_SysPwrModeAuth  with command: [db(db5494).sg(13).value?]
[06/08/2024 14:22:06.102] DEBUG: [VSPY_commands.py->check_db_signal_in_current_values()] Signal value [Run] found in expected values: ['Run', 'Propulsion']
[06/08/2024 14:22:06.112] DEBUG: [VSPY_commands.py->check_db_signal_in_current_values()] Actual signal value [Run]. Check DB Signal PDU_5062->InfoSysStat  with command: [db(db3324).sg(3).value?]
[06/08/2024 14:22:06.119] DEBUG: [VSPY_commands.py->check_db_signal_in_current_values()] Signal value [Run] found in expected values: ['Run', 'Propulsion']
[06/08/2024 14:22:06.126] DEBUG: [Utils.py->run_action_multiple_times()] Run action name: is_system_in_run_or_propulsion_mode({'self': <Utils.Test_Equipment.VehicleManagerController.VehicleControllerFullBench.VehicleControllerFullBench object at 0x000001CC48897E90>}). Number of retries : 4 .Total time of [8] seconds.
[06/08/2024 14:22:06.133] DEBUG: [VehicleControllerFullBench.py->reset_system()] End - Resets Full Bench.Return value True
[06/08/2024 14:22:06.138] DEBUG: [VSPY_commands.py->check_db_signal()] Check DB Signal [SrlDat6_Prtctd_PDU->VMMP_VehMtnMvmtStatAuth] matches value: [Parked] with command: [db(db5466).sg(8).value?]
[06/08/2024 14:22:06.969] DEBUG: [VpmPrePostTest.py->ecu_health_check()] ---- Start ECU health check
[06/08/2024 14:22:06.974] DEBUG: [qnx_commands.py->run_qnx_command()] Trying to run: "echo telnet_available" on ACP3
[06/08/2024 14:22:06.981] DEBUG: [ping_util.py->__init__()] Starting Ping with log to VCU
[06/08/2024 14:22:07.554] DEBUG: [ssh_command.py->__run_ssh_command_core()] New Connection has been created to 172.16.1.246
[06/08/2024 14:22:07.714] DEBUG: [qnx_commands.py->run_qnx_command()] SystemType.ACP3 shell command returned: telnet_available
[06/08/2024 14:22:07.720]  INFO: [qnx_commands.py->check_qnx_available()] QNX connection [ACP3] is Available.
[06/08/2024 14:22:07.726] DEBUG: [ACP3.py->sync_acp3_clock()] Setting QNX date to: 080614222024.07
[06/08/2024 14:22:07.734] DEBUG: [qnx_commands.py->run_qnx_command()] Trying to run: "/mnt/bin/date 080614222024.07" on ACP3
[06/08/2024 14:22:08.132] DEBUG: [qnx_commands.py->run_qnx_command()] SystemType.ACP3 shell command returned: Tue Aug 06 14:22:07 GMT 2024
[06/08/2024 14:22:08.138] DEBUG: [VSPY_commands.py->check_db_signal_in_current_values()] Actual signal value [Run]. Check DB Signal SysPwrMode_Prtctd_PDU->SPMP_SysPwrModeAuth  with command: [db(db5494).sg(13).value?]
[06/08/2024 14:22:08.143] DEBUG: [VSPY_commands.py->check_db_signal_in_current_values()] Signal value [Run] found in expected values: ['Run', 'Propulsion']
[06/08/2024 14:22:08.148] DEBUG: [VSPY_commands.py->check_db_signal_in_current_values()] Actual signal value [Run]. Check DB Signal PDU_5062->InfoSysStat  with command: [db(db3324).sg(3).value?]
[06/08/2024 14:22:08.152] DEBUG: [VSPY_commands.py->check_db_signal_in_current_values()] Signal value [Run] found in expected values: ['Run', 'Propulsion']
[06/08/2024 14:22:08.157] DEBUG: [qnx_commands.py->run_qnx_command()] Trying to run: "echo telnet_available" on VCU
[06/08/2024 14:22:08.842] DEBUG: [ssh_command.py->__run_ssh_command_core()] New Connection has been created to 172.16.4.101
[06/08/2024 14:22:09.122] DEBUG: [qnx_commands.py->run_qnx_command()] SystemType.VCU shell command returned: telnet_available
[06/08/2024 14:22:09.134]  INFO: [qnx_commands.py->check_qnx_available()] QNX connection [VCU] is Available.
[06/08/2024 14:22:09.141] DEBUG: [adb_wrapper.py->__set_adb_device()] Connecting to ADB Device at IP Address [172.16.4.100]
[06/08/2024 14:22:09.245] DEBUG: [adb_wrapper.py->__check_connected_to_adb()] Failed to connect to ADB device. Reconnecting...
[06/08/2024 14:22:09.250] DEBUG: [adb_wrapper.py->de_init_adb()] adb de-init done
[06/08/2024 14:22:09.255] DEBUG: [adb_wrapper.py->__set_adb_device()] Connecting to ADB Device at IP Address [172.16.4.100]
[06/08/2024 14:22:09.260] DEBUG: [adb_wrapper.py->__adb_device_connect()] Trying to connect to ADB
[06/08/2024 14:22:10.273] DEBUG: [adb_wrapper.py->__check_connected_to_adb()] Failed to connect to ADB device. Reconnecting...
[06/08/2024 14:22:10.279] DEBUG: [adb_wrapper.py->de_init_adb()] adb de-init done
[06/08/2024 14:22:10.284] DEBUG: [adb_wrapper.py->__set_adb_device()] Connecting to ADB Device at IP Address [172.16.4.100]
[06/08/2024 14:22:10.289] DEBUG: [adb_wrapper.py->__adb_device_connect()] Unable to connect to ADB - retry 1 of 5
[06/08/2024 14:22:10.294] DEBUG: [testing_logs_utils.py->logged_sleep()] Sleeping for 60 seconds
[06/08/2024 14:23:10.306] DEBUG: [testing_logs_utils.py->logged_sleep()] Done sleeping
[06/08/2024 14:23:10.347] DEBUG: [adb_wrapper.py->run_command()] ADB: Trying to run: "echo ADB available"
[06/08/2024 14:23:10.376] DEBUG: [adb_wrapper.py->run_command()] ADB shell command returned: ADB available

[06/08/2024 14:23:10.386] DEBUG: [VCU_controller.py->check_vcu_available()] VCU ADB is available
[06/08/2024 14:23:10.393] DEBUG: [VCU_controller.py->check_vcu_available()] Skip "display is on" verification
[06/08/2024 14:23:10.399] DEBUG: [VCU_controller.py->bring_vcu_to_adb()] VCU is available
[06/08/2024 14:23:10.404] DEBUG: [VSPY_commands.py->init()] Vehicle Spy already initialized, no need to re-init...
[06/08/2024 14:23:10.409]  INFO: [dut.py->print_connected_device()] Successfully Wakeup Vehicle Simulator Wrapper and Connected to Full Bench
[06/08/2024 14:23:10.414] DEBUG: [ping_util.py->__init__()] Starting Ping with log to ACP3
[06/08/2024 14:23:10.420]  WARN: [Utils.py->__add_tag_to_vpe_service_log()] ACP3 is not available, skips write to dlt log
[06/08/2024 14:23:10.425] DEBUG: [qnx_commands.py->run_qnx_command()] Trying to run: "echo "[06-08-2024_14-23-10] [Automation execution] [info] AnyLocalSuite-1722943242 Starting test_cold_boot_park_vcu_m[AVVP171263-30771]" > /tmp/vpe_cli.txt" on VCU
[06/08/2024 14:23:10.548] DEBUG: [qnx_commands.py->run_qnx_command()] Trying to run: "chown gm_vpervc:gm_vpervc /tmp/vpe_cli.txt && chmod +w /tmp/vpe_cli.txt" on VCU
[06/08/2024 14:23:10.791] DEBUG: [VpmPrePostTest.py->ecu_health_check()] ---- End ECU health check. Estimated time 63.816231600008905
[06/08/2024 14:23:10.795] DEBUG: [DLTFilesCollector.py->_remove_dlt_files_from_dut()] Delete all files in /var/log/dlt
[06/08/2024 14:23:10.801] DEBUG: [qnx_commands.py->run_qnx_command()] Trying to run: "ls /var/log/dlt" on VCU
[06/08/2024 14:23:11.095] DEBUG: [qnx_commands.py->run_qnx_command()] SystemType.VCU shell command returned: Audio.248.dlt.2024-08-06_11-55-45.log
CriticalSoc.189.dlt.2024-08-06_10-57-41.log
Soc.078.dlt.2024-08-06_12-01-49.log
Soc.079.dlt.2024-08-06_12-03-26.log
Soc.080.dlt.2024-08-06_12-04-36.log
Soc.081.dlt.2024-08-06_12-09-14.log
[06/08/2024 14:23:11.109] DEBUG: [qnx_commands.py->run_qnx_command()] Trying to run: "ls /var/log/dlt | wc -l" on VCU
[06/08/2024 14:23:11.334] DEBUG: [qnx_commands.py->run_qnx_command()] SystemType.VCU shell command returned: 6
[06/08/2024 14:23:11.349] DEBUG: [qnx_commands.py->run_qnx_command()] Trying to run: "ls /var/log/dlt/Soc.*.dlt" on VCU
[06/08/2024 14:23:11.588] DEBUG: [qnx_commands.py->run_qnx_command()] SystemType.VCU shell command returned: ls: No such file or directory (/var/log/dlt/Soc.*.dlt)
[06/08/2024 14:23:11.595] DEBUG: [qnx_commands.py->run_qnx_command()] Trying to run: "ls /var/log/dlt/Vip.*.dlt" on VCU
[06/08/2024 14:23:11.864] DEBUG: [qnx_commands.py->run_qnx_command()] SystemType.VCU shell command returned: ls: No such file or directory (/var/log/dlt/Vip.*.dlt)
[06/08/2024 14:23:11.876] DEBUG: [qnx_commands.py->run_qnx_command()] Trying to run: "ls /var/log/dlt/CriticalSoc.*.dlt" on VCU
[06/08/2024 14:23:12.101] DEBUG: [qnx_commands.py->run_qnx_command()] SystemType.VCU shell command returned: ls: No such file or directory (/var/log/dlt/CriticalSoc.*.dlt)
[06/08/2024 14:23:12.117] DEBUG: [qnx_commands.py->run_qnx_command()] Trying to run: "ls /var/log/dlt/Audio.*.dlt" on VCU
[06/08/2024 14:23:12.347] DEBUG: [qnx_commands.py->run_qnx_command()] SystemType.VCU shell command returned: ls: No such file or directory (/var/log/dlt/Audio.*.dlt)
[06/08/2024 14:23:12.352] DEBUG: [DLTFilesCollector.py->_remove_dlt_files_from_dut()] the list of files to delete after sorting and remove the latest from each group: []
[06/08/2024 14:23:12.356] DEBUG: [qnx_commands.py->run_qnx_command()] Trying to run: "rm -r " on VCU
[06/08/2024 14:23:12.607] DEBUG: [qnx_commands.py->run_qnx_command()] SystemType.VCU shell command returned: rm: Must specify file[s] for removal.
[06/08/2024 14:23:12.615] DEBUG: [DLTFilesCollector.py->_remove_dlt_files_from_dut()] Delete all files in /var/log/dlt_raw
[06/08/2024 14:23:12.622] DEBUG: [qnx_commands.py->run_qnx_command()] Trying to run: "ls /var/log/dlt_raw" on VCU
[06/08/2024 14:23:12.843] DEBUG: [qnx_commands.py->run_qnx_command()] SystemType.VCU shell command returned: Audio.248.dlt
Audio.249.dlt
CriticalSoc.189.dlt
CriticalSoc.190.dlt
PARSE_RAW_DLT.README
Soc.078.dlt
Soc.079.dlt
Soc.080.dlt
Soc.081.dlt
Soc.082.dlt
Soc.083.dlt
Soc.084.dlt
Vip.131.dlt
dlt_logstorage.conf
parse_dlt.sh
[06/08/2024 14:23:12.851] DEBUG: [qnx_commands.py->run_qnx_command()] Trying to run: "ls /var/log/dlt_raw | wc -l" on VCU
[06/08/2024 14:23:13.102] DEBUG: [qnx_commands.py->run_qnx_command()] SystemType.VCU shell command returned: 15
[06/08/2024 14:23:13.107] DEBUG: [qnx_commands.py->run_qnx_command()] Trying to run: "ls /var/log/dlt_raw/Soc.*.dlt" on VCU
[06/08/2024 14:23:13.354] DEBUG: [qnx_commands.py->run_qnx_command()] SystemType.VCU shell command returned: /var/log/dlt_raw/Soc.078.dlt
/var/log/dlt_raw/Soc.079.dlt
/var/log/dlt_raw/Soc.080.dlt
/var/log/dlt_raw/Soc.081.dlt
/var/log/dlt_raw/Soc.082.dlt
/var/log/dlt_raw/Soc.083.dlt
/var/log/dlt_raw/Soc.084.dlt
[06/08/2024 14:23:13.368] DEBUG: [qnx_commands.py->run_qnx_command()] Trying to run: "ls /var/log/dlt_raw/Vip.*.dlt" on VCU
[06/08/2024 14:23:13.610] DEBUG: [qnx_commands.py->run_qnx_command()] SystemType.VCU shell command returned: /var/log/dlt_raw/Vip.131.dlt
[06/08/2024 14:23:13.626] DEBUG: [qnx_commands.py->run_qnx_command()] Trying to run: "ls /var/log/dlt_raw/CriticalSoc.*.dlt" on VCU
[06/08/2024 14:23:13.855] DEBUG: [qnx_commands.py->run_qnx_command()] SystemType.VCU shell command returned: /var/log/dlt_raw/CriticalSoc.189.dlt
/var/log/dlt_raw/CriticalSoc.190.dlt
[06/08/2024 14:23:13.859] DEBUG: [qnx_commands.py->run_qnx_command()] Trying to run: "ls /var/log/dlt_raw/Audio.*.dlt" on VCU
[06/08/2024 14:23:14.104] DEBUG: [qnx_commands.py->run_qnx_command()] SystemType.VCU shell command returned: /var/log/dlt_raw/Audio.248.dlt
/var/log/dlt_raw/Audio.249.dlt
[06/08/2024 14:23:14.109] DEBUG: [DLTFilesCollector.py->_remove_dlt_files_from_dut()] the list of files to delete after sorting and remove the latest from each group: ['/var/log/dlt_raw/Soc.078.dlt', '/var/log/dlt_raw/Soc.079.dlt', '/var/log/dlt_raw/Soc.080.dlt', '/var/log/dlt_raw/Soc.081.dlt', '/var/log/dlt_raw/Soc.082.dlt', '/var/log/dlt_raw/Soc.083.dlt', '/var/log/dlt_raw/CriticalSoc.189.dlt', '/var/log/dlt_raw/Audio.248.dlt']
[06/08/2024 14:23:14.113] DEBUG: [qnx_commands.py->run_qnx_command()] Trying to run: "rm -r /var/log/dlt_raw/Soc.078.dlt /var/log/dlt_raw/Soc.079.dlt /var/log/dlt_raw/Soc.080.dlt /var/log/dlt_raw/Soc.081.dlt /var/log/dlt_raw/Soc.082.dlt /var/log/dlt_raw/Soc.083.dlt /var/log/dlt_raw/CriticalSoc.189.dlt /var/log/dlt_raw/Audio.248.dlt" on VCU
[06/08/2024 14:23:14.360]  INFO: [dlt_ongoing_collector.py->_create_backup_dir()] backup directory: [D:\projects\vvi-automation\VPM_Automation_Logs\test_cold_boot_park_vcu_m_AVVP171263-30771\DLTLogs]
[06/08/2024 14:23:14.365]  INFO: [dlt_ongoing_collector.py->start()] Started DLT logs backup thread
[06/08/2024 14:23:14.372] DEBUG: [qnx_commands.py->run_qnx_command()] Trying to run: "echo telnet_available" on VCU
[06/08/2024 14:23:14.373] DEBUG: [ping_util.py->close_tcp_monitor()] Closing the VCU TCP monitor thread...
[06/08/2024 14:23:14.637] DEBUG: [qnx_commands.py->run_qnx_command()] SystemType.VCU shell command returned: telnet_available
[06/08/2024 14:23:14.638]  INFO: [qnx_commands.py->check_qnx_available()] QNX connection [VCU] is Available.
[06/08/2024 14:23:14.639]  INFO: [dlt_ongoing_collector.py->__fetch_logs()] fetching new dlt logs
[06/08/2024 14:23:14.640] DEBUG: [qnx_commands.py->run_qnx_command()] Trying to run: "ls /var/log/dlt_raw | grep .dlt" on VCU
[06/08/2024 14:23:14.868] DEBUG: [qnx_commands.py->run_qnx_command()] SystemType.VCU shell command returned: Audio.249.dlt
CriticalSoc.190.dlt
Soc.084.dlt
Vip.131.dlt
parse_dlt.sh
[06/08/2024 14:23:16.350] DEBUG: [ping_util.py->close_tcp_monitor()] Closing the ACP3 TCP monitor thread...
[06/08/2024 14:23:17.879] DEBUG: [qnx_commands.py->run_qnx_command()] Trying to run: " ps | grep sh | grep -v '\-sh' | awk '{print $1}' | xargs slay -9 " on VCU
[06/08/2024 14:23:19.221] DEBUG: [qnx_commands.py->run_qnx_command()] Trying to run: "slay -9 tail" on VCU
[06/08/2024 14:23:19.354] DEBUG: [qnx_commands.py->run_qnx_command()] SystemType.VCU shell command returned: slay: Unable to find process 'tail'
[06/08/2024 14:23:19.865] DEBUG: [qnx_commands.py->run_qnx_command()] Trying to run: "slay -9 tail" on VCU
[06/08/2024 14:23:20.004] DEBUG: [qnx_commands.py->run_qnx_command()] SystemType.VCU shell command returned: slay: Unable to find process 'tail'
[06/08/2024 14:23:20.015] DEBUG: [qnx_commands.py->run_qnx_command()] Trying to run: "slay -9 sh" on ACP3
[06/08/2024 14:23:20.625] DEBUG: [qnx_commands.py->run_qnx_command()] Trying to run: "slay -9 sh" on ACP3
[06/08/2024 14:23:21.245] DEBUG: [qnx_commands.py->run_qnx_command()] Trying to run: "slay -9 tail" on ACP3
[06/08/2024 14:23:21.357] DEBUG: [qnx_commands.py->run_qnx_command()] SystemType.ACP3 shell command returned: slay: Unable to find process 'tail'
[06/08/2024 14:23:21.863] DEBUG: [qnx_commands.py->run_qnx_command()] Trying to run: "slay -9 tail" on ACP3
[06/08/2024 14:23:21.982] DEBUG: [qnx_commands.py->run_qnx_command()] SystemType.ACP3 shell command returned: slay: Unable to find process 'tail'
[06/08/2024 14:23:22.490] DEBUG: [USBRelay.py->set_relay()] Changed channel Hardwire_Reverse to On successfully
[06/08/2024 14:23:22.958] DEBUG: [USBRelay.py->set_relay()] Changed channel Hardwire_Reverse to Off successfully
[06/08/2024 14:23:22.963] DEBUG: [VpmPrePostTest.py->run_only_once()] Running Methods that should run only once on first test
[06/08/2024 14:23:22.968] DEBUG: [web_cam_util.py->__init__()] External camera setting port: 0
[06/08/2024 14:23:22.973]  INFO: [web_cam_util.py->init_camera()] Initialize the external camera...
[06/08/2024 14:23:26.038] DEBUG: [web_cam_util.py->init_camera()] Camera is opened: True
[06/08/2024 14:23:26.762] DEBUG: [web_cam_util.py->apply_camera_settings()] External camera settings applied.
[06/08/2024 14:23:26.772] DEBUG: [web_cam_util.py->display_camera_capture_window()] Starting external video capture window (WebCamUtil)...
[06/08/2024 14:23:26.772] DEBUG: [qnx_commands.py->run_qnx_command()] Trying to run: "mkdir -p //var/data/automation_tools/" on VCU
[06/08/2024 14:23:26.903] DEBUG: [qnx_commands.py->run_qnx_command()] Trying to run: "rm -rf //var/data/automation_tools/*" on VCU
[06/08/2024 14:23:28.156] DEBUG: [rvc_utils.py->copy_required_files_to_vcu()] Copying the following Required Files to VCU: D:\projects\vvi-automation\RequiredFiles
[06/08/2024 14:23:28.728] DEBUG: [rvc_utils.py->copy_required_files_to_vcu()] Successfully Copied required file [strings] to target dir [/var/data/automation_tools] on VCU
[06/08/2024 14:23:28.742] DEBUG: [qnx_commands.py->run_qnx_command()] Trying to run: "chmod 777 /var/data/automation_tools/strings" on VCU
[06/08/2024 14:23:29.460] DEBUG: [rvc_utils.py->copy_required_files_to_vcu()] Successfully Copied required file [memtax.sh] to target dir [/var/data/automation_tools] on VCU
[06/08/2024 14:23:29.466] DEBUG: [qnx_commands.py->run_qnx_command()] Trying to run: "chmod 777 /var/data/automation_tools/memtax.sh" on VCU
[06/08/2024 14:23:30.381] DEBUG: [rvc_utils.py->copy_required_files_to_vcu()] Successfully Copied required file [print_events.sh] to target dir [/var/data/automation_tools] on VCU
[06/08/2024 14:23:30.398] DEBUG: [qnx_commands.py->run_qnx_command()] Trying to run: "chmod 777 /var/data/automation_tools/print_events.sh" on VCU
[06/08/2024 14:23:31.261] DEBUG: [rvc_utils.py->copy_required_files_to_vcu()] Successfully Copied required file [sha1sum.sh] to target dir [/var/data/automation_tools] on VCU
[06/08/2024 14:23:31.276] DEBUG: [qnx_commands.py->run_qnx_command()] Trying to run: "chmod 777 /var/data/automation_tools/sha1sum.sh" on VCU
[06/08/2024 14:23:31.407] DEBUG: [qnx_commands.py->run_qnx_command()] Trying to run: "mkdir -p /C_Partition/automation_tools" on ACP3
[06/08/2024 14:23:31.528] DEBUG: [qnx_commands.py->run_qnx_command()] Trying to run: "rm -rf //C_Partition/automation_tools/*" on ACP3
[06/08/2024 14:23:31.744] DEBUG: [ACP3_utils.py->copy_required_files_to_acp3()] Copying from folder [D:\projects\vvi-automation\RequiredFiles] the required files to ACP3
[06/08/2024 14:23:32.258] DEBUG: [ACP3_utils.py->copy_required_files_to_acp3()] Successfully Copied required file [print_events_acp3.sh] to target dir [/C_Partition/automation_tools] on ACP3
[06/08/2024 14:23:32.265] DEBUG: [qnx_commands.py->run_qnx_command()] Trying to run: "chmod 777 /C_Partition/automation_tools/print_events_acp3.sh" on ACP3
[06/08/2024 14:23:32.377] DEBUG: [qnx_commands.py->run_qnx_command()] Trying to run: "/var/opt/bosch/processes/da/bin/pal_camera_test --generate-test-report | grep -Ei  -e "deviceName" -e "driverVersion" -e "serialNumber" -e "hardwareVersion" -e "softwareVersion" -e "OEMHardwarePartNumberRevision" -e "OEMHardwarePartNumber" -e "OEMSoftwarePartNumber"" on VCU
[06/08/2024 14:23:32.508] DEBUG: [qnx_commands.py->run_qnx_command()] SystemType.VCU shell command returned: sh: /var/opt/bosch/processes/da/bin/pal_camera_test: cannot execute - No such file or directory
[06/08/2024 14:23:32.513] DEBUG: [qnx_commands.py->run_qnx_command()] Trying to run: "grep DISPLAY_CONFIGURATION_MAPPING /var/data/calibration/overrides/*" on VCU
[06/08/2024 14:23:32.761] DEBUG: [qnx_commands.py->run_qnx_command()] SystemType.VCU shell command returned: /var/data/calibration/overrides/topology_17_dv2_dv3.override:DISPLAY_CONFIGURATION_MAPPING:17
[06/08/2024 14:23:32.774] DEBUG: [display.py->__set_display_type_if_unset()] Display type is set to DisplayType.d34 for topology_value=17
[06/08/2024 14:23:32.791] DEBUG: [qnx_commands.py->run_qnx_command()] Trying to run: "slog2info | grep update_engine | grep -E MODULE_ID_VIP_APP=" on VCU
[06/08/2024 14:23:35.942] DEBUG: [qnx_commands.py->run_qnx_command()] SystemType.VCU shell command returned: Jan 01 00:00:59.355           update_engine.471197                 info      0               PNCache.cpp:  415    [SWU]	PNCache.cpp moduleId_t::MODULE_ID_VIP_APP=4VB.175.5.21
[06/08/2024 14:23:35.982] DEBUG: [adb_wrapper.py->run_command()] ADB: Trying to run: "getprop | grep -E 'ro.build.(date|description|id)'"
[06/08/2024 14:23:36.058] DEBUG: [adb_wrapper.py->run_command()] ADB shell command returned: [ro.build.date]: [Mon Jul  1 12:54:05 UTC 2024]
[ro.build.date.utc]: [1719838445]
[ro.build.description]: [aegean_orange-user 12 VCUSM-208 eng.bgm9hi.20240701.125728 test-keys]
[ro.build.id]: [VCUSM-208]

[06/08/2024 14:23:36.074] DEBUG: [qnx_commands.py->run_qnx_command()] Trying to run: "/var/data/automation_tools/strings /usr/bin/service.rvcvpe | grep ^VPMVerInfo:" on VCU
[06/08/2024 14:23:37.331] DEBUG: [qnx_commands.py->run_qnx_command()] SystemType.VCU shell command returned: VPMVerInfo: 0.1.0-0000 build from HEAD at 852f57f2 by bgm9hi 2024-07-01T15:33:01
[06/08/2024 14:23:37.337] DEBUG: [qnx_commands.py->run_qnx_command()] Trying to run: "ls Buildinfo.txt" on VCU
[06/08/2024 14:23:37.582] DEBUG: [qnx_commands.py->run_qnx_command()] SystemType.VCU shell command returned: Buildinfo.txt
[06/08/2024 14:23:37.594] DEBUG: [qnx_commands.py->run_qnx_command()] Trying to run: "cat Buildinfo.txt" on VCU
[06/08/2024 14:23:37.821] DEBUG: [qnx_commands.py->run_qnx_command()] SystemType.VCU shell command returned: BUILD_ID=rb_main_2024.26.7-11-gd9f049d00a-change_798053_2
RC_BUILD_ID=
DOMAIN_BUILD_ID=MULTI-AEGEAN_ORANGE-ANDROID_USER-QNX_USER-SECBOOT_FALSE-8155-rb_main_2024.26.7-11-gd9f049d00a-change_798053_2
BUILD_TIMESTAMP=2024-07-01 12:49:51 +0000
MANIFESTS_REVISION=d9f049d00a2bda5f0e2324e4cc966958c5128c5a
MANIFEST_FILE=manifest.xml
TARGET_PRODUCT=aegean_orange
TARGET_BUILD_VARIANT=user
QNX_TARGET_BUILD_VARIANT=user
SECURE_BOOT=false
GENERATE_FULLOTA_BOARD=null
PATAC_BUILD_NUMBER=null
QC_DISTRIBUTION=PostCS17_0.0.029.1
QC_PRODUCT=Snapdragon_Auto.HQX.3.1.4.1
QC_RELEASENOTE=RNO-240528105307
QNX_PLIST=EXP_Gen3_Patchset_HQX3_1_4_1_Bosch_20230217
QXN_PLIST_HASH=b92452c5d69022a6663901f1cdb14f3de68967f4
GM.Build=SQBM-632
GM.SSW.Build.ID=SQBM-632
GM.Product=orange
GM.Platform=GB
GM.HWType=Mid
GM.Security=Development
GM.GAS=1
GM.Baseline=# Integrated Bosch release version. rb_main_2024.24.7 QC_DISTRIBUTION=PostCS17_0.0.029.1
[06/08/2024 14:23:37.826] DEBUG: [vcu_release_getter.py->get_release_match()] self.release_match=<re.Match object; span=(706, 714), match='SQBM-632'>
[06/08/2024 14:23:37.831] DEBUG: [qnx_commands.py->run_qnx_command()] Trying to run: "cat /Buildinfo.txt" on VCU
[06/08/2024 14:23:38.073] DEBUG: [qnx_commands.py->run_qnx_command()] SystemType.VCU shell command returned: BUILD_ID=rb_main_2024.26.7-11-gd9f049d00a-change_798053_2
RC_BUILD_ID=
DOMAIN_BUILD_ID=MULTI-AEGEAN_ORANGE-ANDROID_USER-QNX_USER-SECBOOT_FALSE-8155-rb_main_2024.26.7-11-gd9f049d00a-change_798053_2
BUILD_TIMESTAMP=2024-07-01 12:49:51 +0000
MANIFESTS_REVISION=d9f049d00a2bda5f0e2324e4cc966958c5128c5a
MANIFEST_FILE=manifest.xml
TARGET_PRODUCT=aegean_orange
TARGET_BUILD_VARIANT=user
QNX_TARGET_BUILD_VARIANT=user
SECURE_BOOT=false
GENERATE_FULLOTA_BOARD=null
PATAC_BUILD_NUMBER=null
QC_DISTRIBUTION=PostCS17_0.0.029.1
QC_PRODUCT=Snapdragon_Auto.HQX.3.1.4.1
QC_RELEASENOTE=RNO-240528105307
QNX_PLIST=EXP_Gen3_Patchset_HQX3_1_4_1_Bosch_20230217
QXN_PLIST_HASH=b92452c5d69022a6663901f1cdb14f3de68967f4
GM.Build=SQBM-632
GM.SSW.Build.ID=SQBM-632
GM.Product=orange
GM.Platform=GB
GM.HWType=Mid
GM.Security=Development
GM.GAS=1
GM.Baseline=# Integrated Bosch release version. rb_main_2024.24.7 QC_DISTRIBUTION=PostCS17_0.0.029.1
[06/08/2024 14:23:38.080] DEBUG: [qnx_commands.py->run_qnx_command()] Trying to run: "cat /Buildinfo.txt" on VCU
[06/08/2024 14:23:38.327] DEBUG: [qnx_commands.py->run_qnx_command()] SystemType.VCU shell command returned: BUILD_ID=rb_main_2024.26.7-11-gd9f049d00a-change_798053_2
RC_BUILD_ID=
DOMAIN_BUILD_ID=MULTI-AEGEAN_ORANGE-ANDROID_USER-QNX_USER-SECBOOT_FALSE-8155-rb_main_2024.26.7-11-gd9f049d00a-change_798053_2
BUILD_TIMESTAMP=2024-07-01 12:49:51 +0000
MANIFESTS_REVISION=d9f049d00a2bda5f0e2324e4cc966958c5128c5a
MANIFEST_FILE=manifest.xml
TARGET_PRODUCT=aegean_orange
TARGET_BUILD_VARIANT=user
QNX_TARGET_BUILD_VARIANT=user
SECURE_BOOT=false
GENERATE_FULLOTA_BOARD=null
PATAC_BUILD_NUMBER=null
QC_DISTRIBUTION=PostCS17_0.0.029.1
QC_PRODUCT=Snapdragon_Auto.HQX.3.1.4.1
QC_RELEASENOTE=RNO-240528105307
QNX_PLIST=EXP_Gen3_Patchset_HQX3_1_4_1_Bosch_20230217
QXN_PLIST_HASH=b92452c5d69022a6663901f1cdb14f3de68967f4
GM.Build=SQBM-632
GM.SSW.Build.ID=SQBM-632
GM.Product=orange
GM.Platform=GB
GM.HWType=Mid
GM.Security=Development
GM.GAS=1
GM.Baseline=# Integrated Bosch release version. rb_main_2024.24.7 QC_DISTRIBUTION=PostCS17_0.0.029.1
[06/08/2024 14:23:38.331] DEBUG: [qnx_commands.py->run_qnx_command()] Trying to run: "cat /applications/install/etc/release_notes.txt | grep Version:" on ACP3
[06/08/2024 14:23:38.445] DEBUG: [qnx_commands.py->run_qnx_command()] SystemType.ACP3 shell command returned: Version:                                      24.4.3-41_24.03.29
[06/08/2024 14:23:38.460] DEBUG: [qnx_commands.py->run_qnx_command()] Trying to run: "cat /data/vpe/user/resources/user_settings.txt" on ACP3
[06/08/2024 14:23:38.655] DEBUG: [qnx_commands.py->run_qnx_command()] SystemType.ACP3 shell command returned: 1 1 7 0 
[06/08/2024 14:23:38.662] DEBUG: [qnx_commands.py->run_qnx_command()] Trying to run: "cat /Buildinfo.txt" on VCU
[06/08/2024 14:23:38.792] DEBUG: [qnx_commands.py->run_qnx_command()] SystemType.VCU shell command returned: BUILD_ID=rb_main_2024.26.7-11-gd9f049d00a-change_798053_2
RC_BUILD_ID=
DOMAIN_BUILD_ID=MULTI-AEGEAN_ORANGE-ANDROID_USER-QNX_USER-SECBOOT_FALSE-8155-rb_main_2024.26.7-11-gd9f049d00a-change_798053_2
BUILD_TIMESTAMP=2024-07-01 12:49:51 +0000
MANIFESTS_REVISION=d9f049d00a2bda5f0e2324e4cc966958c5128c5a
MANIFEST_FILE=manifest.xml
TARGET_PRODUCT=aegean_orange
TARGET_BUILD_VARIANT=user
QNX_TARGET_BUILD_VARIANT=user
SECURE_BOOT=false
GENERATE_FULLOTA_BOARD=null
PATAC_BUILD_NUMBER=null
QC_DISTRIBUTION=PostCS17_0.0.029.1
QC_PRODUCT=Snapdragon_Auto.HQX.3.1.4.1
QC_RELEASENOTE=RNO-240528105307
QNX_PLIST=EXP_Gen3_Patchset_HQX3_1_4_1_Bosch_20230217
QXN_PLIST_HASH=b92452c5d69022a6663901f1cdb14f3de68967f4
GM.Build=SQBM-632
GM.SSW.Build.ID=SQBM-632
GM.Product=orange
GM.Platform=GB
GM.HWType=Mid
GM.Security=Development
GM.GAS=1
GM.Baseline=# Integrated Bosch release version. rb_main_2024.24.7 QC_DISTRIBUTION=PostCS17_0.0.029.1
[06/08/2024 14:23:38.801] DEBUG: [ACP3.py->sync_acp3_clock()] Setting QNX date to: 080614232024.38
[06/08/2024 14:23:38.808] DEBUG: [qnx_commands.py->run_qnx_command()] Trying to run: "/mnt/bin/date 080614232024.38" on ACP3
[06/08/2024 14:23:39.056] DEBUG: [qnx_commands.py->run_qnx_command()] SystemType.ACP3 shell command returned: Tue Aug 06 14:23:38 GMT 2024
[06/08/2024 14:23:39.065]  INFO: [path_getter.py->__init__()] Vcu release: SQBM-632
[06/08/2024 14:23:39.071] DEBUG: [DutLogsHandler.py->clear_log_files_before_test()] Clearing log files
[06/08/2024 14:23:39.076] DEBUG: [qnx_commands.py->run_qnx_command()] Trying to run: "ls /var/log/vpe/rvc_service*.log" on VCU
[06/08/2024 14:23:39.236] DEBUG: [qnx_commands.py->run_qnx_command()] SystemType.VCU shell command returned: ls: No such file or directory (/var/log/vpe/rvc_service*.log)
[06/08/2024 14:23:39.241] DEBUG: [qnx_commands.py->run_qnx_command()] Trying to run: "ls /var/uc_logs*/* /var/uclogs*/*" on ACP3
[06/08/2024 14:23:39.458] DEBUG: [qnx_commands.py->run_qnx_command()] SystemType.ACP3 shell command returned: /var/uc_logs/1_Current_Logs
/var/uc_logs/2021-06-01_00-00-02_ShmemKiller_790560.txt
/var/uc_logs/2021-06-01_00-00-03_CameraDriver_946228.txt
/var/uc_logs/2021-06-01_00-00-03_PubSubManager_897077.txt
/var/uc_logs/2021-06-01_00-00-03_early_rvc_790569.txt
/var/uc_logs/2021-06-01_00-00-06_Acp3S2SGW_1298517.txt
/var/uc_logs/2021-06-01_00-00-06_LogTimeSynchronizer_1294418.txt
/var/uc_logs/2021-06-01_00-00-06_service_vpe_946237.txt
/var/uc_logs/2021-06-01_00-00-11_SNSDiagnosticsCameraDMS_1351767.txt
/var/uc_logs/2021-06-01_00-00-11_isp_1351775.txt
/var/uc_logs/2021-06-01_00-00-11_mlt_main_acp3_1351773.txt
/var/uc_logs/2021-06-01_00-00-11_mot_main_1351771.txt
/var/uc_logs/2021-06-01_00-00-11_perception_events_daemon_1351772.txt
/var/uc_logs/2021-06-01_00-00-11_shadow_app_main_1351774.txt
/var/uc_logs/2021-06-01_00-00-12_SNSDiagnosticsCameraMirrorRight_1351755.txt
/var/uc_logs/2021-06-01_00-00-12_SNSDiagnosticsDMSEmitter_1392740.txt
/var/uc_logs/2021-06-01_00-00-12_detector_rear_short_range_1351770.txt
/var/uc_logs/2021-06-01_00-00-13_SNSDiagnosticsCameraMirrorLeft_1351762.txt
/var/uc_logs/2021-06-01_00-00-13_SNSDiagnosticsSensingXID_1351766.txt
/var/uc_logs/2021-06-01_00-00-14_SNSDiagnosticsCameraGrillFront_1351768.txt
/var/uc_logs/2024-08-06_14-22-07_SNSDiagnosticsCameraLiftGate_1351769.txt
/var/uc_logsA/2021-06-01_00-00-02_ShmemKiller_790560.txt
/var/uc_logsA/2021-06-01_00-00-03_CameraDriver_946229.txt
/var/uc_logsA/2021-06-01_00-00-03_PubSubManager_909364.txt
/var/uc_logsA/2021-06-01_00-00-03_early_rvc_790570.txt
/var/uc_logsA/2021-06-01_00-00-06_service_vpe_946237.txt
/var/uc_logsA/2021-06-01_00-00-07_Acp3S2SGW_1343573.txt
/var/uc_logsA/2021-06-01_00-00-07_LogTimeSynchronizer_1343572.txt
/var/uc_logsA/2021-06-01_00-00-11_SNSDiagnosticsCameraDMS_1388632.txt
/var/uc_logsA/2021-06-01_00-00-11_isp_1388640.txt
/var/uc_logsA/2021-06-01_00-00-11_mlt_main_acp3_1388638.txt
/var/uc_logsA/2021-06-01_00-00-11_mot_main_1388636.txt
/var/uc_logsA/2021-06-01_00-00-11_perception_events_daemon_1388637.txt
/var/uc_logsA/2021-06-01_00-00-11_shadow_app_main_1388639.txt
/var/uc_logsA/2021-06-01_00-00-12_SNSDiagnosticsCameraMirrorRight_1388628.txt
/var/uc_logsA/2021-06-01_00-00-12_SNSDiagnosticsDMSEmitter_1388647.txt
/var/uc_logsA/2021-06-01_00-00-12_detector_rear_short_range_1388635.txt
/var/uc_logsA/2021-06-01_00-00-13_SNSDiagnosticsCameraMirrorLeft_1388630.txt
/var/uc_logsA/2021-06-01_00-00-13_SNSDiagnosticsSensingXID_1388631.txt
/var/uc_logsA/2021-06-01_00-00-14_SNSDiagnosticsCameraGrillFront_1388633.txt
/var/uc_logsA/2021-06-01_00-00-14_SNSDiagnosticsCameraLiftGate_1388634.txt
/var/uc_logsA/2021-06-01_00-00-15_detector_sides_short_range_1470566.txt
/var/uc_logsA/2021-06-01_00-00-20_detector_front_short_range_1491052.txt
/var/uc_logsA/2021-06-01_00-00-22_PlatformApiAdapter_1511533.txt
/var/uc_logsA/2021-06-01_00-00-22_TimeSynchronizer_1511534.txt
/var/uc_logsA/2021-06-01_00-00-23_DcuManager_1515592.txt
/var/uc_logsA/2021-06-01_00-00-23_alignCamera2Ground_1515631.txt
/var/uc_logsB/1_Current_Logs
/var/uc_logsB/2021-06-01_00-00-02_ShmemKiller_790560.txt
/var/uc_logsB/2021-06-01_00-00-03_CameraDriver_946228.txt
/var/uc_logsB/2021-06-01_00-00-03_PubSubManager_897077.txt
/var/uc_logsB/2021-06-01_00-00-03_early_rvc_790569.txt
/var/uc_logsB/2021-06-01_00-00-06_Acp3S2SGW_1298517.txt
/var/uc_logsB/2021-06-01_00-00-06_LogTimeSynchronizer_1294418.txt
/var/uc_logsB/2021-06-01_00-00-06_service_vpe_946237.txt
/var/uc_logsB/2021-06-01_00-00-11_SNSDiagnosticsCameraDMS_1351767.txt
/var/uc_logsB/2021-06-01_00-00-11_isp_1351775.txt
/var/uc_logsB/2021-06-01_00-00-11_mlt_main_acp3_1351773.txt
/var/uc_logsB/2021-06-01_00-00-11_mot_main_1351771.txt
/var/uc_logsB/2021-06-01_00-00-11_perception_events_daemon_1351772.txt
/var/uc_logsB/2021-06-01_00-00-11_shadow_app_main_1351774.txt
/var/uc_logsB/2021-06-01_00-00-12_SNSDiagnosticsCameraMirrorRight_1351755.txt
/var/uc_logsB/2021-06-01_00-00-12_SNSDiagnosticsDMSEmitter_1392740.txt
/var/uc_logsB/2021-06-01_00-00-12_detector_rear_short_range_1351770.txt
/var/uc_logsB/2021-06-01_00-00-13_SNSDiagnosticsCameraMirrorLeft_1351762.txt
/var/uc_logsB/2021-06-01_00-00-13_SNSDiagnosticsSensingXID_1351766.txt
/var/uc_logsB/2021-06-01_00-00-14_SNSDiagnosticsCameraGrillFront_1351768.txt
/var/uc_logsB/2024-08-06_14-22-07_SNSDiagnosticsCameraLiftGate_1351769.txt
/var/uclogs/1_Current_Logs
/var/uclogs/ACP3 DM Manager logger.log
/var/uclogs/ACP3 PassThrough Manager logger.log
/var/uclogs/ACP3 UCM Manager logger.log
/var/uclogs/ASUM_CommDiag.log
/var/uclogs/ASUM_DM_SafetyAgent.log
/var/uclogs/ASUM_Diag.log
/var/uclogs/ASec.log
/var/uclogs/ASpu.log
/var/uclogs/CAMD.log
/var/uclogs/ConD.log
/var/uclogs/DLTD.log
/var/uclogs/DLTR.log
/var/uclogs/DMSCal.log
/var/uclogs/DMS_Manager.log
/var/uclogs/DV.log
/var/uclogs/DiagNetworkIntegration.log
/var/uclogs/DiagnosticsCameraDMS.log
/var/uclogs/DiagnosticsCameraGrillFront.log
/var/uclogs/DiagnosticsCameraLiftGate.log
/var/uclogs/DiagnosticsCameraMirrorLeft.log
/var/uclogs/DiagnosticsCameraMirrorRight.log
/var/uclogs/DiagnosticsDMSEmitter.log
/var/uclogs/DiagnosticsSensingXID.log
/var/uclogs/EM.log
/var/uclogs/EVNT.log
/var/uclogs/ISP.log
/var/uclogs/LogT.log
/var/uclogs/MLT.log
/var/uclogs/MOT.log
/var/uclogs/MapApp.log
/var/uclogs/MapDataLayer.log
/var/uclogs/MapOTA.log
/var/uclogs/MapRedBend.log
/var/uclogs/MapRouteServer.log
/var/uclogs/NMng.log
/var/uclogs/QQQDiagApp.log
/var/uclogs/S2SG.log
/var/uclogs/SHDW.log
/var/uclogs/SMAT.log
/var/uclogs/SysD.log
/var/uclogs/VExc.log
/var/uclogs/VPER.log
/var/uclogs/VPE_SV.log
/var/uclogs/VPhm.log
/var/uclogs/VSom.log
/var/uclogs/VhFn.log
/var/uclogs/gwdc.log
/var/uclogsA/ACP3 DM Manager logger.log
/var/uclogsA/ACP3 PassThrough Manager logger.log
/var/uclogsA/ACP3 UCM Manager logger.log
/var/uclogsA/ASUM_CommDiag.log
/var/uclogsA/ASUM_DM_SafetyAgent.log
/var/uclogsA/ASUM_Diag.log
/var/uclogsA/ASec.log
/var/uclogsA/ASpu.log
/var/uclogsA/C2GA.log
/var/uclogsA/CAMD.log
/var/uclogsA/ConD.log
/var/uclogsA/DCUM.log
/var/uclogsA/DLTD.log
/var/uclogsA/DLTR.log
/var/uclogsA/DMSCal.log
/var/uclogsA/DMS_Manager.log
/var/uclogsA/DV.log
/var/uclogsA/DiagNetworkIntegration.log
/var/uclogsA/DiagnosticsCameraDMS.log
/var/uclogsA/DiagnosticsCameraGrillFront.log
/var/uclogsA/DiagnosticsCameraLiftGate.log
/var/uclogsA/DiagnosticsCameraMirrorLeft.log
/var/uclogsA/DiagnosticsCameraMirrorRight.log
/var/uclogsA/DiagnosticsDMSEmitter.log
/var/uclogsA/DiagnosticsSensingXID.log
/var/uclogsA/EM.log
/var/uclogsA/EVNT.log
/var/uclogsA/ISP.log
/var/uclogsA/LogT.log
/var/uclogsA/MLT.log
/var/uclogsA/MOT.log
/var/uclogsA/MapApp.log
/var/uclogsA/MapDataLayer.log
/var/uclogsA/MapOTA.log
/var/uclogsA/MapRedBend.log
/var/uclogsA/MapRouteServer.log
/var/uclogsA/NMng.log
/var/uclogsA/QQQDiagApp.log
/var/uclogsA/S2SG.log
/var/uclogsA/SHDW.log
/var/uclogsA/SMAT.log
/var/uclogsA/SysD.log
/var/uclogsA/TSYN.log
/var/uclogsA/VExc.log
/var/uclogsA/VPER.log
/var/uclogsA/VPE_SV.log
/var/uclogsA/VPhm.log
/var/uclogsA/VSom.log
/var/uclogsA/VhFn.log
/var/uclogsA/gwdc.log
/var/uclogsB/1_Current_Logs
/var/uclogsB/ACP3 DM Manager logger.log
/var/uclogsB/ACP3 PassThrough Manager logger.log
/var/uclogsB/ACP3 UCM Manager logger.log
/var/uclogsB/ASUM_CommDiag.log
/var/uclogsB/ASUM_DM_SafetyAgent.log
/var/uclogsB/ASUM_Diag.log
/var/uclogsB/ASec.log
/var/uclogsB/ASpu.log
/var/uclogsB/CAMD.log
/var/uclogsB/ConD.log
/var/uclogsB/DLTD.log
/var/uclogsB/DLTR.log
/var/uclogsB/DMSCal.log
/var/uclogsB/DMS_Manager.log
/var/uclogsB/DV.log
/var/uclogsB/DiagNetworkIntegration.log
/var/uclogsB/DiagnosticsCameraDMS.log
/var/uclogsB/DiagnosticsCameraGrillFront.log
/var/uclogsB/DiagnosticsCameraLiftGate.log
/var/uclogsB/DiagnosticsCameraMirrorLeft.log
/var/uclogsB/DiagnosticsCameraMirrorRight.log
/var/uclogsB/DiagnosticsDMSEmitter.log
/var/uclogsB/DiagnosticsSensingXID.log
/var/uclogsB/EM.log
/var/uclogsB/EVNT.log
/var/uclogsB/ISP.log
/var/uclogsB/LogT.log
/var/uclogsB/MLT.log
/var/uclogsB/MOT.log
/var/uclogsB/MapApp.log
/var/uclogsB/MapDataLayer.log
/var/uclogsB/MapOTA.log
/var/uclogsB/MapRedBend.log
/var/uclogsB/MapRouteServer.log
/var/uclogsB/NMng.log
/var/uclogsB/QQQDiagApp.log
/var/uclogsB/S2SG.log
/var/uclogsB/SHDW.log
/var/uclogsB/SMAT.log
/var/uclogsB/SysD.log
/var/uclogsB/VExc.log
/var/uclogsB/VPER.log
/var/uclogsB/VPE_SV.log
/var/uclogsB/VPhm.log
/var/uclogsB/VSom.log
/var/uclogsB/VhFn.log
/var/uclogsB/gwdc.log
[06/08/2024 14:23:39.471] DEBUG: [DutLogsHandler.py->clear_uc_logs()] Clear /var/uc_logs*/* /var/uclogs*/* logs files
[06/08/2024 14:23:39.480] DEBUG: [qnx_commands.py->run_qnx_command()] Trying to run: "ls /var/uc_logs*/* /var/uclogs*/*" on ACP3
[06/08/2024 14:23:39.686] DEBUG: [qnx_commands.py->run_qnx_command()] SystemType.ACP3 shell command returned: /var/uc_logs/1_Current_Logs
/var/uc_logs/2021-06-01_00-00-02_ShmemKiller_790560.txt
/var/uc_logs/2021-06-01_00-00-03_CameraDriver_946228.txt
/var/uc_logs/2021-06-01_00-00-03_PubSubManager_897077.txt
/var/uc_logs/2021-06-01_00-00-03_early_rvc_790569.txt
/var/uc_logs/2021-06-01_00-00-06_Acp3S2SGW_1298517.txt
/var/uc_logs/2021-06-01_00-00-06_LogTimeSynchronizer_1294418.txt
/var/uc_logs/2021-06-01_00-00-06_service_vpe_946237.txt
/var/uc_logs/2021-06-01_00-00-11_SNSDiagnosticsCameraDMS_1351767.txt
/var/uc_logs/2021-06-01_00-00-11_isp_1351775.txt
/var/uc_logs/2021-06-01_00-00-11_mlt_main_acp3_1351773.txt
/var/uc_logs/2021-06-01_00-00-11_mot_main_1351771.txt
/var/uc_logs/2021-06-01_00-00-11_perception_events_daemon_1351772.txt
/var/uc_logs/2021-06-01_00-00-11_shadow_app_main_1351774.txt
/var/uc_logs/2021-06-01_00-00-12_SNSDiagnosticsCameraMirrorRight_1351755.txt
/var/uc_logs/2021-06-01_00-00-12_SNSDiagnosticsDMSEmitter_1392740.txt
/var/uc_logs/2021-06-01_00-00-12_detector_rear_short_range_1351770.txt
/var/uc_logs/2021-06-01_00-00-13_SNSDiagnosticsCameraMirrorLeft_1351762.txt
/var/uc_logs/2021-06-01_00-00-13_SNSDiagnosticsSensingXID_1351766.txt
/var/uc_logs/2021-06-01_00-00-14_SNSDiagnosticsCameraGrillFront_1351768.txt
/var/uc_logs/2024-08-06_14-22-07_SNSDiagnosticsCameraLiftGate_1351769.txt
/var/uc_logsA/2021-06-01_00-00-02_ShmemKiller_790560.txt
/var/uc_logsA/2021-06-01_00-00-03_CameraDriver_946229.txt
/var/uc_logsA/2021-06-01_00-00-03_PubSubManager_909364.txt
/var/uc_logsA/2021-06-01_00-00-03_early_rvc_790570.txt
/var/uc_logsA/2021-06-01_00-00-06_service_vpe_946237.txt
/var/uc_logsA/2021-06-01_00-00-07_Acp3S2SGW_1343573.txt
/var/uc_logsA/2021-06-01_00-00-07_LogTimeSynchronizer_1343572.txt
/var/uc_logsA/2021-06-01_00-00-11_SNSDiagnosticsCameraDMS_1388632.txt
/var/uc_logsA/2021-06-01_00-00-11_isp_1388640.txt
/var/uc_logsA/2021-06-01_00-00-11_mlt_main_acp3_1388638.txt
/var/uc_logsA/2021-06-01_00-00-11_mot_main_1388636.txt
/var/uc_logsA/2021-06-01_00-00-11_perception_events_daemon_1388637.txt
/var/uc_logsA/2021-06-01_00-00-11_shadow_app_main_1388639.txt
/var/uc_logsA/2021-06-01_00-00-12_SNSDiagnosticsCameraMirrorRight_1388628.txt
/var/uc_logsA/2021-06-01_00-00-12_SNSDiagnosticsDMSEmitter_1388647.txt
/var/uc_logsA/2021-06-01_00-00-12_detector_rear_short_range_1388635.txt
/var/uc_logsA/2021-06-01_00-00-13_SNSDiagnosticsCameraMirrorLeft_1388630.txt
/var/uc_logsA/2021-06-01_00-00-13_SNSDiagnosticsSensingXID_1388631.txt
/var/uc_logsA/2021-06-01_00-00-14_SNSDiagnosticsCameraGrillFront_1388633.txt
/var/uc_logsA/2021-06-01_00-00-14_SNSDiagnosticsCameraLiftGate_1388634.txt
/var/uc_logsA/2021-06-01_00-00-15_detector_sides_short_range_1470566.txt
/var/uc_logsA/2021-06-01_00-00-20_detector_front_short_range_1491052.txt
/var/uc_logsA/2021-06-01_00-00-22_PlatformApiAdapter_1511533.txt
/var/uc_logsA/2021-06-01_00-00-22_TimeSynchronizer_1511534.txt
/var/uc_logsA/2021-06-01_00-00-23_DcuManager_1515592.txt
/var/uc_logsA/2021-06-01_00-00-23_alignCamera2Ground_1515631.txt
/var/uc_logsB/1_Current_Logs
/var/uc_logsB/2021-06-01_00-00-02_ShmemKiller_790560.txt
/var/uc_logsB/2021-06-01_00-00-03_CameraDriver_946228.txt
/var/uc_logsB/2021-06-01_00-00-03_PubSubManager_897077.txt
/var/uc_logsB/2021-06-01_00-00-03_early_rvc_790569.txt
/var/uc_logsB/2021-06-01_00-00-06_Acp3S2SGW_1298517.txt
/var/uc_logsB/2021-06-01_00-00-06_LogTimeSynchronizer_1294418.txt
/var/uc_logsB/2021-06-01_00-00-06_service_vpe_946237.txt
/var/uc_logsB/2021-06-01_00-00-11_SNSDiagnosticsCameraDMS_1351767.txt
/var/uc_logsB/2021-06-01_00-00-11_isp_1351775.txt
/var/uc_logsB/2021-06-01_00-00-11_mlt_main_acp3_1351773.txt
/var/uc_logsB/2021-06-01_00-00-11_mot_main_1351771.txt
/var/uc_logsB/2021-06-01_00-00-11_perception_events_daemon_1351772.txt
/var/uc_logsB/2021-06-01_00-00-11_shadow_app_main_1351774.txt
/var/uc_logsB/2021-06-01_00-00-12_SNSDiagnosticsCameraMirrorRight_1351755.txt
/var/uc_logsB/2021-06-01_00-00-12_SNSDiagnosticsDMSEmitter_1392740.txt
/var/uc_logsB/2021-06-01_00-00-12_detector_rear_short_range_1351770.txt
/var/uc_logsB/2021-06-01_00-00-13_SNSDiagnosticsCameraMirrorLeft_1351762.txt
/var/uc_logsB/2021-06-01_00-00-13_SNSDiagnosticsSensingXID_1351766.txt
/var/uc_logsB/2021-06-01_00-00-14_SNSDiagnosticsCameraGrillFront_1351768.txt
/var/uc_logsB/2024-08-06_14-22-07_SNSDiagnosticsCameraLiftGate_1351769.txt
/var/uclogs/1_Current_Logs
/var/uclogs/ACP3 DM Manager logger.log
/var/uclogs/ACP3 PassThrough Manager logger.log
/var/uclogs/ACP3 UCM Manager logger.log
/var/uclogs/ASUM_CommDiag.log
/var/uclogs/ASUM_DM_SafetyAgent.log
/var/uclogs/ASUM_Diag.log
/var/uclogs/ASec.log
/var/uclogs/ASpu.log
/var/uclogs/CAMD.log
/var/uclogs/ConD.log
/var/uclogs/DLTD.log
/var/uclogs/DLTR.log
/var/uclogs/DMSCal.log
/var/uclogs/DMS_Manager.log
/var/uclogs/DV.log
/var/uclogs/DiagNetworkIntegration.log
/var/uclogs/DiagnosticsCameraDMS.log
/var/uclogs/DiagnosticsCameraGrillFront.log
/var/uclogs/DiagnosticsCameraLiftGate.log
/var/uclogs/DiagnosticsCameraMirrorLeft.log
/var/uclogs/DiagnosticsCameraMirrorRight.log
/var/uclogs/DiagnosticsDMSEmitter.log
/var/uclogs/DiagnosticsSensingXID.log
/var/uclogs/EM.log
/var/uclogs/EVNT.log
/var/uclogs/ISP.log
/var/uclogs/LogT.log
/var/uclogs/MLT.log
/var/uclogs/MOT.log
/var/uclogs/MapApp.log
/var/uclogs/MapDataLayer.log
/var/uclogs/MapOTA.log
/var/uclogs/MapRedBend.log
/var/uclogs/MapRouteServer.log
/var/uclogs/NMng.log
/var/uclogs/QQQDiagApp.log
/var/uclogs/S2SG.log
/var/uclogs/SHDW.log
/var/uclogs/SMAT.log
/var/uclogs/SysD.log
/var/uclogs/VExc.log
/var/uclogs/VPER.log
/var/uclogs/VPE_SV.log
/var/uclogs/VPhm.log
/var/uclogs/VSom.log
/var/uclogs/VhFn.log
/var/uclogs/gwdc.log
/var/uclogsA/ACP3 DM Manager logger.log
/var/uclogsA/ACP3 PassThrough Manager logger.log
/var/uclogsA/ACP3 UCM Manager logger.log
/var/uclogsA/ASUM_CommDiag.log
/var/uclogsA/ASUM_DM_SafetyAgent.log
/var/uclogsA/ASUM_Diag.log
/var/uclogsA/ASec.log
/var/uclogsA/ASpu.log
/var/uclogsA/C2GA.log
/var/uclogsA/CAMD.log
/var/uclogsA/ConD.log
/var/uclogsA/DCUM.log
/var/uclogsA/DLTD.log
/var/uclogsA/DLTR.log
/var/uclogsA/DMSCal.log
/var/uclogsA/DMS_Manager.log
/var/uclogsA/DV.log
/var/uclogsA/DiagNetworkIntegration.log
/var/uclogsA/DiagnosticsCameraDMS.log
/var/uclogsA/DiagnosticsCameraGrillFront.log
/var/uclogsA/DiagnosticsCameraLiftGate.log
/var/uclogsA/DiagnosticsCameraMirrorLeft.log
/var/uclogsA/DiagnosticsCameraMirrorRight.log
/var/uclogsA/DiagnosticsDMSEmitter.log
/var/uclogsA/DiagnosticsSensingXID.log
/var/uclogsA/EM.log
/var/uclogsA/EVNT.log
/var/uclogsA/ISP.log
/var/uclogsA/LogT.log
/var/uclogsA/MLT.log
/var/uclogsA/MOT.log
/var/uclogsA/MapApp.log
/var/uclogsA/MapDataLayer.log
/var/uclogsA/MapOTA.log
/var/uclogsA/MapRedBend.log
/var/uclogsA/MapRouteServer.log
/var/uclogsA/NMng.log
/var/uclogsA/QQQDiagApp.log
/var/uclogsA/S2SG.log
/var/uclogsA/SHDW.log
/var/uclogsA/SMAT.log
/var/uclogsA/SysD.log
/var/uclogsA/TSYN.log
/var/uclogsA/VExc.log
/var/uclogsA/VPER.log
/var/uclogsA/VPE_SV.log
/var/uclogsA/VPhm.log
/var/uclogsA/VSom.log
/var/uclogsA/VhFn.log
/var/uclogsA/gwdc.log
/var/uclogsB/1_Current_Logs
/var/uclogsB/ACP3 DM Manager logger.log
/var/uclogsB/ACP3 PassThrough Manager logger.log
/var/uclogsB/ACP3 UCM Manager logger.log
/var/uclogsB/ASUM_CommDiag.log
/var/uclogsB/ASUM_DM_SafetyAgent.log
/var/uclogsB/ASUM_Diag.log
/var/uclogsB/ASec.log
/var/uclogsB/ASpu.log
/var/uclogsB/CAMD.log
/var/uclogsB/ConD.log
/var/uclogsB/DLTD.log
/var/uclogsB/DLTR.log
/var/uclogsB/DMSCal.log
/var/uclogsB/DMS_Manager.log
/var/uclogsB/DV.log
/var/uclogsB/DiagNetworkIntegration.log
/var/uclogsB/DiagnosticsCameraDMS.log
/var/uclogsB/DiagnosticsCameraGrillFront.log
/var/uclogsB/DiagnosticsCameraLiftGate.log
/var/uclogsB/DiagnosticsCameraMirrorLeft.log
/var/uclogsB/DiagnosticsCameraMirrorRight.log
/var/uclogsB/DiagnosticsDMSEmitter.log
/var/uclogsB/DiagnosticsSensingXID.log
/var/uclogsB/EM.log
/var/uclogsB/EVNT.log
/var/uclogsB/ISP.log
/var/uclogsB/LogT.log
/var/uclogsB/MLT.log
/var/uclogsB/MOT.log
/var/uclogsB/MapApp.log
/var/uclogsB/MapDataLayer.log
/var/uclogsB/MapOTA.log
/var/uclogsB/MapRedBend.log
/var/uclogsB/MapRouteServer.log
/var/uclogsB/NMng.log
/var/uclogsB/QQQDiagApp.log
/var/uclogsB/S2SG.log
/var/uclogsB/SHDW.log
/var/uclogsB/SMAT.log
/var/uclogsB/SysD.log
/var/uclogsB/VExc.log
/var/uclogsB/VPER.log
/var/uclogsB/VPE_SV.log
/var/uclogsB/VPhm.log
/var/uclogsB/VSom.log
/var/uclogsB/VhFn.log
/var/uclogsB/gwdc.log
[06/08/2024 14:23:39.697] DEBUG: [qnx_commands.py->run_qnx_command()] Trying to run: "echo | tee  /var/uc_logs/1_Current_Logs /var/uc_logs/2021-06-01_00-00-02_ShmemKiller_790560.txt /var/uc_logs/2021-06-01_00-00-03_CameraDriver_946228.txt /var/uc_logs/2021-06-01_00-00-03_PubSubManager_897077.txt /var/uc_logs/2021-06-01_00-00-03_early_rvc_790569.txt /var/uc_logs/2021-06-01_00-00-06_Acp3S2SGW_1298517.txt /var/uc_logs/2021-06-01_00-00-06_LogTimeSynchronizer_1294418.txt /var/uc_logs/2021-06-01_00-00-06_service_vpe_946237.txt /var/uc_logs/2021-06-01_00-00-11_SNSDiagnosticsCameraDMS_1351767.txt /var/uc_logs/2021-06-01_00-00-11_isp_1351775.txt /var/uc_logs/2021-06-01_00-00-11_mlt_main_acp3_1351773.txt /var/uc_logs/2021-06-01_00-00-11_mot_main_1351771.txt /var/uc_logs/2021-06-01_00-00-11_perception_events_daemon_1351772.txt /var/uc_logs/2021-06-01_00-00-11_shadow_app_main_1351774.txt /var/uc_logs/2021-06-01_00-00-12_SNSDiagnosticsCameraMirrorRight_1351755.txt /var/uc_logs/2021-06-01_00-00-12_SNSDiagnosticsDMSEmitter_1392740.txt /var/uc_logs/2021-06-01_00-00-12_detector_rear_short_range_1351770.txt /var/uc_logs/2021-06-01_00-00-13_SNSDiagnosticsCameraMirrorLeft_1351762.txt /var/uc_logs/2021-06-01_00-00-13_SNSDiagnosticsSensingXID_1351766.txt /var/uc_logs/2021-06-01_00-00-14_SNSDiagnosticsCameraGrillFront_1351768.txt /var/uc_logs/2024-08-06_14-22-07_SNSDiagnosticsCameraLiftGate_1351769.txt /var/uc_logsA/2021-06-01_00-00-02_ShmemKiller_790560.txt /var/uc_logsA/2021-06-01_00-00-03_CameraDriver_946229.txt /var/uc_logsA/2021-06-01_00-00-03_PubSubManager_909364.txt /var/uc_logsA/2021-06-01_00-00-03_early_rvc_790570.txt /var/uc_logsA/2021-06-01_00-00-06_service_vpe_946237.txt /var/uc_logsA/2021-06-01_00-00-07_Acp3S2SGW_1343573.txt /var/uc_logsA/2021-06-01_00-00-07_LogTimeSynchronizer_1343572.txt /var/uc_logsA/2021-06-01_00-00-11_SNSDiagnosticsCameraDMS_1388632.txt /var/uc_logsA/2021-06-01_00-00-11_isp_1388640.txt /var/uc_logsA/2021-06-01_00-00-11_mlt_main_acp3_1388638.txt /var/uc_logsA/2021-06-01_00-00-11_mot_main_1388636.txt /var/uc_logsA/2021-06-01_00-00-11_perception_events_daemon_1388637.txt /var/uc_logsA/2021-06-01_00-00-11_shadow_app_main_1388639.txt /var/uc_logsA/2021-06-01_00-00-12_SNSDiagnosticsCameraMirrorRight_1388628.txt /var/uc_logsA/2021-06-01_00-00-12_SNSDiagnosticsDMSEmitter_1388647.txt /var/uc_logsA/2021-06-01_00-00-12_detector_rear_short_range_1388635.txt /var/uc_logsA/2021-06-01_00-00-13_SNSDiagnosticsCameraMirrorLeft_1388630.txt /var/uc_logsA/2021-06-01_00-00-13_SNSDiagnosticsSensingXID_1388631.txt /var/uc_logsA/2021-06-01_00-00-14_SNSDiagnosticsCameraGrillFront_1388633.txt /var/uc_logsA/2021-06-01_00-00-14_SNSDiagnosticsCameraLiftGate_1388634.txt /var/uc_logsA/2021-06-01_00-00-15_detector_sides_short_range_1470566.txt /var/uc_logsA/2021-06-01_00-00-20_detector_front_short_range_1491052.txt /var/uc_logsA/2021-06-01_00-00-22_PlatformApiAdapter_1511533.txt /var/uc_logsA/2021-06-01_00-00-22_TimeSynchronizer_1511534.txt /var/uc_logsA/2021-06-01_00-00-23_DcuManager_1515592.txt /var/uc_logsA/2021-06-01_00-00-23_alignCamera2Ground_1515631.txt /var/uc_logsB/1_Current_Logs /var/uc_logsB/2021-06-01_00-00-02_ShmemKiller_790560.txt /var/uc_logsB/2021-06-01_00-00-03_CameraDriver_946228.txt /var/uc_logsB/2021-06-01_00-00-03_PubSubManager_897077.txt /var/uc_logsB/2021-06-01_00-00-03_early_rvc_790569.txt /var/uc_logsB/2021-06-01_00-00-06_Acp3S2SGW_1298517.txt /var/uc_logsB/2021-06-01_00-00-06_LogTimeSynchronizer_1294418.txt /var/uc_logsB/2021-06-01_00-00-06_service_vpe_946237.txt /var/uc_logsB/2021-06-01_00-00-11_SNSDiagnosticsCameraDMS_1351767.txt /var/uc_logsB/2021-06-01_00-00-11_isp_1351775.txt /var/uc_logsB/2021-06-01_00-00-11_mlt_main_acp3_1351773.txt /var/uc_logsB/2021-06-01_00-00-11_mot_main_1351771.txt /var/uc_logsB/2021-06-01_00-00-11_perception_events_daemon_1351772.txt /var/uc_logsB/2021-06-01_00-00-11_shadow_app_main_1351774.txt /var/uc_logsB/2021-06-01_00-00-12_SNSDiagnosticsCameraMirrorRight_1351755.txt /var/uc_logsB/2021-06-01_00-00-12_SNSDiagnosticsDMSEmitter_1392740.txt /var/uc_logsB/2021-06-01_00-00-12_detector_rear_short_range_1351770.txt /var/uc_logsB/2021-06-01_00-00-13_SNSDiagnosticsCameraMirrorLeft_1351762.txt /var/uc_logsB/2021-06-01_00-00-13_SNSDiagnosticsSensingXID_1351766.txt /var/uc_logsB/2021-06-01_00-00-14_SNSDiagnosticsCameraGrillFront_1351768.txt /var/uc_logsB/2024-08-06_14-22-07_SNSDiagnosticsCameraLiftGate_1351769.txt /var/uclogs/1_Current_Logs /var/uclogs/ACP3 DM Manager logger.log /var/uclogs/ACP3 PassThrough Manager logger.log /var/uclogs/ACP3 UCM Manager logger.log /var/uclogs/ASUM_CommDiag.log /var/uclogs/ASUM_DM_SafetyAgent.log /var/uclogs/ASUM_Diag.log /var/uclogs/ASec.log /var/uclogs/ASpu.log /var/uclogs/CAMD.log /var/uclogs/ConD.log /var/uclogs/DLTD.log /var/uclogs/DLTR.log /var/uclogs/DMSCal.log /var/uclogs/DMS_Manager.log /var/uclogs/DV.log /var/uclogs/DiagNetworkIntegration.log /var/uclogs/DiagnosticsCameraDMS.log /var/uclogs/DiagnosticsCameraGrillFront.log /var/uclogs/DiagnosticsCameraLiftGate.log /var/uclogs/DiagnosticsCameraMirrorLeft.log /var/uclogs/DiagnosticsCameraMirrorRight.log /var/uclogs/DiagnosticsDMSEmitter.log /var/uclogs/DiagnosticsSensingXID.log /var/uclogs/EM.log /var/uclogs/EVNT.log /var/uclogs/ISP.log /var/uclogs/LogT.log /var/uclogs/MLT.log /var/uclogs/MOT.log /var/uclogs/MapApp.log /var/uclogs/MapDataLayer.log /var/uclogs/MapOTA.log /var/uclogs/MapRedBend.log /var/uclogs/MapRouteServer.log /var/uclogs/NMng.log /var/uclogs/QQQDiagApp.log /var/uclogs/S2SG.log /var/uclogs/SHDW.log /var/uclogs/SMAT.log /var/uclogs/SysD.log /var/uclogs/VExc.log /var/uclogs/VPER.log /var/uclogs/VPE_SV.log /var/uclogs/VPhm.log /var/uclogs/VSom.log /var/uclogs/VhFn.log /var/uclogs/gwdc.log /var/uclogsA/ACP3 DM Manager logger.log /var/uclogsA/ACP3 PassThrough Manager logger.log /var/uclogsA/ACP3 UCM Manager logger.log /var/uclogsA/ASUM_CommDiag.log /var/uclogsA/ASUM_DM_SafetyAgent.log /var/uclogsA/ASUM_Diag.log /var/uclogsA/ASec.log /var/uclogsA/ASpu.log /var/uclogsA/C2GA.log /var/uclogsA/CAMD.log /var/uclogsA/ConD.log /var/uclogsA/DCUM.log /var/uclogsA/DLTD.log /var/uclogsA/DLTR.log /var/uclogsA/DMSCal.log /var/uclogsA/DMS_Manager.log /var/uclogsA/DV.log /var/uclogsA/DiagNetworkIntegration.log /var/uclogsA/DiagnosticsCameraDMS.log /var/uclogsA/DiagnosticsCameraGrillFront.log /var/uclogsA/DiagnosticsCameraLiftGate.log /var/uclogsA/DiagnosticsCameraMirrorLeft.log /var/uclogsA/DiagnosticsCameraMirrorRight.log /var/uclogsA/DiagnosticsDMSEmitter.log /var/uclogsA/DiagnosticsSensingXID.log /var/uclogsA/EM.log /var/uclogsA/EVNT.log /var/uclogsA/ISP.log /var/uclogsA/LogT.log /var/uclogsA/MLT.log /var/uclogsA/MOT.log /var/uclogsA/MapApp.log /var/uclogsA/MapDataLayer.log /var/uclogsA/MapOTA.log /var/uclogsA/MapRedBend.log /var/uclogsA/MapRouteServer.log /var/uclogsA/NMng.log /var/uclogsA/QQQDiagApp.log /var/uclogsA/S2SG.log /var/uclogsA/SHDW.log /var/uclogsA/SMAT.log /var/uclogsA/SysD.log /var/uclogsA/TSYN.log /var/uclogsA/VExc.log /var/uclogsA/VPER.log /var/uclogsA/VPE_SV.log /var/uclogsA/VPhm.log /var/uclogsA/VSom.log /var/uclogsA/VhFn.log /var/uclogsA/gwdc.log /var/uclogsB/1_Current_Logs /var/uclogsB/ACP3 DM Manager logger.log /var/uclogsB/ACP3 PassThrough Manager logger.log /var/uclogsB/ACP3 UCM Manager logger.log /var/uclogsB/ASUM_CommDiag.log /var/uclogsB/ASUM_DM_SafetyAgent.log /var/uclogsB/ASUM_Diag.log /var/uclogsB/ASec.log /var/uclogsB/ASpu.log /var/uclogsB/CAMD.log /var/uclogsB/ConD.log /var/uclogsB/DLTD.log /var/uclogsB/DLTR.log /var/uclogsB/DMSCal.log /var/uclogsB/DMS_Manager.log /var/uclogsB/DV.log /var/uclogsB/DiagNetworkIntegration.log /var/uclogsB/DiagnosticsCameraDMS.log /var/uclogsB/DiagnosticsCameraGrillFront.log /var/uclogsB/DiagnosticsCameraLiftGate.log /var/uclogsB/DiagnosticsCameraMirrorLeft.log /var/uclogsB/DiagnosticsCameraMirrorRight.log /var/uclogsB/DiagnosticsDMSEmitter.log /var/uclogsB/DiagnosticsSensingXID.log /var/uclogsB/EM.log /var/uclogsB/EVNT.log /var/uclogsB/ISP.log /var/uclogsB/LogT.log /var/uclogsB/MLT.log /var/uclogsB/MOT.log /var/uclogsB/MapApp.log /var/uclogsB/MapDataLayer.log /var/uclogsB/MapOTA.log /var/uclogsB/MapRedBend.log /var/uclogsB/MapRouteServer.log /var/uclogsB/NMng.log /var/uclogsB/QQQDiagApp.log /var/uclogsB/S2SG.log /var/uclogsB/SHDW.log /var/uclogsB/SMAT.log /var/uclogsB/SysD.log /var/uclogsB/VExc.log /var/uclogsB/VPER.log /var/uclogsB/VPE_SV.log /var/uclogsB/VPhm.log /var/uclogsB/VSom.log /var/uclogsB/VhFn.log /var/uclogsB/gwdc.log > /dev/null" on ACP3
[06/08/2024 14:23:39.904] DEBUG: [DutLogsHandler.py->clear_uc_logs()] Clear /var/uc_logs*/* /var/uclogs*/* logs files results:
[06/08/2024 14:23:39.918] DEBUG: [qnx_commands.py->run_qnx_command()] Trying to run: "ls /var/log/vpe/*" on ACP3
[06/08/2024 14:23:40.130] DEBUG: [qnx_commands.py->run_qnx_command()] SystemType.ACP3 shell command returned: /var/log/vpe/early_rvc_service.log
/var/log/vpe/early_rvc_service.sh
/var/log/vpe/early_rvc_service_system_info.log
/var/log/vpe/pidin_threads_946237.txt
/var/log/vpe/pidin_threads_None.txt
/var/log/vpe/vpe_service.log
/var/log/vpe/vpe_service.sh
/var/log/vpe/vpe_service_cfg.log
/var/log/vpe/vpe_service_system_info.log
[06/08/2024 14:23:40.146] DEBUG: [qnx_commands.py->run_qnx_command()] Trying to run: "echo > /var/log/vpe/early_rvc_service.log" on ACP3
[06/08/2024 14:23:40.343] DEBUG: [qnx_commands.py->run_qnx_command()] Trying to run: "chown gm_vpervc:gm_vpervc /tmp/vpe_cli.txt && chmod +w /tmp/vpe_cli.txt" on VCU
[06/08/2024 14:23:40.468] DEBUG: [qnx_commands.py->run_qnx_command()] Trying to run: "echo > /var/log/vpe/early_rvc_service_system_info.log" on ACP3
[06/08/2024 14:23:40.744] DEBUG: [qnx_commands.py->run_qnx_command()] Trying to run: "chown gm_vpervc:gm_vpervc /tmp/vpe_cli.txt && chmod +w /tmp/vpe_cli.txt" on VCU
[06/08/2024 14:23:40.920] DEBUG: [qnx_commands.py->run_qnx_command()] Trying to run: "rm /var/log/vpe/pidin_threads_946237.txt" on ACP3
[06/08/2024 14:23:41.145] DEBUG: [qnx_commands.py->run_qnx_command()] Trying to run: "rm /var/log/vpe/pidin_threads_None.txt" on ACP3
[06/08/2024 14:23:41.357] DEBUG: [qnx_commands.py->run_qnx_command()] Trying to run: "echo > /var/log/vpe/vpe_service.log" on ACP3
[06/08/2024 14:23:41.567] DEBUG: [qnx_commands.py->run_qnx_command()] Trying to run: "chown gm_vpervc:gm_vpervc /tmp/vpe_cli.txt && chmod +w /tmp/vpe_cli.txt" on VCU
[06/08/2024 14:23:41.700] DEBUG: [qnx_commands.py->delete_file()] Deleting file [/var/log/vpe/vpe_service_system_info.log] from QNX os on ACP3
[06/08/2024 14:23:41.708] DEBUG: [qnx_commands.py->run_qnx_command()] Trying to run: "rm /var/log/vpe/vpe_service_system_info.log" on ACP3
[06/08/2024 14:23:41.967] DEBUG: [qnx_commands.py->run_qnx_command()] Trying to run: "ls /var/log/vpe/vpe_service_system_info.log" on ACP3
[06/08/2024 14:23:42.177] DEBUG: [qnx_commands.py->run_qnx_command()] SystemType.ACP3 shell command returned: ls: No such file or directory (/var/log/vpe/vpe_service_system_info.log)
[06/08/2024 14:23:42.191] DEBUG: [qnx_commands.py->delete_file()] Failed Deleting file [/var/log/vpe/vpe_service_system_info.log] from QNX os on ACP3
[06/08/2024 14:23:42.200]  INFO: [print_setup_info.py->print_setup_info()]
##########################################################################
##                      Setup Information
##
##   HIGHLIGHTS:
##         VCU Service: VPMVerInfo: 0.1.0-0000 build from HEAD at 852f57f2 by bgm9hi 2024-07-01T15:33:01
##         ACP3 Platform: 24.4.3-41_24.03.29, N/A, ACP3 Service: N/A
##
##   HOSTNAME: ILHERWDCS347TW0
##   BENCH TYPE: Full Bench
##   AUTOMATION TAG: N/A
##   TESTED ZIP URL: N/A
##   JENKINS:
##       Job: AnyLocalSuite
##       Build Number: 1722943242
##       Node Name: ILHERWDCS347TW0
##       User Name: Unknown
##
##    VCU:
##       Type: VCU
##       VIP: 4VB.175.5.21
##       SOC:
##                        [ro.build.date]: [Mon Jul  1 12:54:05 UTC 2024]
##                        [ro.build.date.utc]: [1719838445]
##                        [ro.build.description]: [aegean_orange-user 12 VCUSM-208 eng.bgm9hi.20240701.125728 test-keys]
##                        [ro.build.id]: [VCUSM-208]
##       Service: VPMVerInfo: 0.1.0-0000 build from HEAD at 852f57f2 by bgm9hi 2024-07-01T15:33:01
##       Release Version: SQBM-632
##       VVI VPE Branch: N/A
##       VVI VPE SHA1: N/A
##
##    ACP3:
##       Type: ACP3
##       MCU: N/A
##       SOC Data: N/A
##       SOC Info: 24.4.3-41_24.03.29
##       Service: N/A
##       UC: how to find it
##       User Settings: 1 1 7 0 
##
##   SIMULATOR:
##       Type: VSPY
##       Version:  3.9.11.11
##       Model: \\nam.isrisln01a.iha.eup.gm.com\nam_gpd_0000000_data001\IPCG_TRC\Users\4_VSPY_Model\PPM Model ATCI Setup Global_B_2024_With_STR.vs3zip
##       Json: Infra\VSPY\Data\VehicleSpyInput_May_4_MY24.json
##
##   CAMERAS:
##      CAMERA 1:
##         Vendor: N/A
##         Driver Ver: N/A
##         Serial Num: N/A
##         Hardware Ver: N/A
##         OEM HW PN Rev: N/A
##         OEM HW PN: N/A
##         OEM SW PN: N/A
##         Resolution: N/A
##         Capabilities:
##           Night Vision: how to find it
##
##   DISPLAY:
##       Vendor: how to find it
##       HW Type: how to find it
##       Size: 34
##
##   RVC AGENT VER: N/A
##   SCREEN DETECTOR: N/A
##
##########################################################################

[06/08/2024 14:23:42.211] DEBUG: [print_setup_info.py->print_setup_info()] Exception in print setup information: 'LogSubSession' object has no attribute '_main_root_dir'
[06/08/2024 14:23:42.217] DEBUG: [qnx_commands.py->run_qnx_command()] Trying to run: "echo "[06-08-2024_14-23-42] [Automation execution] [info] AnyLocalSuite-1722943242 Calling send_vehicle_speed_signal()" > /var/log/vpe/early_rvc_service.log" on ACP3
[06/08/2024 14:23:42.386] DEBUG: [qnx_commands.py->run_qnx_command()] Trying to run: "echo "[06-08-2024_14-23-42] [Automation execution] [info] AnyLocalSuite-1722943242 Calling send_vehicle_speed_signal()" > /var/log/vpe/vpe_service.log" on ACP3
[06/08/2024 14:23:42.588] DEBUG: [qnx_commands.py->run_qnx_command()] Trying to run: "echo "[06-08-2024_14-23-42] [Automation execution] [info] AnyLocalSuite-1722943242 Calling send_vehicle_speed_signal()" > /tmp/vpe_cli.txt" on VCU
[06/08/2024 14:23:42.728] DEBUG: [qnx_commands.py->run_qnx_command()] Trying to run: "chown gm_vpervc:gm_vpervc /tmp/vpe_cli.txt && chmod +w /tmp/vpe_cli.txt" on VCU
[06/08/2024 14:23:42.975]  INFO: [VSPY_wrapper.py->send_vehicle_speed_signal()] Sending Vehicle Speed Signal [0.0 Km/h] via VSPY
[06/08/2024 14:23:42.994] DEBUG: [VSPY_commands.py->set_out_signal_value()] Set TX Signal VehSpdAvgDrvn_Prtctd_PDU->VSADP_VehSpdAvgDrvnAuth new value: 0.0 with command: tx(out18).sg(2).value 0.0
[06/08/2024 14:23:43.211] DEBUG: [VSPY_commands.py->set_out_signal_value()] Set TX Signal VehSpdAvgNDrvn_Prtctd_PDU->VSANDP_VehSpdAvgNDrvnAuth new value: 0.0 with command: tx(out20).sg(2).value 0.0
[06/08/2024 14:23:43.422] DEBUG: [VSPY_commands.py->check_signal_number()] Check TX Signal value: [VehSpdAvgDrvn_Prtctd_PDU]->[VSADP_VehSpdAvgDrvnAuth] matches number value: [0.0] with command: [tx(out18).sg(2).value?]
[06/08/2024 14:23:43.437] DEBUG: [VSPY_commands.py->compare_signal_number()] Signal name [VSADP_VehSpdAvgDrvnAuth] Actual [0.0] Expected [0.0] Threshold value [0.5]
[06/08/2024 14:23:43.451]  INFO: [state_machine_manager.py->create_fsm_by_request()] Create state machine by request - StateMachineTypes.MY24
this is MY24Model
[06/08/2024 14:23:43.465]  INFO: [sv_viewing_sys_vehicle_speed.py->set_speed_avrg_nondriven()] Set Speed Non-Driven to 0.0
[06/08/2024 14:23:43.484]  INFO: [sv_viewing_sys_vehicle_speed.py->set_speed_avrg_driven()] Set Speed Driven to 0.0
[06/08/2024 14:23:43.496] DEBUG: [state_machine_manager.py->create_fsm_by_request()] -----------
[06/08/2024 14:23:43.501]  INFO: [state_machine_manager.py->create_fsm_by_request()] --- StateMachineTypes.MY24 State Machine initialized! ---
[06/08/2024 14:23:43.506] DEBUG: [state_machine_manager.py->create_fsm_by_request()] -----------
[06/08/2024 14:23:43.511]  INFO: [sv_viewing_sys_vehicle_speed.py->set_speed_avrg_nondriven()] Set Speed Non-Driven to 0.0
[06/08/2024 14:23:43.519]  INFO: [sv_viewing_sys_vehicle_speed.py->set_speed_avrg_driven()] Set Speed Driven to 0.0
[06/08/2024 14:23:43.525] DEBUG: [qnx_commands.py->run_qnx_command()] Trying to run: "echo "[06-08-2024_14-23-43] [Automation execution] [info] AnyLocalSuite-1722943242 Calling send_parked_signal()" > /var/log/vpe/early_rvc_service.log" on ACP3
[06/08/2024 14:23:43.635] DEBUG: [qnx_commands.py->run_qnx_command()] Trying to run: "echo "[06-08-2024_14-23-43] [Automation execution] [info] AnyLocalSuite-1722943242 Calling send_parked_signal()" > /var/log/vpe/vpe_service.log" on ACP3
[06/08/2024 14:23:43.847] DEBUG: [qnx_commands.py->run_qnx_command()] Trying to run: "echo "[06-08-2024_14-23-43] [Automation execution] [info] AnyLocalSuite-1722943242 Calling send_parked_signal()" > /tmp/vpe_cli.txt" on VCU
[06/08/2024 14:23:43.983] DEBUG: [qnx_commands.py->run_qnx_command()] Trying to run: "chown gm_vpervc:gm_vpervc /tmp/vpe_cli.txt && chmod +w /tmp/vpe_cli.txt" on VCU
[06/08/2024 14:23:44.222]  INFO: [VSPY_commands.py->send_function_block()] Sending function block for [PARK] via VSPY
[06/08/2024 14:23:44.235] DEBUG: [VSPY_commands.py->get_function_block()] Get function block for [PARK].Command value is [fb(tst0).start]
[06/08/2024 14:23:44.442] DEBUG: [VSPY_commands.py->check_db_signal()] Check DB Signal [SrlDat6_Prtctd_PDU->VMMP_VehMtnMvmtStatAuth] matches value: [Parked] with command: [db(db5466).sg(8).value?]
[06/08/2024 14:23:44.660]  INFO: [SerialCommands.py->connect()] connecting to serial console on COM25
[06/08/2024 14:23:44.803] DEBUG: [SerialCommands.py->connect()] serial connection: Serial<id=0x1cc49425e70, open=True>(port='COM25', baudrate=115200, bytesize=8, parity='N', stopbits=1, timeout=0.25, xonxoff=False, rtscts=False, dsrdtr=False)
[06/08/2024 14:23:44.812] DEBUG: [qnx_commands.py->run_qnx_command()] Trying to run: "pidin -p service_vpe -f a | grep -v pid" on ACP3
[06/08/2024 14:23:44.923] DEBUG: [qnx_commands.py->run_qnx_command()] SystemType.ACP3 shell command returned: 946237
[06/08/2024 14:23:44.939] DEBUG: [qnx_commands.py->run_qnx_command()] Trying to run: "pidin threads > /var/log/vpe/pidin_threads_946237.txt" on ACP3
[06/08/2024 14:23:45.063] DEBUG: [infra_thread.py->run()] Thread is paused
[06/08/2024 14:23:45.137]  INFO: [vpe_service_monitor.py->init_monitor()] VPE Service monitor has started with PID 946237
[06/08/2024 14:23:45.154] DEBUG: [qnx_commands.py->run_qnx_command()] Trying to run: "pidin -p service_vpe -f a | grep -v pid" on ACP3
[06/08/2024 14:23:45.154] DEBUG: [qnx_commands.py->run_qnx_command()] Trying to run: "pidin -p RtosAppMain -f a | grep -v pid" on VCU
[06/08/2024 14:23:45.389] DEBUG: [qnx_commands.py->run_qnx_command()] SystemType.ACP3 shell command returned: 946237
[06/08/2024 14:23:45.383] DEBUG: [qnx_commands.py->run_qnx_command()] SystemType.VCU shell command returned: 1101916
[06/08/2024 14:23:45.392]  INFO: [hmi_service_monitor.py->init_monitor()] HMI Service monitor has started with PID 1101916
[06/08/2024 14:23:45.399] DEBUG: [qnx_commands.py->run_qnx_command()] Trying to run: "pidin -p RtosAppMain -f a | grep -v pid" on VCU
[06/08/2024 14:23:45.399] DEBUG: [RemotePowerController.py->get_setup_name()] Remote Power Controller. System type name [BenchSystemType.FULL_BENCH]
[06/08/2024 14:23:45.406] DEBUG: [VpmPrePostTest.py->run_only_once()] Finished Running Methods that should run only once on first test
[06/08/2024 14:23:45.412] DEBUG: [qnx_commands.py->run_qnx_command()] Trying to run: "rm TBD/*TBD" on ACP3
[06/08/2024 14:23:45.566] DEBUG: [infra_thread.py->run()] Thread is resumed
[06/08/2024 14:23:45.611] DEBUG: [qnx_commands.py->run_qnx_command()] SystemType.ACP3 shell command returned: TBD/*TBD: No such file or directory
[06/08/2024 14:23:45.622] DEBUG: [qnx_commands.py->run_qnx_command()] SystemType.VCU shell command returned: 1101916
[06/08/2024 14:23:45.617] DEBUG: [CoreDumpCollector.py->check_for_core_dumps()] Looking for core dumps at /persist/em/coredumpdir/*.core*
[06/08/2024 14:23:45.624] DEBUG: [qnx_commands.py->run_qnx_command()] Trying to run: "ls /persist/em/coredumpdir/*.core*" on VCU
[06/08/2024 14:23:45.913] DEBUG: [qnx_commands.py->run_qnx_command()] SystemType.VCU shell command returned: ls: No such file or directory (/persist/em/coredumpdir/*.core*)
[06/08/2024 14:23:45.927] DEBUG: [CoreDumpCollector.py->check_for_core_dumps()] List of files on /persist/em/coredumpdir/*.core* is: ls: No such file or directory (/persist/em/coredumpdir/*.core*)
[06/08/2024 14:23:45.938] DEBUG: [qnx_commands.py->run_qnx_command()] Trying to run: "ls /persist/em/coredumpdir/*.core*" on VCU
[06/08/2024 14:23:46.163] DEBUG: [qnx_commands.py->run_qnx_command()] SystemType.VCU shell command returned: ls: No such file or directory (/persist/em/coredumpdir/*.core*)
[06/08/2024 14:23:46.174] DEBUG: [CoreDumpCollector.py->check_for_core_dumps()] Looking for core dumps at /var/log/*.core*
[06/08/2024 14:23:46.182] DEBUG: [qnx_commands.py->run_qnx_command()] Trying to run: "ls /var/log/*.core*" on ACP3
[06/08/2024 14:23:46.293] DEBUG: [qnx_commands.py->run_qnx_command()] SystemType.ACP3 shell command returned: /var/log/SNSDiagnosticsSensingXID-1351766.core.gz
[06/08/2024 14:23:46.298] DEBUG: [CoreDumpCollector.py->check_for_core_dumps()] List of files on /var/log/*.core* is: /var/log/SNSDiagnosticsSensingXID-1351766.core.gz
[06/08/2024 14:23:46.304] DEBUG: [qnx_commands.py->run_qnx_command()] Trying to run: "ls /var/log/*.core*" on ACP3
[06/08/2024 14:23:46.511] DEBUG: [qnx_commands.py->run_qnx_command()] SystemType.ACP3 shell command returned: /var/log/SNSDiagnosticsSensingXID-1351766.core.gz
[06/08/2024 14:23:46.526] DEBUG: [qnx_commands.py->run_qnx_command()] Trying to run: "ls -p /var/log/*.core* | wc -l" on ACP3
[06/08/2024 14:23:46.714] DEBUG: [qnx_commands.py->run_qnx_command()] SystemType.ACP3 shell command returned: 1
[06/08/2024 14:23:46.719] DEBUG: [qnx_commands.py->run_qnx_command()] Trying to run: "ls /var/log" on ACP3
[06/08/2024 14:23:46.925] DEBUG: [qnx_commands.py->run_qnx_command()] SystemType.ACP3 shell command returned: SNSDiagnosticsSensingXID-1351766.core.gz
analyzer
ondevice_logging
vpe
[06/08/2024 14:23:46.930]  WARN: [CoreDumpCollector.py->check_for_core_dumps()] Core dumps for other found at /var/log!
[06/08/2024 14:23:46.934] DEBUG: [qnx_commands.py->run_qnx_command()] Trying to run: "pidin -p service.rvcvpe" on VCU
[06/08/2024 14:23:47.167] DEBUG: [qnx_commands.py->run_qnx_command()] SystemType.VCU shell command returned: pid tid name               prio STATE       Blocked
   57432   1 bin/service.rvcvpe  15r CONDVAR     (0x39c835d298)
   57432   2 bin/service.rvcvpe  15r CONDVAR     (0x39c7a3fac0)
   57432   3 bin/service.rvcvpe  15r NANOSLEEP
   57432   4 bin/service.rvcvpe  15r CONDVAR     (0x39c82834d4)
   57432   5 bin/service.rvcvpe   5r RECEIVE     3
   57432   6 bin/service.rvcvpe  10r REPLY       53289
   57432   7 bin/service.rvcvpe  10r CONDVAR     (0x502e4aa18)
   57432   8 bin/service.rvcvpe  10r NANOSLEEP
   57432   9 bin/service.rvcvpe  10r REPLY       53289
   57432  10 bin/service.rvcvpe  10r CONDVAR     (0x502e4b020)
   57432  11 bin/service.rvcvpe  10r RECEIVE     6
   57432  12 bin/service.rvcvpe  15r CONDVAR     (0x39c7b58da0)
   57432  13 bin/service.rvcvpe  63r RECEIVE     8
   57432  14 bin/service.rvcvpe  15r DEAD
   57432  15 bin/service.rvcvpe  15r CONDVAR     (0x33e6fb51b0)
   57432  16 bin/service.rvcvpe  15r CONDVAR     (0x39c8351570)
   57432  17 bin/service.rvcvpe  15r CONDVAR     (0x39c8351228)
   57432  18 bin/service.rvcvpe  15r CONDVAR     (0x39c8350f58)
   57432  19 bin/service.rvcvpe  15r DEAD
   57432  20 bin/service.rvcvpe  15r CONDVAR     (0x39c8350798)
   57432  21 bin/service.rvcvpe  15r REPLY       53289
   57432  22 bin/service.rvcvpe  10r RECEIVE     2
   57432  23 bin/service.rvcvpe  15r CONDVAR     (0x39c81b84a0)
   57432  24 bin/service.rvcvpe  10r CONDVAR     (0x39c7ccb760)
   57432  25 bin/service.rvcvpe  15r NANOSLEEP
   57432  26 bin/service.rvcvpe  15r NANOSLEEP
   57432  27 bin/service.rvcvpe  15r CONDVAR     (0x39c7d19da8)
   57432  28 bin/service.rvcvpe  15r SIGWAITINFO
[06/08/2024 14:23:47.172]  INFO: [VpmPrePostTest.py->run_rvc_pre_test()] RVC Service on VCU is running at start of Test.
[06/08/2024 14:23:47.179] DEBUG: [qnx_commands.py->run_qnx_command()] Trying to run: "pidin -p service_vpe" on ACP3
[06/08/2024 14:23:47.327] DEBUG: [qnx_commands.py->run_qnx_command()] SystemType.ACP3 shell command returned: pid tid name               prio STATE       Blocked
  946237   1 pe/bin/service_vpe  35r NANOSLEEP
  946237   2 pe/bin/service_vpe  35r CONDVAR     (0x79765920)
  946237   3 pe/bin/service_vpe  35r RECEIVE     2
  946237   4 pe/bin/service_vpe  35r RECEIVE     4
  946237   5 pe/bin/service_vpe  35r RECEIVE     6
  946237   6 pe/bin/service_vpe  35r CONDVAR     (0x126c4430)
  946237   7 pe/bin/service_vpe  35r CONDVAR     (0x1241f790)
  946237   8 pe/bin/service_vpe  35r CONDVAR     (0x12e59820)
  946237   9 pe/bin/service_vpe  35r RECEIVE     14
  946237  10 pe/bin/service_vpe  35r SIGWAITINFO
  946237  11 pe/bin/service_vpe  35r SEM         fff8092130a8000c
  946237  12 pe/bin/service_vpe  35r CONDVAR     (0x7e1d5620)
  946237  13 pe/bin/service_vpe  35r SEM         fff80921144e000c
  946237  14 pe/bin/service_vpe  35r SEM         fff80921395a000c
  946237  15 pe/bin/service_vpe  35r SEM         fff809215342000c
  946237  16 pe/bin/service_vpe  35r SEM         fff80921c4dc000c
  946237  17 pe/bin/service_vpe  35r CONDVAR     (0x12d09f74)
  946237  18 pe/bin/service_vpe  35r CONDVAR     (0x12ecd174)
  946237  19 pe/bin/service_vpe  35r CONDVAR     (0x12ecde74)
  946237  20 pe/bin/service_vpe  35r CONDVAR     (0x12ecdbb4)
  946237  21 pe/bin/service_vpe  35r RECEIVE     17
  946237  22 pe/bin/service_vpe  35r CONDVAR     (0x12d441f4)
  946237  23 pe/bin/service_vpe  35r NANOSLEEP
  946237  24 pe/bin/service_vpe  50r NANOSLEEP
  946237  25 pe/bin/service_vpe  35r CONDVAR     (0x126eee10)
  946237  26 pe/bin/service_vpe  35r REPLY       266282
  946237  27 pe/bin/service_vpe  35r CONDVAR     (0x12f1abf4)
  946237  28 pe/bin/service_vpe  35r NANOSLEEP
  946237  29 pe/bin/service_vpe  35r DEAD
  946237  30 pe/bin/service_vpe  50r NANOSLEEP
  946237  31 pe/bin/service_vpe  50r REPLY       266282
  946237  32 pe/bin/service_vpe  25r CONDVAR     (0x12ba5bd8)
  946237  33 pe/bin/service_vpe  35r NANOSLEEP
  946237  34 pe/bin/service_vpe  35r CONDVAR     (0x12cd9db4)
  946237  35 pe/bin/service_vpe  35r CONDVAR     (0x12417b88)
  946237  36 pe/bin/service_vpe  35r CONDVAR     (0x1241a7e8)
  946237  37 pe/bin/service_vpe  35r CONDVAR     (0x126e2918)
[06/08/2024 14:23:47.351]  INFO: [VpmPrePostTest.py->run_rvc_pre_test()] VPE Service on ACP3 is running at start of Test
[06/08/2024 14:23:47.366] DEBUG: [qnx_commands.py->run_qnx_command()] Trying to run: "pidin -p early_rvc" on ACP3
[06/08/2024 14:23:47.544] DEBUG: [qnx_commands.py->run_qnx_command()] SystemType.ACP3 shell command returned: pid tid name               prio STATE       Blocked
  790569   1 _rvc/bin/early_rvc  35r NANOSLEEP
  790569   2 _rvc/bin/early_rvc  35r CONDVAR     (0x7ccd87c8)
  790569   3 _rvc/bin/early_rvc  35r RECEIVE     4
  790569   4 _rvc/bin/early_rvc  35r RECEIVE     6
  790569   5 _rvc/bin/early_rvc  35r RECEIVE     2
  790569   6 _rvc/bin/early_rvc  35r CONDVAR     (0x1161f830)
  790569   7 _rvc/bin/early_rvc  35r CONDVAR     (0x113a431c)
  790569   8 _rvc/bin/early_rvc  35r CONDVAR     (0x113a418c)
  790569   9 _rvc/bin/early_rvc  35r SIGWAITINFO
  790569  11 _rvc/bin/early_rvc  35r NANOSLEEP
  790569  15 _rvc/bin/early_rvc  35r RECEIVE     11
  790569  17 _rvc/bin/early_rvc  35r SIGWAITINFO
[06/08/2024 14:23:47.556]  INFO: [VpmPrePostTest.py->run_rvc_pre_test()] Early RVC Service on ACP3 is running at start of Test
[06/08/2024 14:23:47.571] DEBUG: [qnx_commands.py->run_qnx_command()] Trying to run: "date" on VCU
[06/08/2024 14:23:47.700] DEBUG: [qnx_commands.py->run_qnx_command()] SystemType.VCU shell command returned: Tue Aug 06 12:23:47  2024
[06/08/2024 14:23:47.711]  INFO: [VpmPrePostTest.py->run_rvc_pre_test()] VCU Date and time: Tue Aug 06 12:23:47  2024
[06/08/2024 14:23:47.724] DEBUG: [signal_buffer_reader.py->enable()] Enabling signals and events buffer are not enabled already
[06/08/2024 14:23:47.739] DEBUG: [qnx_commands.py->run_qnx_command()] Trying to run: "ls /var/log/vpe/signal_status.csv" on VCU
[06/08/2024 14:23:47.974] DEBUG: [qnx_commands.py->run_qnx_command()] SystemType.VCU shell command returned: ls: No such file or directory (/var/log/vpe/signal_status.csv)
[06/08/2024 14:23:47.985] DEBUG: [qnx_commands.py->run_qnx_command()] Trying to run: "ls /var/log/vpe/enable_signals_buffer" on VCU
[06/08/2024 14:23:48.256] DEBUG: [qnx_commands.py->run_qnx_command()] SystemType.VCU shell command returned: /var/log/vpe/enable_signals_buffer
[06/08/2024 14:23:48.261] DEBUG: [qnx_commands.py->run_qnx_command()] Trying to run: "ls /var/log/vpe/enable_events_csv" on VCU
[06/08/2024 14:23:48.556] DEBUG: [qnx_commands.py->run_qnx_command()] SystemType.VCU shell command returned: /var/log/vpe/enable_events_csv
[06/08/2024 14:23:48.565] DEBUG: [qnx_commands.py->run_qnx_command()] Trying to run: "touch /var/log/vpe/enable_signals_buffer /var/log/vpe/enable_events_csv" on VCU
[06/08/2024 14:23:48.818] DEBUG: [qnx_commands.py->run_qnx_command()] Trying to run: "chown -r gm_vpervc:gm_vpervc /var/log/vpe/* && sync" on VCU
[06/08/2024 14:23:49.106] DEBUG: [qnx_commands.py->run_qnx_command()] SystemType.VCU shell command returned: chown: illegal option -- r
[06/08/2024 14:23:49.113] DEBUG: [qnx_commands.py->run_qnx_command()] Trying to run: "ls /var/log/vpe/" on VCU
[06/08/2024 14:23:49.404] DEBUG: [qnx_commands.py->run_qnx_command()] SystemType.VCU shell command returned: enable_events_csv
enable_signals_buffer
vpe_service.log
run_qnx_command(f'ls /var/log/vpe/')='enable_events_csv\nenable_signals_buffer\nvpe_service.log'
[06/08/2024 14:23:49.410] DEBUG: [qnx_commands.py->run_qnx_command()] Trying to run: "ls /var/log/vpe/signal_status.csv" on VCU
[06/08/2024 14:23:49.645] DEBUG: [qnx_commands.py->run_qnx_command()] SystemType.VCU shell command returned: ls: No such file or directory (/var/log/vpe/signal_status.csv)
[06/08/2024 14:23:49.653] DEBUG: [qnx_commands.py->run_qnx_command()] Trying to run: "ls /var/log/vpe/enable_signals_buffer" on VCU
[06/08/2024 14:23:49.892] DEBUG: [qnx_commands.py->run_qnx_command()] SystemType.VCU shell command returned: /var/log/vpe/enable_signals_buffer
[06/08/2024 14:23:49.898] DEBUG: [qnx_commands.py->run_qnx_command()] Trying to run: "ls /var/log/vpe/enable_events_csv" on VCU
[06/08/2024 14:23:50.143] DEBUG: [qnx_commands.py->run_qnx_command()] SystemType.VCU shell command returned: /var/log/vpe/enable_events_csv
[06/08/2024 14:23:50.155]  INFO: [signal_buffer_reader.py->enable()] Signals and Events buffer are enabled, but reboot required
[06/08/2024 14:23:50.166]  INFO: [signal_buffer_reader.py->read_buffer()] Signals Buffer not enabled yet!
[06/08/2024 14:23:50.176]  INFO: [PreTest.py->run_pre_test()] End Pre Test Method Successfully
[06/08/2024 14:23:50.180] DEBUG: [conftest.py->pytest_report_teststatus()] Running tests content post, when: setup, test content: False
[06/08/2024 14:23:50.184]  INFO: [LowLevelTest.py->__init__()] Test description: Test description: Test Cold boot loop: Park -> Cold Boot -> Reverse
Setting artifact directory to D:\projects\vvi-automation\VPM_Automation_Logs\test_cold_boot_park_vcu_m_AVVP171263-30771\low_level_pretest_artifacts
[06/08/2024 14:23:50.190] DEBUG: [CoreDumpEvent.py->is_set()] Check if VPE core dump in process
[06/08/2024 14:23:50.195] DEBUG: [CoreDumpEvent.py->is_set()] Check if VPE core dump in process
[06/08/2024 14:23:50.201] DEBUG: [qnx_commands.py->run_qnx_command()] Trying to run: "echo "[06-08-2024_14-23-50] [Automation execution] [info] AnyLocalSuite-1722943242 Calling send_reverse_signal()" > /var/log/vpe/early_rvc_service.log" on ACP3
[06/08/2024 14:23:50.313] DEBUG: [qnx_commands.py->run_qnx_command()] Trying to run: "echo "[06-08-2024_14-23-50] [Automation execution] [info] AnyLocalSuite-1722943242 Calling send_reverse_signal()" > /var/log/vpe/vpe_service.log" on ACP3
[06/08/2024 14:23:50.514] DEBUG: [qnx_commands.py->run_qnx_command()] Trying to run: "echo "[06-08-2024_14-23-50] [Automation execution] [info] AnyLocalSuite-1722943242 Calling send_reverse_signal()" > /tmp/vpe_cli.txt" on VCU
[06/08/2024 14:23:50.639] DEBUG: [qnx_commands.py->run_qnx_command()] Trying to run: "chown gm_vpervc:gm_vpervc /tmp/vpe_cli.txt && chmod +w /tmp/vpe_cli.txt" on VCU
[06/08/2024 14:23:50.880]  INFO: [VSPY_commands.py->send_function_block()] Sending function block for [REVERSE] via VSPY
[06/08/2024 14:23:50.888] DEBUG: [VSPY_commands.py->get_function_block()] Get function block for [REVERSE].Command value is [fb(tst2).start]
[06/08/2024 14:23:50.947] DEBUG: [SerialCommands.py->read_console_log()] [serial console] underflow in omreactive less then 0 null configs
[06/08/2024 14:23:51.091] DEBUG: [SerialCommands.py->read_console_log()] [serial console] inside rvc vpm system model21206
[06/08/2024 14:23:51.092] DEBUG: [SerialCommands.py->read_console_log()] [serial console] inside rvc vpm system model8
[06/08/2024 14:23:51.096] DEBUG: [VSPY_commands.py->check_db_signal()] Check DB Signal [SrlDat6_Prtctd_PDU->VMMP_VehMtnMvmtStatAuth] matches value: [Reverse] with command: [db(db5466).sg(8).value?]
[06/08/2024 14:23:51.106] DEBUG: [SerialCommands.py->read_console_log()] [serial console] inside rvc vpm system model43
[06/08/2024 14:23:51.155] DEBUG: [SerialCommands.py->read_console_log()] [serial console] error: attempted to show invalid screen | dragselectionactivatescreen()
[06/08/2024 14:23:51.157] DEBUG: [SerialCommands.py->read_console_log()] [serial console] error: attempted to show invalid screen | dragselectionactivatescreen()
[06/08/2024 14:23:51.308] DEBUG: [testing_logs_utils.py->logged_sleep()] Sleeping for 1 seconds
[06/08/2024 14:23:51.651] DEBUG: [SerialCommands.py->read_console_log()] [serial console] error: attempted to show invalid screen | dragselectionactivatescreen()
[06/08/2024 14:23:51.653] DEBUG: [SerialCommands.py->read_console_log()] [serial console] error: attempted to show invalid screen | dragselectionactivatescreen()
[06/08/2024 14:23:51.666] DEBUG: [SerialCommands.py->read_console_log()] [serial console] error: attempted to show invalid screen | dragselectionactivatescreen()
[06/08/2024 14:23:51.668] DEBUG: [SerialCommands.py->read_console_log()] [serial console] error: attempted to show invalid screen | dragselectionactivatescreen()
[06/08/2024 14:23:52.314] DEBUG: [testing_logs_utils.py->logged_sleep()] Done sleeping
[06/08/2024 14:23:52.330] DEBUG: [hmi_manager.py->__init__()] Initialized HmiWrapperL233R6, with HmiRegions34R6
[06/08/2024 14:23:52.345] DEBUG: [hmi_region.py->verify_state()] Trying to verify HmiRegion state CameraSettingsButton_ACTIVE
[06/08/2024 14:23:52.356] DEBUG: [hmi_verify.py->generate_qnx_screenshot_command()] Creating QNX screenshot command
[06/08/2024 14:23:52.363] DEBUG: [hmi_verify.py->qnx_screenshot()] Taking QNX screenshot
[06/08/2024 14:23:52.372] DEBUG: [qnx_commands.py->run_qnx_command()] Trying to run: "rm /var/data//screenshot.bmp" on VCU
[06/08/2024 14:23:52.506] DEBUG: [qnx_commands.py->run_qnx_command()] Trying to run: "screenshot -size=300x700 -pos=5100,1 -file=/var/data//screenshot.bmp -display=1" on VCU
[06/08/2024 14:23:53.679] DEBUG: [hmi_verify.py->_copy_screenshot_from_dut()] Copied screenshot from DUT path: /var/data//screenshot.bmp to Host path: D:\projects\vvi-automation\VPM_Automation_Logs\test_cold_boot_park_vcu_m_AVVP171263-30771\low_level_pretest_artifacts\screenshot.bmp
[06/08/2024 14:23:53.687] DEBUG: [hmi_verify.py->_rename_screenshot()] Trying to rename screenshot
[06/08/2024 14:23:53.701] DEBUG: [hmi_verify.py->_convert_screenshot()] Trying to convert D:\projects\vvi-automation\VPM_Automation_Logs\test_cold_boot_park_vcu_m_AVVP171263-30771\low_level_pretest_artifacts\CameraSettingsButton_ACTIVE.bmp to png
[06/08/2024 14:23:53.747] DEBUG: [hmi_verify.py->_convert_screenshot()] Converted D:\projects\vvi-automation\VPM_Automation_Logs\test_cold_boot_park_vcu_m_AVVP171263-30771\low_level_pretest_artifacts\CameraSettingsButton_ACTIVE.bmp to D:\projects\vvi-automation\VPM_Automation_Logs\test_cold_boot_park_vcu_m_AVVP171263-30771\low_level_pretest_artifacts\CameraSettingsButton_ACTIVE.png
[06/08/2024 14:23:53.760] DEBUG: [hmi_verify.py->_rename_screenshot()] Copied screenshot from D:\projects\vvi-automation\VPM_Automation_Logs\test_cold_boot_park_vcu_m_AVVP171263-30771\low_level_pretest_artifacts\screenshot.bmp to D:\projects\vvi-automation\VPM_Automation_Logs\test_cold_boot_park_vcu_m_AVVP171263-30771\low_level_pretest_artifacts\CameraSettingsButton_ACTIVE.png
[06/08/2024 14:23:53.828] DEBUG: [hmi_verify.py->match_template()] max_match_val_normalized=0.7584041953086853 max_match_val_regular=0.9532651901245117 max_match_loc_normalized=(70, 499) max_match_loc_regular=(70, 499) threshold=0.85
[06/08/2024 14:23:53.836] DEBUG: [hmi_verify.py->match_template()] Best template match of CameraSettingsButton_ACTIVE is 0.7584 in position (70, 499) under screenshot.
[06/08/2024 14:23:53.843] DEBUG: [hmi_verify.py->match_template()] Template not matched, as max_match_val_normalized= 0.7584 < threshold= 0.85.
[06/08/2024 14:23:53.886] DEBUG: [hmi_verify.py->match_template()] max_match_val_normalized=0.9987792372703552 max_match_val_regular=0.9995118379592896 max_match_loc_normalized=(70, 499) max_match_loc_regular=(70, 499) threshold=0.85
[06/08/2024 14:23:53.891] DEBUG: [hmi_verify.py->match_template()] Best template match of CameraSettingsButton_INACTIVE is 0.9988 in position (70, 499) under screenshot.
[06/08/2024 14:23:53.896] DEBUG: [hmi_region.py->verify_state()] Expected hmi_state.state_name='CameraSettingsButton_ACTIVE', found other_state.state_name='CameraSettingsButton_INACTIVE', other_state_match=(70, 499)
[06/08/2024 14:23:53.900] DEBUG: [qnx_commands.py->run_qnx_command()] Trying to run: "qnx_touch -d 1 -x 5270 -y 600" on VCU
[06/08/2024 14:23:54.036] DEBUG: [SerialCommands.py->read_console_log()] [serial console] inside rvc vpm system model44
[06/08/2024 14:23:54.034] DEBUG: [testing_logs_utils.py->logged_sleep()] Sleeping for 1.0 seconds
[06/08/2024 14:23:55.045] DEBUG: [testing_logs_utils.py->logged_sleep()] Done sleeping
[06/08/2024 14:23:55.059] DEBUG: [hmi_region.py->verify_state()] Trying to verify HmiRegion state CameraSettingsButton_ACTIVE
[06/08/2024 14:23:55.069] DEBUG: [hmi_verify.py->generate_qnx_screenshot_command()] Creating QNX screenshot command
[06/08/2024 14:23:55.077] DEBUG: [hmi_verify.py->qnx_screenshot()] Taking QNX screenshot
[06/08/2024 14:23:55.082] DEBUG: [qnx_commands.py->run_qnx_command()] Trying to run: "rm /var/data//screenshot.bmp" on VCU
[06/08/2024 14:23:55.211] DEBUG: [qnx_commands.py->run_qnx_command()] Trying to run: "screenshot -size=300x700 -pos=5100,1 -file=/var/data//screenshot.bmp -display=1" on VCU
[06/08/2024 14:23:56.330] DEBUG: [hmi_verify.py->_copy_screenshot_from_dut()] Copied screenshot from DUT path: /var/data//screenshot.bmp to Host path: D:\projects\vvi-automation\VPM_Automation_Logs\test_cold_boot_park_vcu_m_AVVP171263-30771\low_level_pretest_artifacts\screenshot.bmp
[06/08/2024 14:23:56.334] DEBUG: [hmi_verify.py->_rename_screenshot()] Trying to rename screenshot
[06/08/2024 14:23:56.354] DEBUG: [hmi_verify.py->_convert_screenshot()] Trying to convert D:\projects\vvi-automation\VPM_Automation_Logs\test_cold_boot_park_vcu_m_AVVP171263-30771\low_level_pretest_artifacts\CameraSettingsButton_ACTIVE.bmp to png
[06/08/2024 14:23:56.397] DEBUG: [hmi_verify.py->_convert_screenshot()] Converted D:\projects\vvi-automation\VPM_Automation_Logs\test_cold_boot_park_vcu_m_AVVP171263-30771\low_level_pretest_artifacts\CameraSettingsButton_ACTIVE.bmp to D:\projects\vvi-automation\VPM_Automation_Logs\test_cold_boot_park_vcu_m_AVVP171263-30771\low_level_pretest_artifacts\CameraSettingsButton_ACTIVE.png
[06/08/2024 14:23:56.402] DEBUG: [hmi_verify.py->_rename_screenshot()] Copied screenshot from D:\projects\vvi-automation\VPM_Automation_Logs\test_cold_boot_park_vcu_m_AVVP171263-30771\low_level_pretest_artifacts\screenshot.bmp to D:\projects\vvi-automation\VPM_Automation_Logs\test_cold_boot_park_vcu_m_AVVP171263-30771\low_level_pretest_artifacts\CameraSettingsButton_ACTIVE.png
[06/08/2024 14:23:56.450] DEBUG: [hmi_verify.py->match_template()] max_match_val_normalized=0.998766303062439 max_match_val_regular=0.9994798898696899 max_match_loc_normalized=(70, 499) max_match_loc_regular=(70, 499) threshold=0.85
[06/08/2024 14:23:56.464] DEBUG: [hmi_verify.py->match_template()] Best template match of CameraSettingsButton_ACTIVE is 0.9988 in position (70, 499) under screenshot.
[06/08/2024 14:23:56.472]  INFO: [hmi_region.py->verify_state()] State successfully verified: hmi_state.state_name='CameraSettingsButton_ACTIVE'
[06/08/2024 14:23:56.477] DEBUG: [hmi_region.py->verify_state()] Trying to verify HmiRegion state TopDownViewButton_ACTIVE
[06/08/2024 14:23:56.482] DEBUG: [hmi_verify.py->generate_qnx_screenshot_command()] Creating QNX screenshot command
[06/08/2024 14:23:56.491] DEBUG: [hmi_verify.py->qnx_screenshot()] Taking QNX screenshot
[06/08/2024 14:23:56.497] DEBUG: [qnx_commands.py->run_qnx_command()] Trying to run: "rm /var/data//screenshot.bmp" on VCU
[06/08/2024 14:23:56.635] DEBUG: [qnx_commands.py->run_qnx_command()] Trying to run: "screenshot -size=900x700 -pos=5300,130 -file=/var/data//screenshot.bmp -display=1" on VCU
[06/08/2024 14:23:58.030] DEBUG: [hmi_verify.py->_copy_screenshot_from_dut()] Copied screenshot from DUT path: /var/data//screenshot.bmp to Host path: D:\projects\vvi-automation\VPM_Automation_Logs\test_cold_boot_park_vcu_m_AVVP171263-30771\low_level_pretest_artifacts\screenshot.bmp
[06/08/2024 14:23:58.036] DEBUG: [hmi_verify.py->_rename_screenshot()] Trying to rename screenshot
[06/08/2024 14:23:58.051] DEBUG: [hmi_verify.py->_convert_screenshot()] Trying to convert D:\projects\vvi-automation\VPM_Automation_Logs\test_cold_boot_park_vcu_m_AVVP171263-30771\low_level_pretest_artifacts\TopDownViewButton_ACTIVE.bmp to png
[06/08/2024 14:23:58.199] DEBUG: [hmi_verify.py->_convert_screenshot()] Converted D:\projects\vvi-automation\VPM_Automation_Logs\test_cold_boot_park_vcu_m_AVVP171263-30771\low_level_pretest_artifacts\TopDownViewButton_ACTIVE.bmp to D:\projects\vvi-automation\VPM_Automation_Logs\test_cold_boot_park_vcu_m_AVVP171263-30771\low_level_pretest_artifacts\TopDownViewButton_ACTIVE.png
[06/08/2024 14:23:58.204] DEBUG: [hmi_verify.py->_rename_screenshot()] Copied screenshot from D:\projects\vvi-automation\VPM_Automation_Logs\test_cold_boot_park_vcu_m_AVVP171263-30771\low_level_pretest_artifacts\screenshot.bmp to D:\projects\vvi-automation\VPM_Automation_Logs\test_cold_boot_park_vcu_m_AVVP171263-30771\low_level_pretest_artifacts\TopDownViewButton_ACTIVE.png
[06/08/2024 14:23:58.209] DEBUG: [Utils.py->get_template_image_list()] Found several relevant template files: ['D:\\projects\\vvi-automation\\Infra\\HMIWrappers\\ScreenModelsControllers\\hmi_regions\\template_images\\d34r6\\TopDownViewButton_ACTIVE.bmp', 'D:\\projects\\vvi-automation\\Infra\\HMIWrappers\\ScreenModelsControllers\\hmi_regions\\template_images\\d34r6\\TopDownViewButton_ACTIVE2.bmp']
[06/08/2024 14:23:58.332] DEBUG: [hmi_verify.py->match_template()] max_match_val_normalized=0.935064971446991 max_match_val_regular=0.9384133219718933 max_match_loc_normalized=(90, 0) max_match_loc_regular=(90, 0) threshold=0.95
[06/08/2024 14:23:58.343] DEBUG: [hmi_verify.py->match_template()] Best template match of TopDownViewButton_ACTIVE is 0.9351 in position (90, 0) under screenshot.
[06/08/2024 14:23:58.356] DEBUG: [hmi_verify.py->match_template()] Template not matched, as max_match_val_normalized= 0.9351 < threshold= 0.95.
[06/08/2024 14:23:58.499] DEBUG: [hmi_verify.py->match_template()] max_match_val_normalized=0.9999195337295532 max_match_val_regular=1.0 max_match_loc_normalized=(100, 0) max_match_loc_regular=(100, 0) threshold=0.95
[06/08/2024 14:23:58.505] DEBUG: [hmi_verify.py->match_template()] Best template match of TopDownViewButton_ACTIVE2 is 0.9999 in position (100, 0) under screenshot.
[06/08/2024 14:23:58.513]  INFO: [hmi_region.py->verify_state()] State successfully verified: hmi_state.state_name='TopDownViewButton_ACTIVE'
[06/08/2024 14:23:58.517] DEBUG: [hmi_region.py->verify_state()] Trying to verify HmiRegion state GuidelinesStandardButton_ACTIVE
[06/08/2024 14:23:58.522] DEBUG: [hmi_verify.py->generate_qnx_screenshot_command()] Creating QNX screenshot command
[06/08/2024 14:23:58.526] DEBUG: [hmi_verify.py->qnx_screenshot()] Taking QNX screenshot
[06/08/2024 14:23:58.531] DEBUG: [qnx_commands.py->run_qnx_command()] Trying to run: "rm /var/data//screenshot.bmp" on VCU
[06/08/2024 14:23:58.666] DEBUG: [qnx_commands.py->run_qnx_command()] Trying to run: "screenshot -size=900x550 -pos=5300,450 -file=/var/data//screenshot.bmp -display=1" on VCU
[06/08/2024 14:23:59.942] DEBUG: [hmi_verify.py->_copy_screenshot_from_dut()] Copied screenshot from DUT path: /var/data//screenshot.bmp to Host path: D:\projects\vvi-automation\VPM_Automation_Logs\test_cold_boot_park_vcu_m_AVVP171263-30771\low_level_pretest_artifacts\screenshot.bmp
[06/08/2024 14:23:59.949] DEBUG: [hmi_verify.py->_rename_screenshot()] Trying to rename screenshot
[06/08/2024 14:23:59.964] DEBUG: [hmi_verify.py->_convert_screenshot()] Trying to convert D:\projects\vvi-automation\VPM_Automation_Logs\test_cold_boot_park_vcu_m_AVVP171263-30771\low_level_pretest_artifacts\GuidelinesStandardButton_ACTIVE.bmp to png
[06/08/2024 14:24:00.083] DEBUG: [hmi_verify.py->_convert_screenshot()] Converted D:\projects\vvi-automation\VPM_Automation_Logs\test_cold_boot_park_vcu_m_AVVP171263-30771\low_level_pretest_artifacts\GuidelinesStandardButton_ACTIVE.bmp to D:\projects\vvi-automation\VPM_Automation_Logs\test_cold_boot_park_vcu_m_AVVP171263-30771\low_level_pretest_artifacts\GuidelinesStandardButton_ACTIVE.png
[06/08/2024 14:24:00.089] DEBUG: [hmi_verify.py->_rename_screenshot()] Copied screenshot from D:\projects\vvi-automation\VPM_Automation_Logs\test_cold_boot_park_vcu_m_AVVP171263-30771\low_level_pretest_artifacts\screenshot.bmp to D:\projects\vvi-automation\VPM_Automation_Logs\test_cold_boot_park_vcu_m_AVVP171263-30771\low_level_pretest_artifacts\GuidelinesStandardButton_ACTIVE.png
[06/08/2024 14:24:00.094] DEBUG: [Utils.py->get_template_image_list()] Found several relevant template files: ['D:\\projects\\vvi-automation\\Infra\\HMIWrappers\\ScreenModelsControllers\\hmi_regions\\template_images\\d34r6\\GuidelinesStandardButton_ACTIVE.bmp', 'D:\\projects\\vvi-automation\\Infra\\HMIWrappers\\ScreenModelsControllers\\hmi_regions\\template_images\\d34r6\\GuidelinesStandardButton_ACTIVE2.bmp']
[06/08/2024 14:24:00.197] DEBUG: [hmi_verify.py->match_template()] max_match_val_normalized=0.5717183947563171 max_match_val_regular=0.46902498602867126 max_match_loc_normalized=(110, 74) max_match_loc_regular=(110, 74) threshold=0.85
[06/08/2024 14:24:00.202] DEBUG: [hmi_verify.py->match_template()] Best template match of GuidelinesStandardButton_ACTIVE is 0.5717 in position (110, 74) under screenshot.
[06/08/2024 14:24:00.207] DEBUG: [hmi_verify.py->match_template()] Template not matched, as max_match_val_normalized= 0.5717 < threshold= 0.85.
[06/08/2024 14:24:00.298] DEBUG: [hmi_verify.py->match_template()] max_match_val_normalized=0.9844560623168945 max_match_val_regular=0.9932949542999268 max_match_loc_normalized=(150, 50) max_match_loc_regular=(150, 50) threshold=0.85
[06/08/2024 14:24:00.303] DEBUG: [hmi_verify.py->match_template()] Best template match of GuidelinesStandardButton_ACTIVE2 is 0.9845 in position (150, 50) under screenshot.
[06/08/2024 14:24:00.311]  INFO: [hmi_region.py->verify_state()] State successfully verified: hmi_state.state_name='GuidelinesStandardButton_ACTIVE'
[06/08/2024 14:24:00.317] DEBUG: [qnx_commands.py->run_qnx_command()] Trying to run: "echo "[06-08-2024_14-24-00] [Automation execution] [info] AnyLocalSuite-1722943242 Calling send_parked_signal()" > /var/log/vpe/early_rvc_service.log" on ACP3
[06/08/2024 14:24:00.431] DEBUG: [qnx_commands.py->run_qnx_command()] Trying to run: "echo "[06-08-2024_14-24-00] [Automation execution] [info] AnyLocalSuite-1722943242 Calling send_parked_signal()" > /var/log/vpe/vpe_service.log" on ACP3
[06/08/2024 14:24:00.644] DEBUG: [qnx_commands.py->run_qnx_command()] Trying to run: "echo "[06-08-2024_14-24-00] [Automation execution] [info] AnyLocalSuite-1722943242 Calling send_parked_signal()" > /tmp/vpe_cli.txt" on VCU
[06/08/2024 14:24:00.786] DEBUG: [qnx_commands.py->run_qnx_command()] Trying to run: "chown gm_vpervc:gm_vpervc /tmp/vpe_cli.txt && chmod +w /tmp/vpe_cli.txt" on VCU
[06/08/2024 14:24:01.052]  INFO: [VSPY_commands.py->send_function_block()] Sending function block for [PARK] via VSPY
[06/08/2024 14:24:01.063] DEBUG: [VSPY_commands.py->get_function_block()] Get function block for [PARK].Command value is [fb(tst0).start]
[06/08/2024 14:24:01.154] DEBUG: [SerialCommands.py->read_console_log()] [serial console] inside rvc vpm system model21217
[06/08/2024 14:24:01.284] DEBUG: [VSPY_commands.py->check_db_signal()] Check DB Signal [SrlDat6_Prtctd_PDU->VMMP_VehMtnMvmtStatAuth] matches value: [Parked] with command: [db(db5466).sg(8).value?]
[06/08/2024 14:24:01.489]  INFO: [LowLevelTest.py->try_pre_test_multiple_times()] Passed preconditions for low-level-Cold Boot
Setting artifact directory to D:\projects\vvi-automation\VPM_Automation_Logs\test_cold_boot_park_vcu_m_AVVP171263-30771
[06/08/2024 14:24:01.497]  INFO: [LowLevelTest.py->run_loop()] Starting Cold Boot test loop for 5 iterations
[06/08/2024 14:24:01.501]  INFO: [LowLevelTest.py->init_iteration()] Starting Iteration 1 of 5
Setting artifact directory to D:\projects\vvi-automation\VPM_Automation_Logs\test_cold_boot_park_vcu_m_AVVP171263-30771\iteration_1
Setting artifact directory to D:\projects\vvi-automation\VPM_Automation_Logs\test_cold_boot_park_vcu_m_AVVP171263-30771\iteration_1\expected_views
[06/08/2024 14:24:01.505]  INFO: [ColdBootVcum.py->perform_iteration()] Changing gear to Park at the start of the test
[06/08/2024 14:24:01.509] DEBUG: [message_medium_factory.py->create_medium()] Running With VSPY as Car Simulator
[06/08/2024 14:24:01.524] DEBUG: [VSPY_commands.py->init()] Vehicle Spy already initialized, no need to re-init...
[06/08/2024 14:24:01.533]  INFO: [VSPY_commands.py->send_function_block()] Sending function block for [PARK] via VSPY
[06/08/2024 14:24:01.540] DEBUG: [VSPY_commands.py->get_function_block()] Get function block for [PARK].Command value is [fb(tst0).start]
[06/08/2024 14:24:01.747] DEBUG: [VSPY_commands.py->check_db_signal()] Check DB Signal [SrlDat6_Prtctd_PDU->VMMP_VehMtnMvmtStatAuth] matches value: [Parked] with command: [db(db5466).sg(8).value?]
[06/08/2024 14:24:01.922] DEBUG: [SerialCommands.py->read_console_log()] [serial console] exception - infinite loop of null transitions found
[06/08/2024 14:24:01.973] DEBUG: [testing_logs_utils.py->logged_sleep()] Sleeping for 3 seconds
[06/08/2024 14:24:04.986] DEBUG: [testing_logs_utils.py->logged_sleep()] Done sleeping
[06/08/2024 14:24:05.000] DEBUG: [CoreDumpEvent.py->is_set()] Check if VPE core dump in process
[06/08/2024 14:24:05.011] DEBUG: [hmi_verify.py->generate_qnx_screenshot_command()] Creating QNX screenshot command
[06/08/2024 14:24:05.018] DEBUG: [hmi_verify.py->qnx_screenshot()] Taking QNX screenshot
[06/08/2024 14:24:05.023] DEBUG: [qnx_commands.py->run_qnx_command()] Trying to run: "rm /var/data//screenshot.bmp" on VCU
[06/08/2024 14:24:05.150] DEBUG: [qnx_commands.py->run_qnx_command()] Trying to run: "screenshot -size=2000x1200 -pos=6230,1 -file=/var/data//screenshot.bmp -display=1" on VCU
[06/08/2024 14:24:09.539] DEBUG: [hmi_verify.py->_copy_screenshot_from_dut()] Copied screenshot from DUT path: /var/data//screenshot.bmp to Host path: D:\projects\vvi-automation\VPM_Automation_Logs\test_cold_boot_park_vcu_m_AVVP171263-30771\iteration_1\expected_views\screenshot.bmp
[06/08/2024 14:24:09.543] DEBUG: [hmi_verify.py->_rename_screenshot()] Trying to rename screenshot
[06/08/2024 14:24:09.566] DEBUG: [hmi_verify.py->_convert_screenshot()] Trying to convert D:\projects\vvi-automation\VPM_Automation_Logs\test_cold_boot_park_vcu_m_AVVP171263-30771\iteration_1\expected_views\expected_android_after_park.bmp to png
[06/08/2024 14:24:09.633] DEBUG: [hmi_verify.py->_convert_screenshot()] Converted D:\projects\vvi-automation\VPM_Automation_Logs\test_cold_boot_park_vcu_m_AVVP171263-30771\iteration_1\expected_views\expected_android_after_park.bmp to D:\projects\vvi-automation\VPM_Automation_Logs\test_cold_boot_park_vcu_m_AVVP171263-30771\iteration_1\expected_views\expected_android_after_park.png
[06/08/2024 14:24:09.638] DEBUG: [hmi_verify.py->_rename_screenshot()] Copied screenshot from D:\projects\vvi-automation\VPM_Automation_Logs\test_cold_boot_park_vcu_m_AVVP171263-30771\iteration_1\expected_views\screenshot.bmp to D:\projects\vvi-automation\VPM_Automation_Logs\test_cold_boot_park_vcu_m_AVVP171263-30771\iteration_1\expected_views\expected_android_after_park.png
[06/08/2024 14:24:09.884]  INFO: [hmi_verify.py->validate_no_green_in_image()]
[06/08/2024 14:24:09.894]  INFO: [web_cam_util.py->start()] Video Capture started
[06/08/2024 14:24:09.894]  INFO: [ColdBootVcum.py->perform_iteration()] Initiating cold boot Procedure
[06/08/2024 14:24:09.901]  INFO: [ClientPowerFullBench.py->set_off_mode()] Set to Off mode in full Bench setup
[06/08/2024 14:24:10.359] DEBUG: [USBRelay.py->set_relay()] Changed channel DisplayFreeForm to Off successfully
[06/08/2024 14:24:10.889] DEBUG: [testing_logs_utils.py->logged_sleep()] Sleeping for 2 seconds
[06/08/2024 14:24:11.325] DEBUG: [USBRelay.py->set_relay()] Changed channel DisplayRectangle to Off successfully
[06/08/2024 14:24:12.291] DEBUG: [USBRelay.py->set_relay()] Changed channel CGM to Off successfully
[06/08/2024 14:24:12.892] DEBUG: [testing_logs_utils.py->logged_sleep()] Done sleeping
[06/08/2024 14:24:13.259] DEBUG: [USBRelay.py->set_relay()] Changed channel TCP to Off successfully
[06/08/2024 14:24:14.226] DEBUG: [USBRelay.py->set_relay()] Changed channel Brake to Off successfully
[06/08/2024 14:24:14.873] DEBUG: [qnx_commands.py->run_qnx_command()] Trying to run: "echo telnet_available" on VCU
[06/08/2024 14:24:15.000] DEBUG: [qnx_commands.py->run_qnx_command()] SystemType.VCU shell command returned: telnet_available
[06/08/2024 14:24:15.001]  INFO: [qnx_commands.py->check_qnx_available()] QNX connection [VCU] is Available.
[06/08/2024 14:24:15.002]  INFO: [dlt_ongoing_collector.py->__fetch_logs()] fetching new dlt logs
[06/08/2024 14:24:15.003] DEBUG: [qnx_commands.py->run_qnx_command()] Trying to run: "ls /var/log/dlt_raw | grep .dlt" on VCU
[06/08/2024 14:24:15.184] DEBUG: [USBRelay.py->set_relay()] Changed channel Brake_2 to Off successfully
[06/08/2024 14:24:15.234] DEBUG: [qnx_commands.py->run_qnx_command()] SystemType.VCU shell command returned: Audio.249.dlt
CriticalSoc.190.dlt
Soc.084.dlt
Vip.131.dlt
parse_dlt.sh
[06/08/2024 14:24:15.391] DEBUG: [qnx_commands.py->run_qnx_command()] Trying to run: "pidin -p service_vpe -f a | grep -v pid" on ACP3
[06/08/2024 14:24:15.498] DEBUG: [qnx_commands.py->run_qnx_command()] SystemType.ACP3 shell command returned: 946237
[06/08/2024 14:24:15.624] DEBUG: [qnx_commands.py->run_qnx_command()] Trying to run: "pidin -p RtosAppMain -f a | grep -v pid" on VCU
[06/08/2024 14:24:15.742] DEBUG: [qnx_commands.py->run_qnx_command()] SystemType.VCU shell command returned: 1101916
[06/08/2024 14:24:16.145] DEBUG: [USBRelay.py->set_relay()] Changed channel Start to Off successfully
[06/08/2024 14:24:17.104] DEBUG: [USBRelay.py->set_relay()] Changed channel Start_2 to Off successfully
[06/08/2024 14:24:18.070] DEBUG: [USBRelay.py->set_relay()] Changed channel Doors_Ajar to Off successfully
[06/08/2024 14:24:19.038] DEBUG: [USBRelay.py->set_relay()] Changed channel BCM to Off successfully
[06/08/2024 14:24:19.997] DEBUG: [USBRelay.py->set_relay()] Changed channel CSM to Off successfully
[06/08/2024 14:24:20.967] DEBUG: [USBRelay.py->set_relay()] Changed channel ACP3 to Off successfully
[06/08/2024 14:24:21.936] DEBUG: [USBRelay.py->set_relay()] Changed channel Start_3 to Off successfully
[06/08/2024 14:24:22.895] DEBUG: [USBRelay.py->set_relay()] Changed channel Start_4 to Off successfully
[06/08/2024 14:24:23.862] DEBUG: [USBRelay.py->set_relay()] Changed channel Channel_15 to Off successfully
[06/08/2024 14:24:24.417]  WARN: [ping_util.py->ping_thread_method()] VCU TCP Connection Is Down!
[06/08/2024 14:24:24.417]  WARN: [ping_util.py->ping_thread_method()] ACP3 TCP Connection Is Down!
[06/08/2024 14:24:24.831] DEBUG: [USBRelay.py->set_relay()] Changed channel Hardwire_Reverse to Off successfully
[06/08/2024 14:24:25.341]  INFO: [ClientPowerFullBench.py->set_power_mode_on()] Set to Run mode in full Bench setup
[06/08/2024 14:24:25.345] DEBUG: [USBRelay.py->full_start_engine()] full_start_engine() MY24 Full start engine. Perform full start engine via USB relay
[06/08/2024 14:24:25.354] DEBUG: [USBRelay.py->set_all_ecus()] set_all_ecus
[06/08/2024 14:24:25.917] DEBUG: [USBRelay.py->set_relay()] Changed channel ACP3 to On successfully
[06/08/2024 14:24:26.481] DEBUG: [USBRelay.py->set_relay()] Changed channel BCM to On successfully
[06/08/2024 14:24:27.041] DEBUG: [USBRelay.py->set_relay()] Changed channel CGM to On successfully
[06/08/2024 14:24:27.609] DEBUG: [USBRelay.py->set_relay()] Changed channel CSM to On successfully
[06/08/2024 14:24:27.931] DEBUG: [SerialCommands.py->read_console_log()] [serial console]
[06/08/2024 14:24:28.073] DEBUG: [USBRelay.py->set_relay()] Changed channel Doors_Ajar to On successfully
[06/08/2024 14:24:28.241] DEBUG: [SerialCommands.py->read_console_log()] [serial console] read_softsku_pt:135 softsku partition not found, continuing with raw sku id
[06/08/2024 14:24:28.256] DEBUG: [SerialCommands.py->read_console_log()] [serial console] cannot initialize softsku, continue with normal sku id
[06/08/2024 14:24:28.354] DEBUG: [SerialCommands.py->read_console_log()] [serial console] swdl_init:549 system banked to "a"
[06/08/2024 14:24:28.370] DEBUG: [SerialCommands.py->read_console_log()] [serial console] crm: qxa.qa.5.0.r12-00019-sa8155p.hyp-1 (built 2024/05/12-09:33:01-pdt)
[06/08/2024 14:24:28.400] DEBUG: [SerialCommands.py->read_console_log()] [serial console] el2 save/restore init (built: nov  8 2021 19:27:17)
[06/08/2024 14:24:28.402] DEBUG: [SerialCommands.py->read_console_log()] [serial console] exiting bootstrap executable el2-save-restore
[06/08/2024 14:24:28.404] DEBUG: [SerialCommands.py->read_console_log()] [serial console] mmflags=219
[06/08/2024 14:24:28.465] DEBUG: [SerialCommands.py->read_console_log()] [serial console] activating ringbuffer @ 0x80224000 size 16352
[06/08/2024 14:24:28.470] DEBUG: [SerialCommands.py->read_console_log()] [serial console] all clockcycles offsets within tolerance
[06/08/2024 14:24:28.475] DEBUG: [SerialCommands.py->read_console_log()] [serial console] no #1262888 wa needed on cpu0
[06/08/2024 14:24:28.481] DEBUG: [SerialCommands.py->read_console_log()] [serial console] no #1262888 wa needed on cpu1
[06/08/2024 14:24:28.486] DEBUG: [SerialCommands.py->read_console_log()] [serial console] no #1262888 wa needed on cpu2
[06/08/2024 14:24:28.491] DEBUG: [SerialCommands.py->read_console_log()] [serial console] no #1262888 wa needed on cpu3
[06/08/2024 14:24:28.497] DEBUG: [SerialCommands.py->read_console_log()] [serial console] #1262888 wa needed on cpu4
[06/08/2024 14:24:28.503] DEBUG: [SerialCommands.py->read_console_log()] [serial console] #1262888 wa needed on cpu5
[06/08/2024 14:24:28.508] DEBUG: [SerialCommands.py->read_console_log()] [serial console] #1262888 wa needed on cpu6
[06/08/2024 14:24:28.514] DEBUG: [SerialCommands.py->read_console_log()] [serial console] #1262888 wa needed on cpu7
[06/08/2024 14:24:28.518] DEBUG: [SerialCommands.py->read_console_log()] [serial console] hypervisor running
[06/08/2024 14:24:28.522] DEBUG: [SerialCommands.py->read_console_log()] [serial console] slog2_api: cannot connect to slogger2 server...errno=no such file or directory
[06/08/2024 14:24:28.736] DEBUG: [SerialCommands.py->read_console_log()] [serial console] # pps_early: notice: pps initializing
[06/08/2024 14:24:28.768] DEBUG: [SerialCommands.py->read_console_log()] [serial console] pps_early: notice: pps attaching /early_pps
[06/08/2024 14:24:28.771] DEBUG: [SerialCommands.py->read_console_log()] [serial console] pps_early: notice: pps attached /early_pps major 2 minor 4
[06/08/2024 14:24:28.784] DEBUG: [SerialCommands.py->read_console_log()] [serial console] ### starting inc tp layer resource manager ###
[06/08/2024 14:24:28.817] DEBUG: [SerialCommands.py->read_console_log()] [serial console] inc-tp: versions: qnx = 12.0, ar = 12.0
[06/08/2024 14:24:28.832] DEBUG: [SerialCommands.py->read_console_log()] [serial console] start parameter-provider
[06/08/2024 14:24:28.864] DEBUG: [SerialCommands.py->read_console_log()] [serial console] inc-tp: inc tp registered with ham successfully
[06/08/2024 14:24:28.928] DEBUG: [SerialCommands.py->read_console_log()] [serial console] qnx.kern.droproot: 0 -> 1
[06/08/2024 14:24:28.929] DEBUG: [SerialCommands.py->read_console_log()] [serial console] diag_service_launcher : diag_service started
[06/08/2024 14:24:29.043] DEBUG: [USBRelay.py->set_relay()] Changed channel Doors_Ajar to Off successfully
[06/08/2024 14:24:29.121] DEBUG: [SerialCommands.py->read_console_log()] [serial console] libcp configuration_file_read:264: source configuration path: /etc/system/config/fidm/29dbdc45-e0bb-4f2a-9b04-bbfa5aa4962f/gmvcu-topology-17-graphics.conf
[06/08/2024 14:24:29.138] DEBUG: [SerialCommands.py->read_console_log()] [serial console] libcp configuration_file_read:303: 704 of 704 were read
[06/08/2024 14:24:29.168] DEBUG: [SerialCommands.py->read_console_log()] [serial console] slogger_init successful!
[06/08/2024 14:24:29.360] DEBUG: [SerialCommands.py->read_console_log()] [serial console] warn: ssplash[175]: no image to show, will still power on all displays!
[06/08/2024 14:24:29.363] DEBUG: [SerialCommands.py->read_console_log()] [serial console] warn: ssplash[176]: to show image, please refer "use ssplash"
[06/08/2024 14:24:29.376] DEBUG: [SerialCommands.py->read_console_log()] [serial console] slogger_init successful!
[06/08/2024 14:24:29.410]  WARN: [ping_util.py->ping_thread_method()] VCU TCP Connection Is Down!
[06/08/2024 14:24:29.410]  WARN: [ping_util.py->ping_thread_method()] ACP3 TCP Connection Is Down!
[06/08/2024 14:24:29.440] DEBUG: [SerialCommands.py->read_console_log()] [serial console] [audio-/asclauncher] pvmode configuration: 0
[06/08/2024 14:24:29.441] DEBUG: [SerialCommands.py->read_console_log()] [serial console] audio configuration:1
[06/08/2024 14:24:29.501] DEBUG: [USBRelay.py->set_relay()] Changed channel Brake to On successfully
[06/08/2024 14:24:29.552] DEBUG: [SerialCommands.py->read_console_log()] [serial console] openwfd_server: dropped abilities successfully
[06/08/2024 14:24:29.680] DEBUG: [SerialCommands.py->read_console_log()] [serial console] swdl_init:549 system banked to "a"
[06/08/2024 14:24:29.760] DEBUG: [SerialCommands.py->read_console_log()] [serial console] alogfrontend::readenvbeloglevel:invalid env value. fallback to def(debug2)
[06/08/2024 14:24:29.764] DEBUG: [SerialCommands.py->read_console_log()] [serial console] alogfrontend::readenvbeloglevel:invalid env value. fallback to def(debug2)
[06/08/2024 14:24:29.776] DEBUG: [SerialCommands.py->read_console_log()] [serial console] alogfrontend::readenvgloballoglevel:invalid env value. fallback to def(debug2)
[06/08/2024 14:24:29.792] DEBUG: [SerialCommands.py->read_console_log()] [serial console] /var/log/ondevice_logging/diagdiridx: no such file or directory
[06/08/2024 14:24:29.872] DEBUG: [SerialCommands.py->read_console_log()] [serial console] /var/log/ondevice_logging/logs.txt: no such file or directory
[06/08/2024 14:24:29.874] DEBUG: [SerialCommands.py->read_console_log()] [serial console] pps_late: notice: pps initializing
[06/08/2024 14:24:29.936] DEBUG: [SerialCommands.py->read_console_log()] [serial console] pps_late: warning: /etc/pps_late.cfg:60:gm/hmicluster: acl supercedes mode (was 0644 now 0664)
[06/08/2024 14:24:29.952] DEBUG: [SerialCommands.py->read_console_log()] [serial console] loading deva-ctrl-qc version 0.94.0 on [jul  1 2024]...
[06/08/2024 14:24:29.962] DEBUG: [USBRelay.py->set_relay()] Changed channel Start to On successfully
[06/08/2024 14:24:29.969] DEBUG: [SerialCommands.py->read_console_log()] [serial console] pps_late: notice: pps attaching /pps
[06/08/2024 14:24:29.973] DEBUG: [SerialCommands.py->read_console_log()] [serial console] pps_late: notice: pps attached /pps major 2 minor 14
[06/08/2024 14:24:29.983] DEBUG: [SerialCommands.py->read_console_log()] [serial console] alogfrontend::readenvbeloglevel:invalid env value. fallback to def(debug2)
[06/08/2024 14:24:29.986] DEBUG: [SerialCommands.py->read_console_log()] [serial console] alogfrontend::readenvbeloglevel:invalid env value. fallback to def(debug2)
[06/08/2024 14:24:29.988] DEBUG: [SerialCommands.py->read_console_log()] [serial console] alogfrontend::readenvgloballoglevel:invalid env value. fallback to def(debug2)
[06/08/2024 14:24:29.999] DEBUG: [SerialCommands.py->read_console_log()] [serial console] logger init start
[06/08/2024 14:24:30.002] DEBUG: [SerialCommands.py->read_console_log()] [serial console] with slog: log tag: rvc_service
[06/08/2024 14:24:30.007] DEBUG: [SerialCommands.py->read_console_log()] [serial console] [1970-01-01 00:00:02.310] [cli] [info] <t_1>vpmverinfo: 0.1.0-0000 build from head at 852f57f2 by bgm9hi 2024-07-01t15:33:01
[06/08/2024 14:24:30.017] DEBUG: [SerialCommands.py->read_console_log()] [serial console] [1970-01-01 00:00:02.311] [cli] [info] <t_1>vpmverinfo: 0.1.0-0000 build from head at 852f57f2 by bgm9hi 2024-07-01t15:33:01
[06/08/2024 14:24:30.019] DEBUG: [SerialCommands.py->read_console_log()] [serial console] tdm1_adsp_rx_2ch_logging disabled
[06/08/2024 14:24:30.031] DEBUG: [SerialCommands.py->read_console_log()] [serial console] tdm1_adsp_tx_2ch_logging disabled
[06/08/2024 14:24:30.033] DEBUG: [SerialCommands.py->read_console_log()] [serial console] tdm2_mdsp_rx_8ch_logging disabled
[06/08/2024 14:24:30.036] DEBUG: [SerialCommands.py->read_console_log()] [serial console] tdm2_mdsp_tx_8ch_logging disabled
[06/08/2024 14:24:30.038] DEBUG: [SerialCommands.py->read_console_log()] [serial console] tdm3_mdsp_rx_16ch_logging disabled
[06/08/2024 14:24:30.041] DEBUG: [SerialCommands.py->read_console_log()] [serial console] tdm3_adsp_rx_16ch_logging disabled
[06/08/2024 14:24:30.048] DEBUG: [SerialCommands.py->read_console_log()] [serial console] tdm3_adsp_tx_16ch_logging disabled
[06/08/2024 14:24:30.051] DEBUG: [SerialCommands.py->read_console_log()] [serial console] tdm4_adsp_tx_8ch_logging enabled channel_mask=0xff
[06/08/2024 14:24:30.054] DEBUG: [SerialCommands.py->read_console_log()] [serial console] tdm5_mdsp_rx_16ch_logging disabled
[06/08/2024 14:24:30.056] DEBUG: [SerialCommands.py->read_console_log()] [serial console] tdm5_adsp_tx_16ch_logging disabled
[06/08/2024 14:24:30.064] DEBUG: [SerialCommands.py->read_console_log()] [serial console] tdm5_mdsp_tx_16ch_logging disabled
[06/08/2024 14:24:30.066] DEBUG: [SerialCommands.py->read_console_log()] [serial console] loading deva-ctrl-qc version 0.94.0 on [jul  1 2024]...
[06/08/2024 14:24:30.113] DEBUG: [SerialCommands.py->read_console_log()] [serial console] network_mgr_launcher : soc platform : global
[06/08/2024 14:24:30.117] DEBUG: [SerialCommands.py->read_console_log()] [serial console] network_mgr_launcher : starting network_mgr with global config
[06/08/2024 14:24:30.161] DEBUG: [SerialCommands.py->read_console_log()] [serial console] failed to get configuration file data
[06/08/2024 14:24:30.179] DEBUG: [SerialCommands.py->read_console_log()] [serial console] network-mgr started with config file[s] : /etc/network_base_config_global.json;/etc/network_hyp_config_global.json
[06/08/2024 14:24:30.185] DEBUG: [SerialCommands.py->read_console_log()] [serial console] failed to get configuration file data
[06/08/2024 14:24:30.352] DEBUG: [SerialCommands.py->read_console_log()] [serial console] failed to get configuration file data
[06/08/2024 14:24:30.400] DEBUG: [SerialCommands.py->read_console_log()] [serial console] [    1.927827]~dlt~122979~info     ~socket /tmp/dlt cannot be opened. retrying later...
[06/08/2024 14:24:30.528] DEBUG: [SerialCommands.py->read_console_log()] [serial console] swdl_init:549 system banked to "a"
[06/08/2024 14:24:30.560] DEBUG: [SerialCommands.py->read_console_log()] [serial console] #######################################
[06/08/2024 14:24:30.592] DEBUG: [SerialCommands.py->read_console_log()] [serial console] slmlauncher : hw_vehicle_platform_global
[06/08/2024 14:24:30.593] DEBUG: [SerialCommands.py->read_console_log()] [serial console] slmlauncher : starting slm with slm.xml
[06/08/2024 14:24:30.608] DEBUG: [SerialCommands.py->read_console_log()] [serial console] build_id=rb_main_2024.26.7-11-gd9f049d00a-change_798053_2
[06/08/2024 14:24:30.610] DEBUG: [SerialCommands.py->read_console_log()] [serial console] rc_build_id=
[06/08/2024 14:24:30.625] DEBUG: [SerialCommands.py->read_console_log()] [serial console] domain_build_id=multi-aegean_orange-android_user-qnx_user-secboot_false-8155-rb_main_2024.26.7-11-gd9f049d00a-change_798053_2
[06/08/2024 14:24:30.627] DEBUG: [SerialCommands.py->read_console_log()] [serial console] build_timestamp=2024-07-01 12:49:51 +0000
[06/08/2024 14:24:30.640] DEBUG: [SerialCommands.py->read_console_log()] [serial console] manifests_revision=d9f049d00a2bda5f0e2324e4cc966958c5128c5a
[06/08/2024 14:24:30.642] DEBUG: [SerialCommands.py->read_console_log()] [serial console] manifest_file=manifest.xml
[06/08/2024 14:24:30.645] DEBUG: [SerialCommands.py->read_console_log()] [serial console] target_product=aegean_orange
[06/08/2024 14:24:30.647] DEBUG: [SerialCommands.py->read_console_log()] [serial console] target_build_variant=user
[06/08/2024 14:24:30.649] DEBUG: [SerialCommands.py->read_console_log()] [serial console] qnx_target_build_variant=user
[06/08/2024 14:24:30.651] DEBUG: [SerialCommands.py->read_console_log()] [serial console] secure_boot=false
[06/08/2024 14:24:30.653] DEBUG: [SerialCommands.py->read_console_log()] [serial console] generate_fullota_board=null
[06/08/2024 14:24:30.655] DEBUG: [SerialCommands.py->read_console_log()] [serial console] patac_build_number=null
[06/08/2024 14:24:30.658] DEBUG: [SerialCommands.py->read_console_log()] [serial console] qc_distribution=postcs17_0.0.029.1
[06/08/2024 14:24:30.660] DEBUG: [SerialCommands.py->read_console_log()] [serial console] qc_product=snapdragon_auto.hqx.3.1.4.1
[06/08/2024 14:24:30.662] DEBUG: [SerialCommands.py->read_console_log()] [serial console] qc_releasenote=rno-240528105307
[06/08/2024 14:24:30.671] DEBUG: [SerialCommands.py->read_console_log()] [serial console] qnx_plist=exp_gen3_patchset_hqx3_1_4_1_bosch_20230217
[06/08/2024 14:24:30.673] DEBUG: [SerialCommands.py->read_console_log()] [serial console] qxn_plist_hash=b92452c5d69022a6663901f1cdb14f3de68967f4
[06/08/2024 14:24:30.675] DEBUG: [SerialCommands.py->read_console_log()] [serial console] gm.build=sqbm-632
[06/08/2024 14:24:30.676] DEBUG: [SerialCommands.py->read_console_log()] [serial console] gm.ssw.build.id=sqbm-632
[06/08/2024 14:24:30.678] DEBUG: [SerialCommands.py->read_console_log()] [serial console] gm.product=orange
[06/08/2024 14:24:30.679] DEBUG: [SerialCommands.py->read_console_log()] [serial console] gm.platform=gb
[06/08/2024 14:24:30.681] DEBUG: [SerialCommands.py->read_console_log()] [serial console] gm.hwtype=mid
[06/08/2024 14:24:30.687] DEBUG: [SerialCommands.py->read_console_log()] [serial console] gm.security=development
[06/08/2024 14:24:30.689] DEBUG: [SerialCommands.py->read_console_log()] [serial console] gm.gas=1
[06/08/2024 14:24:30.691] DEBUG: [SerialCommands.py->read_console_log()] [serial console] gm.baseline=# integrated bosch release version. rb_main_2024.24.7 qc_distribution=postcs17_0.0.029.1
[06/08/2024 14:24:30.704] DEBUG: [SerialCommands.py->read_console_log()] [serial console] [    2.148835]~dlt~135279~info     ~socket /tmp/dlt cannot be opened. retrying later...
[06/08/2024 14:24:30.705] DEBUG: [SerialCommands.py->read_console_log()] [serial console] startup complete
[06/08/2024 14:24:30.736] DEBUG: [SerialCommands.py->read_console_log()] [serial console] termer thread for pid 180334 failed with signo=0 at 0x0000000000000000
[06/08/2024 14:24:30.768] DEBUG: [SerialCommands.py->read_console_log()] [serial console] service is up and running, and ready to receive commands. use echo "help" > /tmp/vpe_cli.txt
[06/08/2024 14:24:31.073] DEBUG: [SerialCommands.py->read_console_log()] [serial console] path=0 -
[06/08/2024 14:24:31.078] DEBUG: [SerialCommands.py->read_console_log()] [serial console] target=0 lun=0     direct-access(0) - ram  rev:
[06/08/2024 14:24:31.281] DEBUG: [SerialCommands.py->read_console_log()] [serial console] [    2.811836]~dlt~258172~info     ~socket /tmp/dlt cannot be opened. retrying later...
[06/08/2024 14:24:31.455] DEBUG: [SerialCommands.py->read_console_log()] [serial console] swdl_init:549 system banked to "a"
[06/08/2024 14:24:31.471] DEBUG: [SerialCommands.py->read_console_log()] [serial console] passed in uclientidx=5
[06/08/2024 14:24:31.487] DEBUG: [SerialCommands.py->read_console_log()] [serial console] wfd_be: dropped abilities successfully
[06/08/2024 14:24:31.631] DEBUG: [SerialCommands.py->read_console_log()] [serial console] pf enabled
[06/08/2024 14:24:31.776] DEBUG: [SerialCommands.py->read_console_log()] [serial console] alogfrontend::readenvbeloglevel:invalid env value. fallback to def(debug2)
[06/08/2024 14:24:31.792] DEBUG: [SerialCommands.py->read_console_log()] [serial console] alogfrontend::readenvbeloglevel:invalid env value. fallback to def(debug2)
[06/08/2024 14:24:31.795] DEBUG: [SerialCommands.py->read_console_log()] [serial console] alogfrontend::readenvgloballoglevel:invalid env value. fallback to def(debug2)
[06/08/2024 14:24:31.798] DEBUG: [SerialCommands.py->read_console_log()] [serial console] [ramp][hmic] slog2 info success
[06/08/2024 14:24:32.353] DEBUG: [SerialCommands.py->read_console_log()] [serial console] register_for_ssr_events ++
[06/08/2024 14:24:32.359] DEBUG: [SerialCommands.py->read_console_log()] [serial console] alogfrontend::readenvbeloglevel:invalid env value. fallback to def(debug2)
[06/08/2024 14:24:32.370] DEBUG: [SerialCommands.py->read_console_log()] [serial console] alogfrontend::readenvbeloglevel:invalid env value. fallback to def(debug2)
[06/08/2024 14:24:32.377] DEBUG: [SerialCommands.py->read_console_log()] [serial console] alogfrontend::readenvgloballoglevel:invalid env value. fallback to def(debug2)
[06/08/2024 14:24:32.384] DEBUG: [SerialCommands.py->read_console_log()] [serial console] alogfrontend::readenvbeloglevel:invalid env value. fallback to def(debug2)
[06/08/2024 14:24:32.389] DEBUG: [SerialCommands.py->read_console_log()] [serial console] alogfrontend::readenvbeloglevel:invalid env value. fallback to def(debug2)
[06/08/2024 14:24:32.393] DEBUG: [SerialCommands.py->read_console_log()] [serial console] alogfrontend::readenvgloballoglevel:invalid env value. fallback to def(debug2)
[06/08/2024 14:24:32.401] DEBUG: [SerialCommands.py->read_console_log()] [serial console] [linux-la-mid.config:160] vinput: external window position: [5010,0]
[06/08/2024 14:24:32.418] DEBUG: [SerialCommands.py->read_console_log()] [serial console] resource-monitor started with config file[s] : /etc/memoryconfig.cfg
[06/08/2024 14:24:32.424] DEBUG: [USBRelay.py->set_relay()] Changed channel Start to Off successfully
[06/08/2024 14:24:32.433] DEBUG: [SerialCommands.py->read_console_log()] [serial console] analyzer not enabled. touch /etc/enable_analyzer and reset device to enable analyzer debugging
[06/08/2024 14:24:32.449] DEBUG: [SerialCommands.py->read_console_log()] [serial console] analyzer external not enabled. touch /etc/enable_analyzer_external and reset device to enable analyzer external debugging
[06/08/2024 14:24:32.656] DEBUG: [SerialCommands.py->read_console_log()] [serial console] qqnxscreen::qqnxscreen : v 5.12.3.1
[06/08/2024 14:24:32.672] DEBUG: [SerialCommands.py->read_console_log()] [serial console] qstandardpaths: error creating runtime directory /dev/shmem/runtime-gm_hmicluster: no such file or directory
[06/08/2024 14:24:32.674] DEBUG: [SerialCommands.py->read_console_log()] [serial console] fontconfig error: cannot load default config file
[06/08/2024 14:24:32.816] DEBUG: [SerialCommands.py->read_console_log()] [serial console] swdl_init:549 system banked to "a"
[06/08/2024 14:24:32.885] DEBUG: [USBRelay.py->set_relay()] Changed channel Brake to Off successfully
[06/08/2024 14:24:32.889]  INFO: [ColdBootVcum.py->perform_iteration()] Finished cold boot
[06/08/2024 14:24:32.893] DEBUG: [testing_logs_utils.py->logged_sleep()] Sleeping for 3 seconds
[06/08/2024 14:24:33.185] DEBUG: [SerialCommands.py->read_console_log()] [serial console] swdl_init:549 system banked to "a"
[06/08/2024 14:24:33.216] DEBUG: [SerialCommands.py->read_console_log()] [serial console] [swu]	update_engine: boot mode=normal_mode, vip mode=vip_app_mode
[06/08/2024 14:24:33.280] DEBUG: [SerialCommands.py->read_console_log()] [serial console] slm: component 'enable_adb' (pid 368790) terminated unexpectedly
[06/08/2024 14:24:33.364] DEBUG: [SerialCommands.py->read_console_log()] [serial console] [    4.892685]~dlt~483496~info     ~socket /tmp/dlt cannot be opened. retrying later...
[06/08/2024 14:24:33.378] DEBUG: [SerialCommands.py->read_console_log()] [serial console] slm: component 'cpu_gpu_dcvs_disable' (pid 520363) terminated unexpectedly
[06/08/2024 14:24:33.383] DEBUG: [SerialCommands.py->read_console_log()] [serial console] swdl_init:549 system banked to "a"
[06/08/2024 14:24:33.392] DEBUG: [SerialCommands.py->read_console_log()] [serial console] lcm_inc_dispatcher system state, current:1, previous:0
[06/08/2024 14:24:33.408] DEBUG: [SerialCommands.py->read_console_log()] [serial console] lcm_inc_dispatcher system state, current:susd_sys_state_animinit
[06/08/2024 14:24:33.409] DEBUG: [SerialCommands.py->read_console_log()] [serial console] plc state changed from 1 to 2
[06/08/2024 14:24:33.411] DEBUG: [SerialCommands.py->read_console_log()] [serial console] swdl_init:549 system banked to "a"
[06/08/2024 14:24:33.536] DEBUG: [SerialCommands.py->read_console_log()] [serial console] [tid=4]invoke_setrunmask:830 setmask no more -1
[06/08/2024 14:24:33.712] DEBUG: [SerialCommands.py->read_console_log()] [serial console] alogfrontend::readenvbeloglevel:invalid env value. fallback to def(debug2)
[06/08/2024 14:24:33.714] DEBUG: [SerialCommands.py->read_console_log()] [serial console] alogfrontend::readenvbeloglevel:invalid env value. fallback to def(debug2)
[06/08/2024 14:24:33.728] DEBUG: [SerialCommands.py->read_console_log()] [serial console] alogfrontend::readenvgloballoglevel:invalid env value. fallback to def(debug2)
[06/08/2024 14:24:33.730] DEBUG: [SerialCommands.py->read_console_log()] [serial console] [    5.242018]~dlt~720906~info     ~socket /tmp/dlt cannot be opened. retrying later...
[06/08/2024 14:24:33.743] DEBUG: [SerialCommands.py->read_console_log()] [serial console] [    5.262018]~dlt~716806~info     ~socket /tmp/dlt cannot be opened. retrying later...
[06/08/2024 14:24:33.888] DEBUG: [SerialCommands.py->read_console_log()] [serial console] [    5.420685]~dlt~745514~info     ~socket /tmp/dlt cannot be opened. retrying later...
[06/08/2024 14:24:34.131] DEBUG: [SerialCommands.py->read_console_log()] [serial console] [    5.662828]~dlt~135279~notice   ~logging (re-)enabled!
[06/08/2024 14:24:34.208] DEBUG: [SerialCommands.py->read_console_log()] [serial console] [    5.745696]~dlt~720906~notice   ~logging (re-)enabled!
[06/08/2024 14:24:34.290] DEBUG: [SerialCommands.py->read_console_log()] [serial console] [    5.826018]~dlt~258172~notice   ~logging (re-)enabled!
[06/08/2024 14:24:34.352] DEBUG: [SerialCommands.py->read_console_log()] [serial console] send injection message:
[06/08/2024 14:24:34.354] DEBUG: [SerialCommands.py->read_console_log()] [serial console] appid: qsym
[06/08/2024 14:24:34.355] DEBUG: [SerialCommands.py->read_console_log()] [serial console] conid: qsyc
[06/08/2024 14:24:34.357] DEBUG: [SerialCommands.py->read_console_log()] [serial console] serviceid: 4096
[06/08/2024 14:24:34.367] DEBUG: [SerialCommands.py->read_console_log()] [serial console] message: 01
[06/08/2024 14:24:34.369] DEBUG: [SerialCommands.py->read_console_log()] [serial console] swdl_init:549 system banked to "a"
[06/08/2024 14:24:34.372] DEBUG: [SerialCommands.py->read_console_log()] [serial console] [    5.898018]~dlt~483496~notice   ~logging (re-)enabled!
[06/08/2024 14:24:34.384] DEBUG: [SerialCommands.py->read_console_log()] [serial console] [    5.923351]~dlt~745514~notice   ~logging (re-)enabled!
[06/08/2024 14:24:34.408]  WARN: [ping_util.py->ping_thread_method()] VCU TCP Connection Is Down!
[06/08/2024 14:24:34.416] DEBUG: [SerialCommands.py->read_console_log()] [serial console] [    5.950018]~dlt~122979~notice   ~logging (re-)enabled!
[06/08/2024 14:24:34.529] DEBUG: [SerialCommands.py->read_console_log()] [serial console] remote hmi - version 1.53.1
[06/08/2024 14:24:34.753] DEBUG: [SerialCommands.py->read_console_log()] [serial console] urlparser, failed to open file as read only "./data/ff2/gmxml/rhmi_asset_to_skin_mappings.gmxml"[    6.270018]~dlt~716806~notice   ~logging (re-)enabled!
[06/08/2024 14:24:34.992] DEBUG: [SerialCommands.py->read_console_log()] [serial console] [altia dbg] time to initialize opengl - 449
[06/08/2024 14:24:35.135] DEBUG: [SerialCommands.py->read_console_log()] [serial console] alogfrontend::readenvbeloglevel:invalid env value. fallback to def(debug2)
[06/08/2024 14:24:35.139] DEBUG: [SerialCommands.py->read_console_log()] [serial console] alogfrontend::readenvbeloglevel:invalid env value. fallback to def(debug2)
[06/08/2024 14:24:35.141] DEBUG: [SerialCommands.py->read_console_log()] [serial console] alogfrontend::readenvgloballoglevel:invalid env value. fallback to def(debug2)
[06/08/2024 14:24:35.184] DEBUG: [SerialCommands.py->read_console_log()] [serial console] loading strings "./data/assets/strings/values-en-rus/strings.xml"
[06/08/2024 14:24:35.440] DEBUG: [SerialCommands.py->read_console_log()] [serial console] [ramp][rtosappmain] slog2 info success
[06/08/2024 14:24:35.807] DEBUG: [SerialCommands.py->read_console_log()] [serial console] remote hmi - version 1.53.1
[06/08/2024 14:24:35.901] DEBUG: [testing_logs_utils.py->logged_sleep()] Done sleeping
[06/08/2024 14:24:35.911] DEBUG: [CoreDumpEvent.py->is_set()] Check if VPE core dump in process
[06/08/2024 14:24:35.923] DEBUG: [hmi_verify.py->generate_qnx_screenshot_command()] Creating QNX screenshot command
[06/08/2024 14:24:35.932] DEBUG: [hmi_verify.py->qnx_screenshot()] Taking QNX screenshot
[06/08/2024 14:24:35.946] DEBUG: [qnx_commands.py->run_qnx_command()] Trying to run: "rm /var/data//screenshot.bmp" on VCU
[06/08/2024 14:24:35.958] DEBUG: [ssh_command.py->__run_ssh_command_core()] Connection to 172.16.4.101 failed.
[06/08/2024 14:24:35.968] DEBUG: [SerialCommands.py->read_console_log()] [serial console] alogfrontend::readenvbeloglevel:invalid env value. fallback to def(debug2)
[06/08/2024 14:24:35.972] DEBUG: [SerialCommands.py->read_console_log()] [serial console] alogfrontend::readenvbeloglevel:invalid env value. fallback to def(debug2)
[06/08/2024 14:24:35.969] DEBUG: [ssh_command.py->__run_ssh_command_core()] Create new Connection to 172.16.4.101, and retry
[06/08/2024 14:24:35.983] DEBUG: [SerialCommands.py->read_console_log()] [serial console] alogfrontend::readenvgloballoglevel:invalid env value. fallback to def(debug2)
[06/08/2024 14:24:36.335] DEBUG: [SerialCommands.py->read_console_log()] [serial console] [altia dbg] time to initialize opengl - 529
[06/08/2024 14:24:36.431] DEBUG: [SerialCommands.py->read_console_log()] [serial console] exception - infinite loop of null transitions found
[06/08/2024 14:24:36.447] DEBUG: [SerialCommands.py->read_console_log()] [serial console] underflow in omreactive less then 0 null configs
[06/08/2024 14:24:36.449] DEBUG: [SerialCommands.py->read_console_log()] [serial console] exception - infinite loop of null transitions found
[06/08/2024 14:24:36.464] DEBUG: [SerialCommands.py->read_console_log()] [serial console] swdl_init:549 system banked to "a"
[06/08/2024 14:24:36.480] DEBUG: [SerialCommands.py->read_console_log()] [serial console] swdl_init:549 system banked to "a"
[06/08/2024 14:24:36.527] DEBUG: [SerialCommands.py->read_console_log()] [serial console] [hvac_lib_logger_init] entering hvac_lib_logger_init
[06/08/2024 14:24:36.531] DEBUG: [SerialCommands.py->read_console_log()] [serial console] [hvac_lib_logger_init] flag checked
[06/08/2024 14:24:36.560] DEBUG: [SerialCommands.py->read_console_log()] [serial console] error: attempted to show invalid screen | dragselectionactivatescreen()
[06/08/2024 14:24:36.562] DEBUG: [SerialCommands.py->read_console_log()] [serial console] error: attempted to show invalid screen | dragselectionactivatescreen()
[06/08/2024 14:24:36.575] DEBUG: [SerialCommands.py->read_console_log()] [serial console] error: attempted to show invalid screen | dragselectionactivatescreen()
[06/08/2024 14:24:36.578] DEBUG: [SerialCommands.py->read_console_log()] [serial console] error: attempted to show invalid screen | dragselectionactivatescreen()
[06/08/2024 14:24:36.581] DEBUG: [SerialCommands.py->read_console_log()] [serial console] error: attempted to show invalid screen | dragselectionactivatescreen()
[06/08/2024 14:24:36.592] DEBUG: [SerialCommands.py->read_console_log()] [serial console] error: attempted to show invalid screen | dragselectionactivatescreen()
[06/08/2024 14:24:36.594] DEBUG: [SerialCommands.py->read_console_log()] [serial console] error: attempted to show invalid screen | dragselectionactivatescreen()
[06/08/2024 14:24:36.607] DEBUG: [SerialCommands.py->read_console_log()] [serial console] error: attempted to show invalid screen | dragselectionactivatescreen()
[06/08/2024 14:24:36.703] DEBUG: [SerialCommands.py->read_console_log()] [serial console] /dev/pmem/service.rvcvpe: operation not permitted
[06/08/2024 14:24:36.719] DEBUG: [SerialCommands.py->read_console_log()] [serial console] send injection message:
[06/08/2024 14:24:36.721] DEBUG: [SerialCommands.py->read_console_log()] [serial console] appid: dlt_
[06/08/2024 14:24:36.722] DEBUG: [SerialCommands.py->read_console_log()] [serial console] conid: core
[06/08/2024 14:24:36.724] DEBUG: [SerialCommands.py->read_console_log()] [serial console] serviceid: 4104
[06/08/2024 14:24:36.726] DEBUG: [SerialCommands.py->read_console_log()] [serial console] message: f1
[06/08/2024 14:24:36.728] DEBUG: [SerialCommands.py->read_console_log()] [serial console] size: 1
[06/08/2024 14:24:37.156] DEBUG: [qnx_commands.py->run_qnx_command()] Trying to run: "screenshot -size=2000x1200 -pos=6230,1 -file=/var/data//screenshot.bmp -display=1" on VCU
[06/08/2024 14:24:38.406]  WARN: [ping_util.py->ping_thread_method()] ACP3 TCP Connection Is Down!
[06/08/2024 14:24:38.975] DEBUG: [SerialCommands.py->read_console_log()] [serial console] lcm_inc_dispatcher system state, current:2, previous:1
[06/08/2024 14:24:38.978] DEBUG: [SerialCommands.py->read_console_log()] [serial console] lcm_inc_dispatcher system state, current:susd_sys_state_hmiinit
[06/08/2024 14:24:39.007] DEBUG: [SerialCommands.py->read_console_log()] [serial console] qqnxscreen::newwindowcreated : windowhandle =  0x3de7f55aa0
[06/08/2024 14:24:39.009] DEBUG: [SerialCommands.py->read_console_log()] [serial console] qqnxscreen::newwindowcreated : zorder =  -2
[06/08/2024 14:24:39.011] DEBUG: [SerialCommands.py->read_console_log()] [serial console] qqnxscreen::newwindowcreated : windowname =  "qvm_window"
[06/08/2024 14:24:39.013] DEBUG: [SerialCommands.py->read_console_log()] [serial console] qqnxscreen::updatehierarchy:  m_customzorder =   0
[06/08/2024 14:24:39.024] DEBUG: [SerialCommands.py->read_console_log()] [serial console] qqnxscreen::updatehierarchy for underlay :  0x3de7f55aa0 z-order =  -1
[06/08/2024 14:24:39.026] DEBUG: [SerialCommands.py->read_console_log()] [serial console] vinput: window position has been updated to: [5010,0]
[06/08/2024 14:24:39.039] DEBUG: [SerialCommands.py->read_console_log()] [serial console] vinput: window position has been updated to: [5010,0]
[06/08/2024 14:24:39.232] DEBUG: [SerialCommands.py->read_console_log()] [serial console] error: attempted to show invalid screen | dragselectionactivatescreen()
[06/08/2024 14:24:39.247] DEBUG: [SerialCommands.py->read_console_log()] [serial console] error: attempted to show invalid screen | dragselectionactivatescreen()
[06/08/2024 14:24:39.551] DEBUG: [SerialCommands.py->read_console_log()] [serial console] error: attempted to show invalid screen | dragselectionactivatescreen()
[06/08/2024 14:24:39.554] DEBUG: [SerialCommands.py->read_console_log()] [serial console] error: attempted to show invalid screen | dragselectionactivatescreen()
[06/08/2024 14:24:39.567] DEBUG: [SerialCommands.py->read_console_log()] [serial console] error: attempted to show invalid screen | dragselectionactivatescreen()
[06/08/2024 14:24:39.570] DEBUG: [SerialCommands.py->read_console_log()] [serial console] error: attempted to show invalid screen | dragselectionactivatescreen()
[06/08/2024 14:24:39.572] DEBUG: [SerialCommands.py->read_console_log()] [serial console] error: attempted to show invalid screen | dragselectionactivatescreen()
[06/08/2024 14:24:39.583] DEBUG: [SerialCommands.py->read_console_log()] [serial console] error: attempted to show invalid screen | dragselectionactivatescreen()
[06/08/2024 14:24:39.586] DEBUG: [SerialCommands.py->read_console_log()] [serial console] error: attempted to show invalid screen | dragselectionactivatescreen()
[06/08/2024 14:24:39.599] DEBUG: [SerialCommands.py->read_console_log()] [serial console] error: attempted to show invalid screen | dragselectionactivatescreen()
[06/08/2024 14:24:39.602] DEBUG: [SerialCommands.py->read_console_log()] [serial console] error: attempted to show invalid screen | dragselectionactivatescreen()
[06/08/2024 14:24:39.605] DEBUG: [SerialCommands.py->read_console_log()] [serial console] error: attempted to show invalid screen | dragselectionactivatescreen()
[06/08/2024 14:24:39.615] DEBUG: [SerialCommands.py->read_console_log()] [serial console] error: attempted to show invalid screen | dragselectionactivatescreen()
[06/08/2024 14:24:39.618] DEBUG: [SerialCommands.py->read_console_log()] [serial console] error: attempted to show invalid screen | dragselectionactivatescreen()
[06/08/2024 14:24:39.631] DEBUG: [SerialCommands.py->read_console_log()] [serial console] error: attempted to show invalid screen | dragselectionactivatescreen()
[06/08/2024 14:24:39.634] DEBUG: [SerialCommands.py->read_console_log()] [serial console] error: attempted to show invalid screen | dragselectionactivatescreen()
[06/08/2024 14:24:39.647] DEBUG: [SerialCommands.py->read_console_log()] [serial console] error: attempted to show invalid screen | dragselectionactivatescreen()
[06/08/2024 14:24:39.650] DEBUG: [SerialCommands.py->read_console_log()] [serial console] error: attempted to show invalid screen | dragselectionactivatescreen()
[06/08/2024 14:24:39.652] DEBUG: [SerialCommands.py->read_console_log()] [serial console] error: attempted to show invalid screen | dragselectionactivatescreen()
[06/08/2024 14:24:39.663] DEBUG: [SerialCommands.py->read_console_log()] [serial console] error: attempted to show invalid screen | dragselectionactivatescreen()
[06/08/2024 14:24:39.728] DEBUG: [SerialCommands.py->read_console_log()] [serial console] error: attempted to show invalid screen | dragselectionactivatescreen()
[06/08/2024 14:24:39.755] DEBUG: [SerialCommands.py->read_console_log()] [serial console] error: attempted to show invalid screen | dragselectionactivatescreen()
[06/08/2024 14:24:39.758] DEBUG: [SerialCommands.py->read_console_log()] [serial console] error: attempted to show invalid screen | dragselectionactivatescreen()
[06/08/2024 14:24:39.761] DEBUG: [SerialCommands.py->read_console_log()] [serial console] error: attempted to show invalid screen | dragselectionactivatescreen()
[06/08/2024 14:24:39.764] DEBUG: [SerialCommands.py->read_console_log()] [serial console] error: attempted to show invalid screen | dragselectionactivatescreen()
[06/08/2024 14:24:39.775] DEBUG: [SerialCommands.py->read_console_log()] [serial console] error: attempted to show invalid screen | dragselectionactivatescreen()
[06/08/2024 14:24:39.778] DEBUG: [SerialCommands.py->read_console_log()] [serial console] alogfrontend::readenvbeloglevel:invalid env value. fallback to def(debug2)
[06/08/2024 14:24:39.780] DEBUG: [SerialCommands.py->read_console_log()] [serial console] alogfrontend::readenvbeloglevel:invalid env value. fallback to def(debug2)
[06/08/2024 14:24:39.791] DEBUG: [SerialCommands.py->read_console_log()] [serial console] alogfrontend::readenvgloballoglevel:invalid env value. fallback to def(debug2)
[06/08/2024 14:24:39.967] DEBUG: [SerialCommands.py->read_console_log()] [serial console] lcm_inc_dispatcher system state, current:5, previous:2
[06/08/2024 14:24:39.970] DEBUG: [SerialCommands.py->read_console_log()] [serial console] lcm_inc_dispatcher system state, current:susd_sys_state_run
[06/08/2024 14:24:41.536] DEBUG: [SerialCommands.py->read_console_log()] [serial console] swdl_init:549 system banked to "a"
[06/08/2024 14:24:42.101] DEBUG: [hmi_verify.py->_copy_screenshot_from_dut()] Copied screenshot from DUT path: /var/data//screenshot.bmp to Host path: D:\projects\vvi-automation\VPM_Automation_Logs\test_cold_boot_park_vcu_m_AVVP171263-30771\iteration_1\expected_views\screenshot.bmp
[06/08/2024 14:24:42.106] DEBUG: [hmi_verify.py->_rename_screenshot()] Trying to rename screenshot
[06/08/2024 14:24:42.124] DEBUG: [hmi_verify.py->_convert_screenshot()] Trying to convert D:\projects\vvi-automation\VPM_Automation_Logs\test_cold_boot_park_vcu_m_AVVP171263-30771\iteration_1\expected_views\expected_android.bmp to png
[06/08/2024 14:24:42.194] DEBUG: [hmi_verify.py->_convert_screenshot()] Converted D:\projects\vvi-automation\VPM_Automation_Logs\test_cold_boot_park_vcu_m_AVVP171263-30771\iteration_1\expected_views\expected_android.bmp to D:\projects\vvi-automation\VPM_Automation_Logs\test_cold_boot_park_vcu_m_AVVP171263-30771\iteration_1\expected_views\expected_android.png
[06/08/2024 14:24:42.201] DEBUG: [hmi_verify.py->_rename_screenshot()] Copied screenshot from D:\projects\vvi-automation\VPM_Automation_Logs\test_cold_boot_park_vcu_m_AVVP171263-30771\iteration_1\expected_views\screenshot.bmp to D:\projects\vvi-automation\VPM_Automation_Logs\test_cold_boot_park_vcu_m_AVVP171263-30771\iteration_1\expected_views\expected_android.png
[06/08/2024 14:24:42.427]  INFO: [hmi_verify.py->validate_no_green_in_image()]
[06/08/2024 14:24:42.431] DEBUG: [testing_logs_utils.py->logged_sleep()] Sleeping for 10 seconds
[06/08/2024 14:24:43.405]  WARN: [ping_util.py->ping_thread_method()] ACP3 TCP Connection Is Down!
[06/08/2024 14:24:43.743] DEBUG: [SerialCommands.py->read_console_log()] [serial console] [   15.264682]~dlt~483496~info     ~control message forwarded : dlt_service_id_set_all_log_level
[06/08/2024 14:24:43.746] DEBUG: [SerialCommands.py->read_console_log()] [serial console] [   15.267349]~dlt~483496~info     ~control message forwarded : dlt_service_id_store_config
[06/08/2024 14:24:45.504] DEBUG: [qnx_commands.py->run_qnx_command()] Trying to run: "pidin -p service_vpe -f a | grep -v pid" on ACP3
[06/08/2024 14:24:45.505] DEBUG: [ssh_command.py->__run_ssh_command_core()] Connection to 172.16.1.246 failed.
[06/08/2024 14:24:45.507] DEBUG: [ssh_command.py->__run_ssh_command_core()] Create new Connection to 172.16.1.246, and retry
[06/08/2024 14:24:45.746] DEBUG: [qnx_commands.py->run_qnx_command()] Trying to run: "pidin -p RtosAppMain -f a | grep -v pid" on VCU
[06/08/2024 14:24:46.070] DEBUG: [qnx_commands.py->run_qnx_command()] SystemType.VCU shell command returned: 1126578
[06/08/2024 14:24:46.071]  WARN: [hmi_service_monitor.py->monitor_pid_change()] HMI PID had Changed from 1101916 to 1126578
[06/08/2024 14:24:46.072]  INFO: [hmi_service_monitor.py->monitor_pid_change()] HMI PID Changed counter: 1
[06/08/2024 14:24:48.409]  WARN: [ping_util.py->ping_thread_method()] ACP3 TCP Connection Is Down!
[06/08/2024 14:24:50.511] DEBUG: [ssh_command.py->__run_ssh_command_core()] Failed to run SSH command on 172.16.1.246 - resetting all SSH connections.
[06/08/2024 14:24:50.513] DEBUG: [ssh_command.py->run_ssh_command()] Caught an exception while running SSH command ". /etc/profile; pidin -p service_vpe -f a | grep -v pid". Retrying attempt 1 of 1
[06/08/2024 14:24:50.515] DEBUG: [testing_logs_utils.py->logged_sleep()] Sleeping for 4 seconds
[06/08/2024 14:24:52.436] DEBUG: [testing_logs_utils.py->logged_sleep()] Done sleeping
[06/08/2024 14:24:52.440]  INFO: [bmetrics_utils.py->get_bmetrics_log_and_first_frame_value()] Skipping BOOT KPI calculation time on VCU-M
[06/08/2024 14:24:52.445]  INFO: [VSPY_commands.py->send_function_block()] Sending function block for [REVERSE] via VSPY
[06/08/2024 14:24:52.449] DEBUG: [VSPY_commands.py->get_function_block()] Get function block for [REVERSE].Command value is [fb(tst2).start]
[06/08/2024 14:24:52.512] DEBUG: [SerialCommands.py->read_console_log()] [serial console] underflow in omreactive less then 0 null configs
[06/08/2024 14:24:52.659] DEBUG: [VSPY_commands.py->check_db_signal()] Check DB Signal [SrlDat6_Prtctd_PDU->VMMP_VehMtnMvmtStatAuth] matches value: [Reverse] with command: [db(db5466).sg(8).value?]
[06/08/2024 14:24:52.864] DEBUG: [CoreDumpEvent.py->is_set()] Check if VPE core dump in process
[06/08/2024 14:24:52.872] DEBUG: [hmi_verify.py->generate_qnx_screenshot_command()] Creating QNX screenshot command
[06/08/2024 14:24:52.876] DEBUG: [hmi_verify.py->qnx_screenshot()] Taking QNX screenshot
[06/08/2024 14:24:52.881] DEBUG: [qnx_commands.py->run_qnx_command()] Trying to run: "rm /var/data//screenshot.bmp" on VCU
[06/08/2024 14:24:53.087] DEBUG: [SerialCommands.py->read_console_log()] [serial console] inside rvc vpm system model21206
[06/08/2024 14:24:53.090] DEBUG: [SerialCommands.py->read_console_log()] [serial console] inside rvc vpm system model8
[06/08/2024 14:24:53.183] DEBUG: [SerialCommands.py->read_console_log()] [serial console] error: attempted to show invalid screen | dragselectionactivatescreen()
[06/08/2024 14:24:53.199] DEBUG: [SerialCommands.py->read_console_log()] [serial console] error: attempted to show invalid screen | dragselectionactivatescreen()
[06/08/2024 14:24:53.407]  WARN: [ping_util.py->ping_thread_method()] ACP3 TCP Connection Is Down!
[06/08/2024 14:24:53.645] DEBUG: [ssh_command.py->__run_ssh_command_core()] New Connection has been created to 172.16.4.101
[06/08/2024 14:24:53.807] DEBUG: [SerialCommands.py->read_console_log()] [serial console] error: attempted to show invalid screen | dragselectionactivatescreen()
[06/08/2024 14:24:53.809] DEBUG: [SerialCommands.py->read_console_log()] [serial console] error: attempted to show invalid screen | dragselectionactivatescreen()
[06/08/2024 14:24:53.824] DEBUG: [SerialCommands.py->read_console_log()] [serial console] error: attempted to show invalid screen | dragselectionactivatescreen()
[06/08/2024 14:24:53.829] DEBUG: [SerialCommands.py->read_console_log()] [serial console] error: attempted to show invalid screen | dragselectionactivatescreen()
[06/08/2024 14:24:53.829] DEBUG: [qnx_commands.py->run_qnx_command()] Trying to run: "screenshot -size=1400x1200 -pos=6830,1 -file=/var/data//screenshot.bmp -display=1" on VCU
[06/08/2024 14:24:54.517] DEBUG: [testing_logs_utils.py->logged_sleep()] Done sleeping
[06/08/2024 14:24:54.518]  WARN: [ssh_command.py->run_ssh_command()] All attempts failed while running SSH command ". /etc/profile; pidin -p service_vpe -f a | grep -v pid" on 172.16.1.246. device is down or unreachable for at least 0 sec.
[06/08/2024 14:24:54.519]  INFO: [vpe_service_monitor.py->get_service_pid()] Failed to find process: service_vpe
[06/08/2024 14:24:54.520] DEBUG: [vpe_service_monitor.py->monitor_pid_change()] VPE PID was 946237 and now is None
[06/08/2024 14:24:54.521] DEBUG: [qnx_commands.py->run_qnx_command()] Trying to run: "pidin threads > /var/log/vpe/pidin_threads_None.txt" on ACP3
[06/08/2024 14:24:58.407]  WARN: [ping_util.py->ping_thread_method()] ACP3 TCP Connection Is Down!
[06/08/2024 14:24:59.524] DEBUG: [ssh_command.py->run_ssh_command()] Caught an exception while running SSH command ". /etc/profile; pidin threads > /var/log/vpe/pidin_threads_None.txt". Retrying attempt 1 of 4
[06/08/2024 14:24:59.526] DEBUG: [testing_logs_utils.py->logged_sleep()] Sleeping for 4 seconds
[06/08/2024 14:25:00.735] DEBUG: [SerialCommands.py->read_console_log()] [serial console] inside rvc vpm system model43
[06/08/2024 14:25:01.578] DEBUG: [hmi_verify.py->_copy_screenshot_from_dut()] Copied screenshot from DUT path: /var/data//screenshot.bmp to Host path: D:\projects\vvi-automation\VPM_Automation_Logs\test_cold_boot_park_vcu_m_AVVP171263-30771\iteration_1\expected_views\screenshot.bmp
[06/08/2024 14:25:01.585] DEBUG: [hmi_verify.py->_rename_screenshot()] Trying to rename screenshot
[06/08/2024 14:25:01.602] DEBUG: [hmi_verify.py->_convert_screenshot()] Trying to convert D:\projects\vvi-automation\VPM_Automation_Logs\test_cold_boot_park_vcu_m_AVVP171263-30771\iteration_1\expected_views\expected_rear_view_before_cold_boot.bmp to png
[06/08/2024 14:25:01.700] DEBUG: [hmi_verify.py->_convert_screenshot()] Converted D:\projects\vvi-automation\VPM_Automation_Logs\test_cold_boot_park_vcu_m_AVVP171263-30771\iteration_1\expected_views\expected_rear_view_before_cold_boot.bmp to D:\projects\vvi-automation\VPM_Automation_Logs\test_cold_boot_park_vcu_m_AVVP171263-30771\iteration_1\expected_views\expected_rear_view_before_cold_boot.png
[06/08/2024 14:25:01.705] DEBUG: [hmi_verify.py->_rename_screenshot()] Copied screenshot from D:\projects\vvi-automation\VPM_Automation_Logs\test_cold_boot_park_vcu_m_AVVP171263-30771\iteration_1\expected_views\screenshot.bmp to D:\projects\vvi-automation\VPM_Automation_Logs\test_cold_boot_park_vcu_m_AVVP171263-30771\iteration_1\expected_views\expected_rear_view_before_cold_boot.png
[06/08/2024 14:25:01.709] DEBUG: [hmi_verify.py->verify_image_by_marker()] Verifying view=<HmiViewSelection.REAR_PERSPECTIVE: 'rear_perspective'> by markers, expected_markers=[20], excluded_markers=(), flip_view=True
[06/08/2024 14:25:01.755]  INFO: [hmi_verify.py->verify_image_by_marker_core()] REAR_PERSPECTIVE expected markers not found! expected markers: {20}, captured markers: None, missing_markers={20}
[06/08/2024 14:25:01.788]  INFO: [hmi_verify.py->verify_image_by_marker_core()] REAR_PERSPECTIVE expected markers not found! expected markers: {20}, captured markers: None, missing_markers={20}
[06/08/2024 14:25:01.795] ERROR: [hmi_verify.py->verify_rear_perspective()] Camera shown is not rear camera!
NoneType: None
[06/08/2024 14:25:01.851]  FAIL: [Scenario.py->fail_iteration()] Iteration 1 Failed.
NoneType: None
[06/08/2024 14:25:01.855]  FAIL: [Scenario.py->fail_iteration()] Unable to verify rear perspective after cold boot and reverse
NoneType: None
[06/08/2024 14:25:01.859] DEBUG: [testing_logs_utils.py->logged_sleep()] Sleeping for 4 seconds
[06/08/2024 14:25:02.590] DEBUG: [SerialCommands.py->read_console_log()] [serial console] plc state changed from 2 to 4
[06/08/2024 14:25:02.593] DEBUG: [SerialCommands.py->read_console_log()] [serial console] inside rvc vpm system model21306
[06/08/2024 14:25:02.720] DEBUG: [SerialCommands.py->read_console_log()] [serial console] inside rvc vpm system model21404
[06/08/2024 14:25:02.722] DEBUG: [SerialCommands.py->read_console_log()] [serial console] inside rvc vpm system model21306
[06/08/2024 14:25:03.407]  WARN: [ping_util.py->ping_thread_method()] ACP3 TCP Connection Is Down!
[06/08/2024 14:25:03.529] DEBUG: [testing_logs_utils.py->logged_sleep()] Done sleeping
[06/08/2024 14:25:05.865] DEBUG: [testing_logs_utils.py->logged_sleep()] Done sleeping
[06/08/2024 14:25:05.869]  INFO: [web_cam_util.py->stop()] Video Capture Ended
[06/08/2024 14:25:05.876] DEBUG: [web_cam_util.py->_stop_capture_log()] Number frames captured: 885
[06/08/2024 14:25:05.889] DEBUG: [web_cam_util.py->_stop_capture_log()] Elapsed time: 54.99sec
[06/08/2024 14:25:05.896] DEBUG: [web_cam_util.py->_stop_capture_log()] Real rate: 16.09fps
Setting artifact directory to D:\projects\vvi-automation\VPM_Automation_Logs\test_cold_boot_park_vcu_m_AVVP171263-30771\iteration_1
[06/08/2024 14:25:05.904]  INFO: [IterationActions.py->extract_data_after_iteration()] Extracting data after iteration
[06/08/2024 14:25:05.908] DEBUG: [DutLogsHandler.py->export_all_log_files()] Exporting log files
Setting artifact directory to D:\projects\vvi-automation\VPM_Automation_Logs\test_cold_boot_park_vcu_m_AVVP171263-30771\iteration_1\Logs
[06/08/2024 14:25:05.914] DEBUG: [qnx_commands.py->run_qnx_command()] Trying to run: "ls /var/log/dlt_raw" on VCU
[06/08/2024 14:25:06.594] DEBUG: [web_cam_util.py->apply_camera_settings()] External camera settings applied.
[06/08/2024 14:25:06.862] DEBUG: [ssh_command.py->__run_ssh_command_core()] New Connection has been created to 172.16.4.101
[06/08/2024 14:25:07.190] DEBUG: [qnx_commands.py->run_qnx_command()] SystemType.VCU shell command returned: Audio.249.dlt
CriticalSoc.190.dlt
PARSE_RAW_DLT.README
Soc.084.dlt
Soc.085.dlt
Vip.131.dlt
dlt_logstorage.conf
parse_dlt.sh
[06/08/2024 14:25:07.199] DEBUG: [qnx_commands.py->run_qnx_command()] Trying to run: "ls /var/log/dlt_raw | wc -l" on VCU
[06/08/2024 14:25:07.615] DEBUG: [qnx_commands.py->run_qnx_command()] SystemType.VCU shell command returned: 8
[06/08/2024 14:25:07.625] DEBUG: [DLTFilesCollector.py->_collect_dlt_from_dut()] Exporting dlt files from VCU on IP [172.16.4.101] to directory [D:\projects\vvi-automation\VPM_Automation_Logs\test_cold_boot_park_vcu_m_AVVP171263-30771\iteration_1\Logs]
[06/08/2024 14:25:07.631] DEBUG: [qnx_commands.py->run_qnx_command()] Trying to run: "ls /var/log/dlt_raw/*" on VCU
[06/08/2024 14:25:08.150] DEBUG: [qnx_commands.py->run_qnx_command()] SystemType.VCU shell command returned: /var/log/dlt_raw/Audio.249.dlt
/var/log/dlt_raw/CriticalSoc.190.dlt
/var/log/dlt_raw/PARSE_RAW_DLT.README
/var/log/dlt_raw/Soc.084.dlt
/var/log/dlt_raw/Soc.085.dlt
/var/log/dlt_raw/Vip.131.dlt
/var/log/dlt_raw/dlt_logstorage.conf
/var/log/dlt_raw/parse_dlt.sh
[06/08/2024 14:25:08.156] DEBUG: [qnx_commands.py->run_qnx_command()] Trying to run: "tar -czvf /var/data/VCU_dlt_files_20240806142507.tgz /var/log/dlt_raw/Soc*.dlt /var/log/dlt_raw/CriticalSoc*.dlt /var/log/dlt_raw/Vip*.dlt" on VCU
[06/08/2024 14:25:08.406]  WARN: [ping_util.py->ping_thread_method()] ACP3 TCP Connection Is Down!
[06/08/2024 14:25:08.538] DEBUG: [ssh_command.py->run_ssh_command()] Caught an exception while running SSH command ". /etc/profile; pidin threads > /var/log/vpe/pidin_threads_None.txt". Retrying attempt 2 of 4
[06/08/2024 14:25:08.541] DEBUG: [testing_logs_utils.py->logged_sleep()] Sleeping for 4 seconds
[06/08/2024 14:25:12.545] DEBUG: [testing_logs_utils.py->logged_sleep()] Done sleeping
[06/08/2024 14:25:13.406]  WARN: [ping_util.py->ping_thread_method()] ACP3 TCP Connection Is Down!
[06/08/2024 14:25:13.983]  INFO: [web_cam_util.py->run()] Captured video saved into the filepath: D:\projects\vvi-automation\VPM_Automation_Logs\test_cold_boot_park_vcu_m_AVVP171263-30771\iteration_1\video_capture_iteration_1.mp4
[06/08/2024 14:25:15.237] DEBUG: [qnx_commands.py->run_qnx_command()] Trying to run: "echo telnet_available" on VCU
[06/08/2024 14:25:16.074] DEBUG: [qnx_commands.py->run_qnx_command()] Trying to run: "pidin -p RtosAppMain -f a | grep -v pid" on VCU
[06/08/2024 14:25:16.733] DEBUG: [ssh_command.py->__run_ssh_command_core()] New Connection has been created to 172.16.4.101
[06/08/2024 14:25:17.243] DEBUG: [qnx_commands.py->run_qnx_command()] SystemType.VCU shell command returned: telnet_available
[06/08/2024 14:25:17.244]  INFO: [qnx_commands.py->check_qnx_available()] QNX connection [VCU] is Available.
[06/08/2024 14:25:17.245]  INFO: [dlt_ongoing_collector.py->__fetch_logs()] fetching new dlt logs
[06/08/2024 14:25:17.245] DEBUG: [qnx_commands.py->run_qnx_command()] Trying to run: "ls /var/log/dlt_raw | grep .dlt" on VCU
[06/08/2024 14:25:17.468] DEBUG: [ssh_command.py->__run_ssh_command_core()] New Connection has been created to 172.16.4.101
[06/08/2024 14:25:17.550] DEBUG: [ssh_command.py->run_ssh_command()] Caught an exception while running SSH command ". /etc/profile; pidin threads > /var/log/vpe/pidin_threads_None.txt". Retrying attempt 3 of 4
[06/08/2024 14:25:17.551] DEBUG: [ssh_command.py->__run_ssh_command_core()] Connection to 172.16.4.101 failed.
[06/08/2024 14:25:17.553] DEBUG: [ssh_command.py->__run_ssh_command_core()] Create new Connection to 172.16.4.101, and retry
[06/08/2024 14:25:17.553] DEBUG: [testing_logs_utils.py->logged_sleep()] Sleeping for 4 seconds
[06/08/2024 14:25:17.555] DEBUG: [ssh_command.py->__run_ssh_command_core()] Failed to run SSH command on 172.16.4.101 - resetting all SSH connections.
[06/08/2024 14:25:17.558] DEBUG: [ssh_command.py->run_ssh_command()] Caught an exception while running SSH command "pidin -p RtosAppMain -f a | grep -v pid". Retrying attempt 1 of 1
[06/08/2024 14:25:17.559] DEBUG: [testing_logs_utils.py->logged_sleep()] Sleeping for 4 seconds
[06/08/2024 14:25:17.594] DEBUG: [qnx_commands.py->run_qnx_command()] SystemType.VCU shell command returned: Audio.249.dlt
CriticalSoc.190.dlt
Soc.084.dlt
Soc.085.dlt
Vip.131.dlt
parse_dlt.sh
[06/08/2024 14:25:17.596]  INFO: [dlt_ongoing_collector.py->backup_ongoing_dlt_logs_thread()] About to backup: [{'Soc.084.dlt'}]
[06/08/2024 14:25:18.404]  WARN: [ping_util.py->ping_thread_method()] ACP3 TCP Connection Is Down!
[06/08/2024 14:25:21.557] DEBUG: [testing_logs_utils.py->logged_sleep()] Done sleeping
[06/08/2024 14:25:21.562] DEBUG: [testing_logs_utils.py->logged_sleep()] Done sleeping
[06/08/2024 14:25:21.567]  WARN: [ssh_command.py->run_ssh_command()] All attempts failed while running SSH command "pidin -p RtosAppMain -f a | grep -v pid" on 172.16.4.101. device is down or unreachable for at least 0 sec.
[06/08/2024 14:25:21.572] ERROR: [hmi_service_monitor.py->get_service_pid()] Failed to find process: RtosAppMain
NoneType: None
[06/08/2024 14:25:21.575]  WARN: [hmi_service_monitor.py->monitor_pid_change()] HMI PID had Changed from 1126578 to None
[06/08/2024 14:25:21.578]  INFO: [hmi_service_monitor.py->monitor_pid_change()] HMI PID Changed counter: 2
[06/08/2024 14:25:22.214]  INFO: [dlt_ongoing_collector.py->_backup_dlt_files()] finished backup: [Soc.084.dlt]
[06/08/2024 14:25:23.411]  WARN: [ping_util.py->ping_thread_method()] ACP3 TCP Connection Is Down!
[06/08/2024 14:25:25.517] DEBUG: [qnx_commands.py->run_qnx_command()] Trying to run: "rm /var/data/*_dlt_files_*.tgz" on VCU
[06/08/2024 14:25:26.532] DEBUG: [ssh_command.py->__run_ssh_command_core()] New Connection has been created to 172.16.4.101
[06/08/2024 14:25:26.559] DEBUG: [ssh_command.py->run_ssh_command()] Caught an exception while running SSH command ". /etc/profile; pidin threads > /var/log/vpe/pidin_threads_None.txt". Retrying attempt 4 of 4
[06/08/2024 14:25:26.562] DEBUG: [testing_logs_utils.py->logged_sleep()] Sleeping for 4 seconds
[06/08/2024 14:25:26.639] DEBUG: [ssh_command.py->__run_ssh_command_core()] Connection to 172.16.4.101 failed.
[06/08/2024 14:25:26.648] DEBUG: [ssh_command.py->__run_ssh_command_core()] Create new Connection to 172.16.4.101, and retry
[06/08/2024 14:25:26.653] DEBUG: [ssh_command.py->__run_ssh_command_core()] Failed to run SSH command on 172.16.4.101 - resetting all SSH connections.
[06/08/2024 14:25:26.660] DEBUG: [ssh_command.py->run_ssh_command()] Caught an exception while running SSH command "rm /var/data/*_dlt_files_*.tgz". Retrying attempt 1 of 4
[06/08/2024 14:25:26.664] DEBUG: [testing_logs_utils.py->logged_sleep()] Sleeping for 4 seconds
[06/08/2024 14:25:28.405]  WARN: [ping_util.py->ping_thread_method()] ACP3 TCP Connection Is Down!
[06/08/2024 14:25:30.565] DEBUG: [testing_logs_utils.py->logged_sleep()] Done sleeping
[06/08/2024 14:25:30.566]  WARN: [ssh_command.py->run_ssh_command()] All attempts failed while running SSH command ". /etc/profile; pidin threads > /var/log/vpe/pidin_threads_None.txt" on 172.16.1.246. device is down or unreachable for at least 0 sec.
[06/08/2024 14:25:30.670] DEBUG: [testing_logs_utils.py->logged_sleep()] Done sleeping
[06/08/2024 14:25:32.064] DEBUG: [ssh_command.py->__run_ssh_command_core()] New Connection has been created to 172.16.4.101
[06/08/2024 14:25:32.382] DEBUG: [DLTFilesCollector.py->collect_and_remove_dlt_files()] Collect dlt files done!
[06/08/2024 14:25:32.386] DEBUG: [DLTFilesCollector.py->collect_and_remove_dlt_files()] remove the dlt file from the device
[06/08/2024 14:25:32.390] DEBUG: [DLTFilesCollector.py->_remove_dlt_files_from_dut()] Delete all files in /var/log/dlt
[06/08/2024 14:25:32.395] DEBUG: [qnx_commands.py->run_qnx_command()] Trying to run: "ls /var/log/dlt" on VCU
[06/08/2024 14:25:32.494] DEBUG: [SerialCommands.py->read_console_log()] [serial console] qnx startup complete
[06/08/2024 14:25:32.793] DEBUG: [qnx_commands.py->run_qnx_command()] SystemType.VCU shell command returned: Audio.248.dlt.2024-08-06_11-55-45.log
CriticalSoc.189.dlt.2024-08-06_10-57-41.log
Soc.078.dlt.2024-08-06_12-01-49.log
Soc.079.dlt.2024-08-06_12-03-26.log
Soc.080.dlt.2024-08-06_12-04-36.log
Soc.081.dlt.2024-08-06_12-09-14.log
[06/08/2024 14:25:32.801] DEBUG: [qnx_commands.py->run_qnx_command()] Trying to run: "ls /var/log/dlt | wc -l" on VCU
[06/08/2024 14:25:33.276] DEBUG: [qnx_commands.py->run_qnx_command()] SystemType.VCU shell command returned: 6
[06/08/2024 14:25:33.288] DEBUG: [qnx_commands.py->run_qnx_command()] Trying to run: "ls /var/log/dlt/Soc.*.dlt" on VCU
[06/08/2024 14:25:33.405]  WARN: [ping_util.py->ping_thread_method()] ACP3 TCP Connection Is Down!
[06/08/2024 14:25:33.679] DEBUG: [SerialCommands.py->read_console_log()] [serial console] [swu]	hwconfig=hwconfig [0x271000500010000 gb row c2 hwtype_mid tuner_mercurydab_merlin ethernet_yes(es_high) sxm_no gnss_yes ram_12 ufs_128]
[06/08/2024 14:25:33.684] DEBUG: [SerialCommands.py->read_console_log()] [serial console] [swu]	moduleid_t::module_id_vip_app=4vb.175.5.21
[06/08/2024 14:25:33.694] DEBUG: [SerialCommands.py->read_console_log()] [serial console] [swu]	moduleid_t::module_id_gnss=1.0
[06/08/2024 14:25:33.699] DEBUG: [SerialCommands.py->read_console_log()] [serial console] [swu]	moduleid_t::module_id_tuner=090710007821
[06/08/2024 14:25:33.708] DEBUG: [SerialCommands.py->read_console_log()] [serial console] [swu]	moduleid_t::module_id_ethernet_switch=v2.07.1001 (2020-05-07) - :fec89c3f
[06/08/2024 14:25:33.710] DEBUG: [SerialCommands.py->read_console_log()] [serial console] [swu]	moduleid_t::module_id_vip_bootloader=rb_main_2024.24.5
[06/08/2024 14:25:33.713] DEBUG: [SerialCommands.py->read_console_log()] [serial console] [swu]	moduleid_t::module_id_vip_hsm=partnumber [85761962.ab]
[06/08/2024 14:25:33.724] DEBUG: [SerialCommands.py->read_console_log()] [serial console] [swu]	display: config=17
[06/08/2024 14:25:33.727] DEBUG: [SerialCommands.py->read_console_log()] [serial console] [swu]	display: 8960 x 1320
[06/08/2024 14:25:33.831] DEBUG: [qnx_commands.py->run_qnx_command()] SystemType.VCU shell command returned: ls: No such file or directory (/var/log/dlt/Soc.*.dlt)
[06/08/2024 14:25:33.836] DEBUG: [qnx_commands.py->run_qnx_command()] Trying to run: "ls /var/log/dlt/Vip.*.dlt" on VCU
[06/08/2024 14:25:34.029] DEBUG: [SerialCommands.py->read_console_log()] [serial console] [swu]	fidminfo [display id=8, sw verion=0x8, hardware version=0x7, hw_pn=partnumber [53784531.aa]]
[06/08/2024 14:25:34.157] DEBUG: [SerialCommands.py->read_console_log()] [serial console] [swu]	found potential new firmware for moduleid_t::module_id_gnss: current version=1.0, latest firmware version=4.32
[06/08/2024 14:25:34.173] DEBUG: [SerialCommands.py->read_console_log()] [serial console] [swu]	found potential new firmware for moduleid_t::module_id_ethernet_switch: current version=v2.07.1001 (2020-05-07) - :fec89c3f, latest firmware version=v2.09.1000 (2022-05-20) - :34968d23
[06/08/2024 14:25:34.175] DEBUG: [SerialCommands.py->read_console_log()] [serial console] [swu]
[06/08/2024 14:25:34.178] DEBUG: [SerialCommands.py->read_console_log()] [serial console] *************************************************************************
[06/08/2024 14:25:34.189] DEBUG: [SerialCommands.py->read_console_log()] [serial console] use following steps to update firmwares
[06/08/2024 14:25:34.192] DEBUG: [SerialCommands.py->read_console_log()] [serial console] touch /ota_update/recovery/gm_recovery_update_peripherals
[06/08/2024 14:25:34.194] DEBUG: [SerialCommands.py->read_console_log()] [serial console] swu_bootctrl.out -s mode 2
[06/08/2024 14:25:34.196] DEBUG: [SerialCommands.py->read_console_log()] [serial console] reset
[06/08/2024 14:25:34.204] DEBUG: [SerialCommands.py->read_console_log()] [serial console] after power cycle, vcu will enter recovery mode to update firmwares
[06/08/2024 14:25:34.207] DEBUG: [SerialCommands.py->read_console_log()] [serial console] *************************************************************************
[06/08/2024 14:25:34.209] DEBUG: [SerialCommands.py->read_console_log()] [serial console]
[06/08/2024 14:25:34.264] DEBUG: [qnx_commands.py->run_qnx_command()] SystemType.VCU shell command returned: ls: No such file or directory (/var/log/dlt/Vip.*.dlt)
[06/08/2024 14:25:34.271] DEBUG: [qnx_commands.py->run_qnx_command()] Trying to run: "ls /var/log/dlt/CriticalSoc.*.dlt" on VCU
[06/08/2024 14:25:34.759] DEBUG: [qnx_commands.py->run_qnx_command()] SystemType.VCU shell command returned: ls: No such file or directory (/var/log/dlt/CriticalSoc.*.dlt)
[06/08/2024 14:25:34.774] DEBUG: [qnx_commands.py->run_qnx_command()] Trying to run: "ls /var/log/dlt/Audio.*.dlt" on VCU
[06/08/2024 14:25:35.166] DEBUG: [qnx_commands.py->run_qnx_command()] SystemType.VCU shell command returned: ls: No such file or directory (/var/log/dlt/Audio.*.dlt)
[06/08/2024 14:25:35.173] DEBUG: [DLTFilesCollector.py->_remove_dlt_files_from_dut()] the list of files to delete after sorting and remove the latest from each group: []
[06/08/2024 14:25:35.179] DEBUG: [qnx_commands.py->run_qnx_command()] Trying to run: "rm -r " on VCU
[06/08/2024 14:25:35.449] DEBUG: [qnx_commands.py->run_qnx_command()] SystemType.VCU shell command returned: rm: Must specify file[s] for removal.
[06/08/2024 14:25:35.456] DEBUG: [DLTFilesCollector.py->_remove_dlt_files_from_dut()] Delete all files in /var/log/dlt_raw
[06/08/2024 14:25:35.463] DEBUG: [qnx_commands.py->run_qnx_command()] Trying to run: "ls /var/log/dlt_raw" on VCU
[06/08/2024 14:25:35.879] DEBUG: [qnx_commands.py->run_qnx_command()] SystemType.VCU shell command returned: Audio.249.dlt
CriticalSoc.190.dlt
PARSE_RAW_DLT.README
Soc.084.dlt
Soc.085.dlt
Vip.131.dlt
dlt_logstorage.conf
parse_dlt.sh
[06/08/2024 14:25:35.889] DEBUG: [qnx_commands.py->run_qnx_command()] Trying to run: "ls /var/log/dlt_raw | wc -l" on VCU
[06/08/2024 14:25:36.121] DEBUG: [qnx_commands.py->run_qnx_command()] SystemType.VCU shell command returned: 8
[06/08/2024 14:25:36.129] DEBUG: [qnx_commands.py->run_qnx_command()] Trying to run: "ls /var/log/dlt_raw/Soc.*.dlt" on VCU
[06/08/2024 14:25:36.444] DEBUG: [qnx_commands.py->run_qnx_command()] SystemType.VCU shell command returned: /var/log/dlt_raw/Soc.084.dlt
/var/log/dlt_raw/Soc.085.dlt
[06/08/2024 14:25:36.455] DEBUG: [qnx_commands.py->run_qnx_command()] Trying to run: "ls /var/log/dlt_raw/Vip.*.dlt" on VCU
[06/08/2024 14:25:36.723] DEBUG: [qnx_commands.py->run_qnx_command()] SystemType.VCU shell command returned: /var/log/dlt_raw/Vip.131.dlt
[06/08/2024 14:25:36.735] DEBUG: [qnx_commands.py->run_qnx_command()] Trying to run: "ls /var/log/dlt_raw/CriticalSoc.*.dlt" on VCU
[06/08/2024 14:25:37.145] DEBUG: [qnx_commands.py->run_qnx_command()] SystemType.VCU shell command returned: /var/log/dlt_raw/CriticalSoc.190.dlt
[06/08/2024 14:25:37.149] DEBUG: [qnx_commands.py->run_qnx_command()] Trying to run: "ls /var/log/dlt_raw/Audio.*.dlt" on VCU
[06/08/2024 14:25:37.631] DEBUG: [qnx_commands.py->run_qnx_command()] SystemType.VCU shell command returned: /var/log/dlt_raw/Audio.249.dlt
[06/08/2024 14:25:37.646] DEBUG: [DLTFilesCollector.py->_remove_dlt_files_from_dut()] the list of files to delete after sorting and remove the latest from each group: ['/var/log/dlt_raw/Soc.084.dlt']
[06/08/2024 14:25:37.659] DEBUG: [qnx_commands.py->run_qnx_command()] Trying to run: "rm -r /var/log/dlt_raw/Soc.084.dlt" on VCU
[06/08/2024 14:25:38.396] DEBUG: [DLTFilesCollector.py->collect_and_remove_dlt_files()] Delete dlt files done!
[06/08/2024 14:25:38.408] DEBUG: [DebugInfo.py->collect_bmetrics_log()] collect the bmetrics log file to D:\projects\vvi-automation\VPM_Automation_Logs\test_cold_boot_park_vcu_m_AVVP171263-30771\iteration_1\Logs...
[06/08/2024 14:25:38.418] DEBUG: [qnx_commands.py->run_qnx_command()] Trying to run: "cat /dev/bmetrics > /var/log/bmetrics.log" on VCU
[06/08/2024 14:25:39.114] DEBUG: [DebugInfo.py->collect_bmetrics_log()] bmetrics:

[06/08/2024 14:25:41.491] DEBUG: [DebugInfo.py->collect_slog2info_log()] collect Slog2info log file to D:\projects\vvi-automation\VPM_Automation_Logs\test_cold_boot_park_vcu_m_AVVP171263-30771\iteration_1\Logs...
[06/08/2024 14:25:41.505] DEBUG: [qnx_commands.py->run_qnx_command()] Trying to run: "slog2info > /tmp/slog2info.log" on VCU
[06/08/2024 14:25:47.560] DEBUG: [qnx_commands.py->run_qnx_command()] Trying to run: "slog2info -c" on VCU
[06/08/2024 14:25:48.770] DEBUG: [DebugInfo.py->collect_slog2info_log()] Slog2info:

[06/08/2024 14:25:51.582] DEBUG: [qnx_commands.py->run_qnx_command()] Trying to run: "pidin -p RtosAppMain -f a | grep -v pid" on VCU
[06/08/2024 14:25:53.043] DEBUG: [qnx_commands.py->run_qnx_command()] SystemType.VCU shell command returned: 1126578
[06/08/2024 14:25:53.045]  WARN: [hmi_service_monitor.py->monitor_pid_change()] HMI PID had Changed from None to 1126578
[06/08/2024 14:25:53.046]  INFO: [hmi_service_monitor.py->monitor_pid_change()] HMI PID Changed counter: 3
[06/08/2024 14:25:54.999] DEBUG: [file_transfer_wrapper.py->copy_files_from_host()] /var/log/vpe/rvc_service.log not exist, skip!
[06/08/2024 14:25:55.018] DEBUG: [qnx_commands.py->run_qnx_command()] Trying to run: "ls /var/log/vpe/rvc_service.log" on VCU
[06/08/2024 14:25:55.380] DEBUG: [qnx_commands.py->run_qnx_command()] SystemType.VCU shell command returned: ls: No such file or directory (/var/log/vpe/rvc_service.log)
[06/08/2024 14:25:55.394] DEBUG: [qnx_commands.py->run_qnx_command()] Trying to run: "tar -czvf /var/data/uc_logs.tgz /var/uc_logs*/* /var/uclogs*/*" on VCU
[06/08/2024 14:25:55.962] DEBUG: [qnx_commands.py->run_qnx_command()] SystemType.VCU shell command returned: tar: /var/uc_logs*/*: Cannot stat: No such file or directory
tar: /var/uclogs*/*: Cannot stat: No such file or directory
tar: Error exit delayed from previous errors.
[06/08/2024 14:25:55.970] DEBUG: [DutLogsHandler.py->tar_files()] Log files zip command output: tar: /var/uc_logs*/*: Cannot stat: No such file or directory
tar: /var/uclogs*/*: Cannot stat: No such file or directory
tar: Error exit delayed from previous errors.
[06/08/2024 14:25:56.308] DEBUG: [file_transfer_wrapper.py->copy_files_from_host()] /var/data/uc_logs.tgz not exist, skip!
[06/08/2024 14:25:56.313] DEBUG: [qnx_commands.py->run_qnx_command()] Trying to run: "rm /var/data/uc_logs.tgz" on VCU
[06/08/2024 14:25:56.704] DEBUG: [qnx_commands.py->run_qnx_command()] Trying to run: "ls /var/uc_logs*/* /var/uclogs*/*" on ACP3
[06/08/2024 14:25:56.974] DEBUG: [ssh_command.py->__run_ssh_command_core()] New Connection has been created to 172.16.1.246
[06/08/2024 14:25:57.135] DEBUG: [qnx_commands.py->run_qnx_command()] SystemType.ACP3 shell command returned: /var/uc_logs/1_Current_Logs
/var/uc_logs/2021-06-01_00-00-02_ShmemKiller_790560.txt
/var/uc_logs/2021-06-01_00-00-03_CameraDriver_946229.txt
/var/uc_logs/2021-06-01_00-00-03_PubSubManager_933940.txt
/var/uc_logs/2021-06-01_00-00-03_early_rvc_790568.txt
/var/uc_logs/2021-06-01_00-00-06_service_vpe_946237.txt
/var/uc_logs/2021-06-01_00-00-07_Acp3S2SGW_1343573.txt
/var/uc_logs/2021-06-01_00-00-07_LogTimeSynchronizer_1343572.txt
/var/uc_logs/2021-06-01_00-00-11_SNSDiagnosticsCameraDMS_1351767.txt
/var/uc_logs/2021-06-01_00-00-11_isp_1351775.txt
/var/uc_logs/2021-06-01_00-00-11_mlt_main_acp3_1351773.txt
/var/uc_logs/2021-06-01_00-00-11_mot_main_1351771.txt
/var/uc_logs/2021-06-01_00-00-11_perception_events_daemon_1351772.txt
/var/uc_logs/2021-06-01_00-00-11_shadow_app_main_1351774.txt
/var/uc_logs/2021-06-01_00-00-12_detector_rear_short_range_1351770.txt
/var/uc_logs/2021-06-01_00-00-13_SNSDiagnosticsDMSEmitter_1351780.txt
/var/uc_logs/2021-06-01_00-00-14_SNSDiagnosticsCameraGrillFront_1351768.txt
/var/uc_logs/2021-06-01_00-00-14_SNSDiagnosticsCameraLiftGate_1351769.txt
/var/uc_logs/2021-06-01_00-00-14_SNSDiagnosticsCameraMirrorLeft_1351764.txt
/var/uc_logs/2021-06-01_00-00-14_SNSDiagnosticsCameraMirrorRight_1351706.txt
/var/uc_logs/2021-06-01_00-00-14_SNSDiagnosticsSensingXID_1351766.txt
/var/uc_logs/2021-06-01_00-00-16_detector_sides_short_range_1433702.txt
/var/uc_logs/2021-06-01_00-00-21_detector_front_short_range_1454187.txt
/var/uc_logs/2021-06-01_00-00-22_PlatformApiAdapter_1474668.txt
/var/uc_logs/2021-06-01_00-00-22_TimeSynchronizer_1474669.txt
/var/uc_logs/2021-06-01_00-00-23_DcuManager_1474670.txt
/var/uc_logs/2021-06-01_00-00-23_alignCamera2Ground_1474671.txt
/var/uc_logsA/1_Current_Logs
/var/uc_logsA/2021-06-01_00-00-02_ShmemKiller_790560.txt
/var/uc_logsA/2021-06-01_00-00-03_CameraDriver_946229.txt
/var/uc_logsA/2021-06-01_00-00-03_PubSubManager_933940.txt
/var/uc_logsA/2021-06-01_00-00-03_early_rvc_790568.txt
/var/uc_logsA/2021-06-01_00-00-06_service_vpe_946237.txt
/var/uc_logsA/2021-06-01_00-00-07_Acp3S2SGW_1343573.txt
/var/uc_logsA/2021-06-01_00-00-07_LogTimeSynchronizer_1343572.txt
/var/uc_logsA/2021-06-01_00-00-11_SNSDiagnosticsCameraDMS_1351767.txt
/var/uc_logsA/2021-06-01_00-00-11_isp_1351775.txt
/var/uc_logsA/2021-06-01_00-00-11_mlt_main_acp3_1351773.txt
/var/uc_logsA/2021-06-01_00-00-11_mot_main_1351771.txt
/var/uc_logsA/2021-06-01_00-00-11_perception_events_daemon_1351772.txt
/var/uc_logsA/2021-06-01_00-00-11_shadow_app_main_1351774.txt
/var/uc_logsA/2021-06-01_00-00-12_detector_rear_short_range_1351770.txt
/var/uc_logsA/2021-06-01_00-00-13_SNSDiagnosticsDMSEmitter_1351780.txt
/var/uc_logsA/2021-06-01_00-00-14_SNSDiagnosticsCameraGrillFront_1351768.txt
/var/uc_logsA/2021-06-01_00-00-14_SNSDiagnosticsCameraLiftGate_1351769.txt
/var/uc_logsA/2021-06-01_00-00-14_SNSDiagnosticsCameraMirrorLeft_1351764.txt
/var/uc_logsA/2021-06-01_00-00-14_SNSDiagnosticsCameraMirrorRight_1351706.txt
/var/uc_logsA/2021-06-01_00-00-14_SNSDiagnosticsSensingXID_1351766.txt
/var/uc_logsA/2021-06-01_00-00-16_detector_sides_short_range_1433702.txt
/var/uc_logsA/2021-06-01_00-00-21_detector_front_short_range_1454187.txt
/var/uc_logsA/2021-06-01_00-00-22_PlatformApiAdapter_1474668.txt
/var/uc_logsA/2021-06-01_00-00-22_TimeSynchronizer_1474669.txt
/var/uc_logsA/2021-06-01_00-00-23_DcuManager_1474670.txt
/var/uc_logsA/2021-06-01_00-00-23_alignCamera2Ground_1474671.txt
/var/uc_logsB/2021-06-01_00-00-02_ShmemKiller_790560.txt
/var/uc_logsB/2021-06-01_00-00-03_CameraDriver_946228.txt
/var/uc_logsB/2021-06-01_00-00-03_PubSubManager_897077.txt
/var/uc_logsB/2021-06-01_00-00-03_early_rvc_790569.txt
/var/uc_logsB/2021-06-01_00-00-06_Acp3S2SGW_1298517.txt
/var/uc_logsB/2021-06-01_00-00-06_LogTimeSynchronizer_1294418.txt
/var/uc_logsB/2021-06-01_00-00-06_service_vpe_946237.txt
/var/uc_logsB/2021-06-01_00-00-11_SNSDiagnosticsCameraDMS_1351767.txt
/var/uc_logsB/2021-06-01_00-00-11_isp_1351775.txt
/var/uc_logsB/2021-06-01_00-00-11_mlt_main_acp3_1351773.txt
/var/uc_logsB/2021-06-01_00-00-11_mot_main_1351771.txt
/var/uc_logsB/2021-06-01_00-00-11_perception_events_daemon_1351772.txt
/var/uc_logsB/2021-06-01_00-00-11_shadow_app_main_1351774.txt
/var/uc_logsB/2021-06-01_00-00-12_SNSDiagnosticsCameraMirrorRight_1351755.txt
/var/uc_logsB/2021-06-01_00-00-12_SNSDiagnosticsDMSEmitter_1392740.txt
/var/uc_logsB/2021-06-01_00-00-12_detector_rear_short_range_1351770.txt
/var/uc_logsB/2021-06-01_00-00-13_SNSDiagnosticsCameraMirrorLeft_1351762.txt
/var/uc_logsB/2021-06-01_00-00-13_SNSDiagnosticsSensingXID_1351766.txt
/var/uc_logsB/2021-06-01_00-00-14_SNSDiagnosticsCameraGrillFront_1351768.txt
/var/uc_logsB/2024-08-06_14-22-07_SNSDiagnosticsCameraLiftGate_1351769.txt
/var/uclogs/1_Current_Logs
/var/uclogs/ACP3 DM Manager logger.log
/var/uclogs/ACP3 PassThrough Manager logger.log
/var/uclogs/ACP3 UCM Manager logger.log
/var/uclogs/ASUM_CommDiag.log
/var/uclogs/ASUM_DM_SafetyAgent.log
/var/uclogs/ASUM_Diag.log
/var/uclogs/ASec.log
/var/uclogs/ASpu.log
/var/uclogs/C2GA.log
/var/uclogs/CAMD.log
/var/uclogs/ConD.log
/var/uclogs/DCUM.log
/var/uclogs/DLTD.log
/var/uclogs/DLTR.log
/var/uclogs/DMSCal.log
/var/uclogs/DMS_Manager.log
/var/uclogs/DV.log
/var/uclogs/DiagNetworkIntegration.log
/var/uclogs/DiagnosticsCameraDMS.log
/var/uclogs/DiagnosticsCameraGrillFront.log
/var/uclogs/DiagnosticsCameraLiftGate.log
/var/uclogs/DiagnosticsCameraMirrorLeft.log
/var/uclogs/DiagnosticsCameraMirrorRight.log
/var/uclogs/DiagnosticsDMSEmitter.log
/var/uclogs/DiagnosticsSensingXID.log
/var/uclogs/EM.log
/var/uclogs/EVNT.log
/var/uclogs/ISP.log
/var/uclogs/LogT.log
/var/uclogs/MLT.log
/var/uclogs/MOT.log
/var/uclogs/MapApp.log
/var/uclogs/MapDataLayer.log
/var/uclogs/MapOTA.log
/var/uclogs/MapRedBend.log
/var/uclogs/MapRouteServer.log
/var/uclogs/NMng.log
/var/uclogs/QQQDiagApp.log
/var/uclogs/S2SG.log
/var/uclogs/SHDW.log
/var/uclogs/SMAT.log
/var/uclogs/SysD.log
/var/uclogs/TSYN.log
/var/uclogs/VExc.log
/var/uclogs/VPER.log
/var/uclogs/VPE_SV.log
/var/uclogs/VPhm.log
/var/uclogs/VSom.log
/var/uclogs/VhFn.log
/var/uclogs/gwdc.log
/var/uclogsA/1_Current_Logs
/var/uclogsA/ACP3 DM Manager logger.log
/var/uclogsA/ACP3 PassThrough Manager logger.log
/var/uclogsA/ACP3 UCM Manager logger.log
/var/uclogsA/ASUM_CommDiag.log
/var/uclogsA/ASUM_DM_SafetyAgent.log
/var/uclogsA/ASUM_Diag.log
/var/uclogsA/ASec.log
/var/uclogsA/ASpu.log
/var/uclogsA/C2GA.log
/var/uclogsA/CAMD.log
/var/uclogsA/ConD.log
/var/uclogsA/DCUM.log
/var/uclogsA/DLTD.log
/var/uclogsA/DLTR.log
/var/uclogsA/DMSCal.log
/var/uclogsA/DMS_Manager.log
/var/uclogsA/DV.log
/var/uclogsA/DiagNetworkIntegration.log
/var/uclogsA/DiagnosticsCameraDMS.log
/var/uclogsA/DiagnosticsCameraGrillFront.log
/var/uclogsA/DiagnosticsCameraLiftGate.log
/var/uclogsA/DiagnosticsCameraMirrorLeft.log
/var/uclogsA/DiagnosticsCameraMirrorRight.log
/var/uclogsA/DiagnosticsDMSEmitter.log
/var/uclogsA/DiagnosticsSensingXID.log
/var/uclogsA/EM.log
/var/uclogsA/EVNT.log
/var/uclogsA/ISP.log
/var/uclogsA/LogT.log
/var/uclogsA/MLT.log
/var/uclogsA/MOT.log
/var/uclogsA/MapApp.log
/var/uclogsA/MapDataLayer.log
/var/uclogsA/MapOTA.log
/var/uclogsA/MapRedBend.log
/var/uclogsA/MapRouteServer.log
/var/uclogsA/NMng.log
/var/uclogsA/QQQDiagApp.log
/var/uclogsA/S2SG.log
/var/uclogsA/SHDW.log
/var/uclogsA/SMAT.log
/var/uclogsA/SysD.log
/var/uclogsA/TSYN.log
/var/uclogsA/VExc.log
/var/uclogsA/VPER.log
/var/uclogsA/VPE_SV.log
/var/uclogsA/VPhm.log
/var/uclogsA/VSom.log
/var/uclogsA/VhFn.log
/var/uclogsA/gwdc.log
/var/uclogsB/ACP3
/var/uclogsB/ACP3 DM Manager logger.log
/var/uclogsB/ACP3 PassThrough Manager logger.log
/var/uclogsB/ACP3 UCM Manager logger.log
/var/uclogsB/ASUM_CommDiag.log
/var/uclogsB/ASUM_DM_SafetyAgent.log
/var/uclogsB/ASUM_Diag.log
/var/uclogsB/ASec.log
/var/uclogsB/ASpu.log
/var/uclogsB/CAMD.log
/var/uclogsB/ConD.log
/var/uclogsB/DLTD.log
/var/uclogsB/DLTR.log
/var/uclogsB/DMSCal.log
/var/uclogsB/DMS_Manager.log
/var/uclogsB/DV.log
/var/uclogsB/DiagNetworkIntegration.log
/var/uclogsB/DiagnosticsCameraDMS.log
/var/uclogsB/DiagnosticsCameraGrillFront.log
/var/uclogsB/DiagnosticsCameraLiftGate.log
/var/uclogsB/DiagnosticsCameraMirrorLeft.log
/var/uclogsB/DiagnosticsCameraMirrorRight.log
/var/uclogsB/DiagnosticsDMSEmitter.log
/var/uclogsB/DiagnosticsSensingXID.log
/var/uclogsB/EM.log
/var/uclogsB/EVNT.log
/var/uclogsB/ISP.log
/var/uclogsB/LogT.log
/var/uclogsB/MLT.log
/var/uclogsB/MOT.log
/var/uclogsB/MapApp.log
/var/uclogsB/MapDataLayer.log
/var/uclogsB/MapOTA.log
/var/uclogsB/MapRedBend.log
/var/uclogsB/MapRouteServer.log
/var/uclogsB/NMng.log
/var/uclogsB/QQQDiagApp.log
/var/uclogsB/S2SG.log
/var/uclogsB/SHDW.log
/var/uclogsB/SMAT.log
/var/uclogsB/SysD.log
/var/uclogsB/VExc.log
/var/uclogsB/VPER.log
/var/uclogsB/VPE_SV.log
/var/uclogsB/VPhm.log
/var/uclogsB/VSom.log
/var/uclogsB/VhFn.log
/var/uclogsB/gwdc.log
[06/08/2024 14:25:57.149] DEBUG: [qnx_commands.py->run_qnx_command()] Trying to run: "tar -czvf /var/data/vpe_service_logs.tgz /var/log/vpe/*" on VCU
[06/08/2024 14:25:57.835] DEBUG: [qnx_commands.py->run_qnx_command()] SystemType.VCU shell command returned: tar: Removing leading '/' from member names
a var/log/vpe/enable_events_csv
a var/log/vpe/enable_signals_buffer
a var/log/vpe/vpe_service.log
[06/08/2024 14:25:57.847] DEBUG: [DutLogsHandler.py->tar_files()] Log files zip command output: tar: Removing leading '/' from member names
a var/log/vpe/enable_events_csv
a var/log/vpe/enable_signals_buffer
a var/log/vpe/vpe_service.log
[06/08/2024 14:25:58.183] DEBUG: [file_transfer_wrapper.py->copy_files_from_host()] /var/data/vpe_service_logs.tgz not exist, skip!
[06/08/2024 14:25:58.189] DEBUG: [qnx_commands.py->run_qnx_command()] Trying to run: "rm /var/data/vpe_service_logs.tgz" on VCU
[06/08/2024 14:25:58.550] DEBUG: [qnx_commands.py->run_qnx_command()] Trying to run: "ls /var/log/vpe/*" on ACP3
[06/08/2024 14:25:58.659] DEBUG: [qnx_commands.py->run_qnx_command()] SystemType.ACP3 shell command returned: /var/log/vpe/early_rvc_service.log
/var/log/vpe/early_rvc_service.sh
/var/log/vpe/early_rvc_service_system_info.log
/var/log/vpe/pidin_threads_946237.txt
/var/log/vpe/vpe_service.log
/var/log/vpe/vpe_service.sh
/var/log/vpe/vpe_service_cfg.log
/var/log/vpe/vpe_service_system_info.log
[06/08/2024 14:25:58.664] DEBUG: [DutLogsHandler.py->clear_log_files_before_test()] Clearing log files
[06/08/2024 14:25:58.668] DEBUG: [qnx_commands.py->run_qnx_command()] Trying to run: "ls /var/log/vpe/rvc_service*.log" on VCU
[06/08/2024 14:25:59.168] DEBUG: [qnx_commands.py->run_qnx_command()] SystemType.VCU shell command returned: ls: No such file or directory (/var/log/vpe/rvc_service*.log)
[06/08/2024 14:25:59.181] DEBUG: [qnx_commands.py->run_qnx_command()] Trying to run: "ls /var/uc_logs*/* /var/uclogs*/*" on ACP3
[06/08/2024 14:25:59.300] DEBUG: [qnx_commands.py->run_qnx_command()] SystemType.ACP3 shell command returned: /var/uc_logs/1_Current_Logs
/var/uc_logs/2021-06-01_00-00-02_ShmemKiller_790560.txt
/var/uc_logs/2021-06-01_00-00-03_CameraDriver_946229.txt
/var/uc_logs/2021-06-01_00-00-03_PubSubManager_933940.txt
/var/uc_logs/2021-06-01_00-00-03_early_rvc_790568.txt
/var/uc_logs/2021-06-01_00-00-06_service_vpe_946237.txt
/var/uc_logs/2021-06-01_00-00-07_Acp3S2SGW_1343573.txt
/var/uc_logs/2021-06-01_00-00-07_LogTimeSynchronizer_1343572.txt
/var/uc_logs/2021-06-01_00-00-11_SNSDiagnosticsCameraDMS_1351767.txt
/var/uc_logs/2021-06-01_00-00-11_isp_1351775.txt
/var/uc_logs/2021-06-01_00-00-11_mlt_main_acp3_1351773.txt
/var/uc_logs/2021-06-01_00-00-11_mot_main_1351771.txt
/var/uc_logs/2021-06-01_00-00-11_perception_events_daemon_1351772.txt
/var/uc_logs/2021-06-01_00-00-11_shadow_app_main_1351774.txt
/var/uc_logs/2021-06-01_00-00-12_detector_rear_short_range_1351770.txt
/var/uc_logs/2021-06-01_00-00-13_SNSDiagnosticsDMSEmitter_1351780.txt
/var/uc_logs/2021-06-01_00-00-14_SNSDiagnosticsCameraGrillFront_1351768.txt
/var/uc_logs/2021-06-01_00-00-14_SNSDiagnosticsCameraLiftGate_1351769.txt
/var/uc_logs/2021-06-01_00-00-14_SNSDiagnosticsCameraMirrorLeft_1351764.txt
/var/uc_logs/2021-06-01_00-00-14_SNSDiagnosticsCameraMirrorRight_1351706.txt
/var/uc_logs/2021-06-01_00-00-14_SNSDiagnosticsSensingXID_1351766.txt
/var/uc_logs/2021-06-01_00-00-16_detector_sides_short_range_1433702.txt
/var/uc_logs/2021-06-01_00-00-21_detector_front_short_range_1454187.txt
/var/uc_logs/2021-06-01_00-00-22_PlatformApiAdapter_1474668.txt
/var/uc_logs/2021-06-01_00-00-22_TimeSynchronizer_1474669.txt
/var/uc_logs/2021-06-01_00-00-23_DcuManager_1474670.txt
/var/uc_logs/2021-06-01_00-00-23_alignCamera2Ground_1474671.txt
/var/uc_logsA/1_Current_Logs
/var/uc_logsA/2021-06-01_00-00-02_ShmemKiller_790560.txt
/var/uc_logsA/2021-06-01_00-00-03_CameraDriver_946229.txt
/var/uc_logsA/2021-06-01_00-00-03_PubSubManager_933940.txt
/var/uc_logsA/2021-06-01_00-00-03_early_rvc_790568.txt
/var/uc_logsA/2021-06-01_00-00-06_service_vpe_946237.txt
/var/uc_logsA/2021-06-01_00-00-07_Acp3S2SGW_1343573.txt
/var/uc_logsA/2021-06-01_00-00-07_LogTimeSynchronizer_1343572.txt
/var/uc_logsA/2021-06-01_00-00-11_SNSDiagnosticsCameraDMS_1351767.txt
/var/uc_logsA/2021-06-01_00-00-11_isp_1351775.txt
/var/uc_logsA/2021-06-01_00-00-11_mlt_main_acp3_1351773.txt
/var/uc_logsA/2021-06-01_00-00-11_mot_main_1351771.txt
/var/uc_logsA/2021-06-01_00-00-11_perception_events_daemon_1351772.txt
/var/uc_logsA/2021-06-01_00-00-11_shadow_app_main_1351774.txt
/var/uc_logsA/2021-06-01_00-00-12_detector_rear_short_range_1351770.txt
/var/uc_logsA/2021-06-01_00-00-13_SNSDiagnosticsDMSEmitter_1351780.txt
/var/uc_logsA/2021-06-01_00-00-14_SNSDiagnosticsCameraGrillFront_1351768.txt
/var/uc_logsA/2021-06-01_00-00-14_SNSDiagnosticsCameraLiftGate_1351769.txt
/var/uc_logsA/2021-06-01_00-00-14_SNSDiagnosticsCameraMirrorLeft_1351764.txt
/var/uc_logsA/2021-06-01_00-00-14_SNSDiagnosticsCameraMirrorRight_1351706.txt
/var/uc_logsA/2021-06-01_00-00-14_SNSDiagnosticsSensingXID_1351766.txt
/var/uc_logsA/2021-06-01_00-00-16_detector_sides_short_range_1433702.txt
/var/uc_logsA/2021-06-01_00-00-21_detector_front_short_range_1454187.txt
/var/uc_logsA/2021-06-01_00-00-22_PlatformApiAdapter_1474668.txt
/var/uc_logsA/2021-06-01_00-00-22_TimeSynchronizer_1474669.txt
/var/uc_logsA/2021-06-01_00-00-23_DcuManager_1474670.txt
/var/uc_logsA/2021-06-01_00-00-23_alignCamera2Ground_1474671.txt
/var/uc_logsB/2021-06-01_00-00-02_ShmemKiller_790560.txt
/var/uc_logsB/2021-06-01_00-00-03_CameraDriver_946228.txt
/var/uc_logsB/2021-06-01_00-00-03_PubSubManager_897077.txt
/var/uc_logsB/2021-06-01_00-00-03_early_rvc_790569.txt
/var/uc_logsB/2021-06-01_00-00-06_Acp3S2SGW_1298517.txt
/var/uc_logsB/2021-06-01_00-00-06_LogTimeSynchronizer_1294418.txt
/var/uc_logsB/2021-06-01_00-00-06_service_vpe_946237.txt
/var/uc_logsB/2021-06-01_00-00-11_SNSDiagnosticsCameraDMS_1351767.txt
/var/uc_logsB/2021-06-01_00-00-11_isp_1351775.txt
/var/uc_logsB/2021-06-01_00-00-11_mlt_main_acp3_1351773.txt
/var/uc_logsB/2021-06-01_00-00-11_mot_main_1351771.txt
/var/uc_logsB/2021-06-01_00-00-11_perception_events_daemon_1351772.txt
/var/uc_logsB/2021-06-01_00-00-11_shadow_app_main_1351774.txt
/var/uc_logsB/2021-06-01_00-00-12_SNSDiagnosticsCameraMirrorRight_1351755.txt
/var/uc_logsB/2021-06-01_00-00-12_SNSDiagnosticsDMSEmitter_1392740.txt
/var/uc_logsB/2021-06-01_00-00-12_detector_rear_short_range_1351770.txt
/var/uc_logsB/2021-06-01_00-00-13_SNSDiagnosticsCameraMirrorLeft_1351762.txt
/var/uc_logsB/2021-06-01_00-00-13_SNSDiagnosticsSensingXID_1351766.txt
/var/uc_logsB/2021-06-01_00-00-14_SNSDiagnosticsCameraGrillFront_1351768.txt
/var/uc_logsB/2024-08-06_14-22-07_SNSDiagnosticsCameraLiftGate_1351769.txt
/var/uclogs/1_Current_Logs
/var/uclogs/ACP3 DM Manager logger.log
/var/uclogs/ACP3 PassThrough Manager logger.log
/var/uclogs/ACP3 UCM Manager logger.log
/var/uclogs/ASUM_CommDiag.log
/var/uclogs/ASUM_DM_SafetyAgent.log
/var/uclogs/ASUM_Diag.log
/var/uclogs/ASec.log
/var/uclogs/ASpu.log
/var/uclogs/C2GA.log
/var/uclogs/CAMD.log
/var/uclogs/ConD.log
/var/uclogs/DCUM.log
/var/uclogs/DLTD.log
/var/uclogs/DLTR.log
/var/uclogs/DMSCal.log
/var/uclogs/DMS_Manager.log
/var/uclogs/DV.log
/var/uclogs/DiagNetworkIntegration.log
/var/uclogs/DiagnosticsCameraDMS.log
/var/uclogs/DiagnosticsCameraGrillFront.log
/var/uclogs/DiagnosticsCameraLiftGate.log
/var/uclogs/DiagnosticsCameraMirrorLeft.log
/var/uclogs/DiagnosticsCameraMirrorRight.log
/var/uclogs/DiagnosticsDMSEmitter.log
/var/uclogs/DiagnosticsSensingXID.log
/var/uclogs/EM.log
/var/uclogs/EVNT.log
/var/uclogs/ISP.log
/var/uclogs/LogT.log
/var/uclogs/MLT.log
/var/uclogs/MOT.log
/var/uclogs/MapApp.log
/var/uclogs/MapDataLayer.log
/var/uclogs/MapOTA.log
/var/uclogs/MapRedBend.log
/var/uclogs/MapRouteServer.log
/var/uclogs/NMng.log
/var/uclogs/QQQDiagApp.log
/var/uclogs/S2SG.log
/var/uclogs/SHDW.log
/var/uclogs/SMAT.log
/var/uclogs/SysD.log
/var/uclogs/TSYN.log
/var/uclogs/VExc.log
/var/uclogs/VPER.log
/var/uclogs/VPE_SV.log
/var/uclogs/VPhm.log
/var/uclogs/VSom.log
/var/uclogs/VhFn.log
/var/uclogs/gwdc.log
/var/uclogsA/1_Current_Logs
/var/uclogsA/ACP3 DM Manager logger.log
/var/uclogsA/ACP3 PassThrough Manager logger.log
/var/uclogsA/ACP3 UCM Manager logger.log
/var/uclogsA/ASUM_CommDiag.log
/var/uclogsA/ASUM_DM_SafetyAgent.log
/var/uclogsA/ASUM_Diag.log
/var/uclogsA/ASec.log
/var/uclogsA/ASpu.log
/var/uclogsA/C2GA.log
/var/uclogsA/CAMD.log
/var/uclogsA/ConD.log
/var/uclogsA/DCUM.log
/var/uclogsA/DLTD.log
/var/uclogsA/DLTR.log
/var/uclogsA/DMSCal.log
/var/uclogsA/DMS_Manager.log
/var/uclogsA/DV.log
/var/uclogsA/DiagNetworkIntegration.log
/var/uclogsA/DiagnosticsCameraDMS.log
/var/uclogsA/DiagnosticsCameraGrillFront.log
/var/uclogsA/DiagnosticsCameraLiftGate.log
/var/uclogsA/DiagnosticsCameraMirrorLeft.log
/var/uclogsA/DiagnosticsCameraMirrorRight.log
/var/uclogsA/DiagnosticsDMSEmitter.log
/var/uclogsA/DiagnosticsSensingXID.log
/var/uclogsA/EM.log
/var/uclogsA/EVNT.log
/var/uclogsA/ISP.log
/var/uclogsA/LogT.log
/var/uclogsA/MLT.log
/var/uclogsA/MOT.log
/var/uclogsA/MapApp.log
/var/uclogsA/MapDataLayer.log
/var/uclogsA/MapOTA.log
/var/uclogsA/MapRedBend.log
/var/uclogsA/MapRouteServer.log
/var/uclogsA/NMng.log
/var/uclogsA/QQQDiagApp.log
/var/uclogsA/S2SG.log
/var/uclogsA/SHDW.log
/var/uclogsA/SMAT.log
/var/uclogsA/SysD.log
/var/uclogsA/TSYN.log
/var/uclogsA/VExc.log
/var/uclogsA/VPER.log
/var/uclogsA/VPE_SV.log
/var/uclogsA/VPhm.log
/var/uclogsA/VSom.log
/var/uclogsA/VhFn.log
/var/uclogsA/gwdc.log
/var/uclogsB/ACP3
/var/uclogsB/ACP3 DM Manager logger.log
/var/uclogsB/ACP3 PassThrough Manager logger.log
/var/uclogsB/ACP3 UCM Manager logger.log
/var/uclogsB/ASUM_CommDiag.log
/var/uclogsB/ASUM_DM_SafetyAgent.log
/var/uclogsB/ASUM_Diag.log
/var/uclogsB/ASec.log
/var/uclogsB/ASpu.log
/var/uclogsB/CAMD.log
/var/uclogsB/ConD.log
/var/uclogsB/DLTD.log
/var/uclogsB/DLTR.log
/var/uclogsB/DMSCal.log
/var/uclogsB/DMS_Manager.log
/var/uclogsB/DV.log
/var/uclogsB/DiagNetworkIntegration.log
/var/uclogsB/DiagnosticsCameraDMS.log
/var/uclogsB/DiagnosticsCameraGrillFront.log
/var/uclogsB/DiagnosticsCameraLiftGate.log
/var/uclogsB/DiagnosticsCameraMirrorLeft.log
/var/uclogsB/DiagnosticsCameraMirrorRight.log
/var/uclogsB/DiagnosticsDMSEmitter.log
/var/uclogsB/DiagnosticsSensingXID.log
/var/uclogsB/EM.log
/var/uclogsB/EVNT.log
/var/uclogsB/ISP.log
/var/uclogsB/LogT.log
/var/uclogsB/MLT.log
/var/uclogsB/MOT.log
/var/uclogsB/MapApp.log
/var/uclogsB/MapDataLayer.log
/var/uclogsB/MapOTA.log
/var/uclogsB/MapRedBend.log
/var/uclogsB/MapRouteServer.log
/var/uclogsB/NMng.log
/var/uclogsB/QQQDiagApp.log
/var/uclogsB/S2SG.log
/var/uclogsB/SHDW.log
/var/uclogsB/SMAT.log
/var/uclogsB/SysD.log
/var/uclogsB/VExc.log
/var/uclogsB/VPER.log
/var/uclogsB/VPE_SV.log
/var/uclogsB/VPhm.log
/var/uclogsB/VSom.log
/var/uclogsB/VhFn.log
/var/uclogsB/gwdc.log
[06/08/2024 14:25:59.310] DEBUG: [DutLogsHandler.py->clear_uc_logs()] Clear /var/uc_logs*/* /var/uclogs*/* logs files
[06/08/2024 14:25:59.320] DEBUG: [qnx_commands.py->run_qnx_command()] Trying to run: "ls /var/uc_logs*/* /var/uclogs*/*" on ACP3
[06/08/2024 14:25:59.552] DEBUG: [qnx_commands.py->run_qnx_command()] SystemType.ACP3 shell command returned: /var/uc_logs/1_Current_Logs
/var/uc_logs/2021-06-01_00-00-02_ShmemKiller_790560.txt
/var/uc_logs/2021-06-01_00-00-03_CameraDriver_946229.txt
/var/uc_logs/2021-06-01_00-00-03_PubSubManager_933940.txt
/var/uc_logs/2021-06-01_00-00-03_early_rvc_790568.txt
/var/uc_logs/2021-06-01_00-00-06_service_vpe_946237.txt
/var/uc_logs/2021-06-01_00-00-07_Acp3S2SGW_1343573.txt
/var/uc_logs/2021-06-01_00-00-07_LogTimeSynchronizer_1343572.txt
/var/uc_logs/2021-06-01_00-00-11_SNSDiagnosticsCameraDMS_1351767.txt
/var/uc_logs/2021-06-01_00-00-11_isp_1351775.txt
/var/uc_logs/2021-06-01_00-00-11_mlt_main_acp3_1351773.txt
/var/uc_logs/2021-06-01_00-00-11_mot_main_1351771.txt
/var/uc_logs/2021-06-01_00-00-11_perception_events_daemon_1351772.txt
/var/uc_logs/2021-06-01_00-00-11_shadow_app_main_1351774.txt
/var/uc_logs/2021-06-01_00-00-12_detector_rear_short_range_1351770.txt
/var/uc_logs/2021-06-01_00-00-13_SNSDiagnosticsDMSEmitter_1351780.txt
/var/uc_logs/2021-06-01_00-00-14_SNSDiagnosticsCameraGrillFront_1351768.txt
/var/uc_logs/2021-06-01_00-00-14_SNSDiagnosticsCameraLiftGate_1351769.txt
/var/uc_logs/2021-06-01_00-00-14_SNSDiagnosticsCameraMirrorLeft_1351764.txt
/var/uc_logs/2021-06-01_00-00-14_SNSDiagnosticsCameraMirrorRight_1351706.txt
/var/uc_logs/2021-06-01_00-00-14_SNSDiagnosticsSensingXID_1351766.txt
/var/uc_logs/2021-06-01_00-00-16_detector_sides_short_range_1433702.txt
/var/uc_logs/2021-06-01_00-00-21_detector_front_short_range_1454187.txt
/var/uc_logs/2021-06-01_00-00-22_PlatformApiAdapter_1474668.txt
/var/uc_logs/2021-06-01_00-00-22_TimeSynchronizer_1474669.txt
/var/uc_logs/2021-06-01_00-00-23_DcuManager_1474670.txt
/var/uc_logs/2021-06-01_00-00-23_alignCamera2Ground_1474671.txt
/var/uc_logsA/1_Current_Logs
/var/uc_logsA/2021-06-01_00-00-02_ShmemKiller_790560.txt
/var/uc_logsA/2021-06-01_00-00-03_CameraDriver_946229.txt
/var/uc_logsA/2021-06-01_00-00-03_PubSubManager_933940.txt
/var/uc_logsA/2021-06-01_00-00-03_early_rvc_790568.txt
/var/uc_logsA/2021-06-01_00-00-06_service_vpe_946237.txt
/var/uc_logsA/2021-06-01_00-00-07_Acp3S2SGW_1343573.txt
/var/uc_logsA/2021-06-01_00-00-07_LogTimeSynchronizer_1343572.txt
/var/uc_logsA/2021-06-01_00-00-11_SNSDiagnosticsCameraDMS_1351767.txt
/var/uc_logsA/2021-06-01_00-00-11_isp_1351775.txt
/var/uc_logsA/2021-06-01_00-00-11_mlt_main_acp3_1351773.txt
/var/uc_logsA/2021-06-01_00-00-11_mot_main_1351771.txt
/var/uc_logsA/2021-06-01_00-00-11_perception_events_daemon_1351772.txt
/var/uc_logsA/2021-06-01_00-00-11_shadow_app_main_1351774.txt
/var/uc_logsA/2021-06-01_00-00-12_detector_rear_short_range_1351770.txt
/var/uc_logsA/2021-06-01_00-00-13_SNSDiagnosticsDMSEmitter_1351780.txt
/var/uc_logsA/2021-06-01_00-00-14_SNSDiagnosticsCameraGrillFront_1351768.txt
/var/uc_logsA/2021-06-01_00-00-14_SNSDiagnosticsCameraLiftGate_1351769.txt
/var/uc_logsA/2021-06-01_00-00-14_SNSDiagnosticsCameraMirrorLeft_1351764.txt
/var/uc_logsA/2021-06-01_00-00-14_SNSDiagnosticsCameraMirrorRight_1351706.txt
/var/uc_logsA/2021-06-01_00-00-14_SNSDiagnosticsSensingXID_1351766.txt
/var/uc_logsA/2021-06-01_00-00-16_detector_sides_short_range_1433702.txt
/var/uc_logsA/2021-06-01_00-00-21_detector_front_short_range_1454187.txt
/var/uc_logsA/2021-06-01_00-00-22_PlatformApiAdapter_1474668.txt
/var/uc_logsA/2021-06-01_00-00-22_TimeSynchronizer_1474669.txt
/var/uc_logsA/2021-06-01_00-00-23_DcuManager_1474670.txt
/var/uc_logsA/2021-06-01_00-00-23_alignCamera2Ground_1474671.txt
/var/uc_logsB/2021-06-01_00-00-02_ShmemKiller_790560.txt
/var/uc_logsB/2021-06-01_00-00-03_CameraDriver_946228.txt
/var/uc_logsB/2021-06-01_00-00-03_PubSubManager_897077.txt
/var/uc_logsB/2021-06-01_00-00-03_early_rvc_790569.txt
/var/uc_logsB/2021-06-01_00-00-06_Acp3S2SGW_1298517.txt
/var/uc_logsB/2021-06-01_00-00-06_LogTimeSynchronizer_1294418.txt
/var/uc_logsB/2021-06-01_00-00-06_service_vpe_946237.txt
/var/uc_logsB/2021-06-01_00-00-11_SNSDiagnosticsCameraDMS_1351767.txt
/var/uc_logsB/2021-06-01_00-00-11_isp_1351775.txt
/var/uc_logsB/2021-06-01_00-00-11_mlt_main_acp3_1351773.txt
/var/uc_logsB/2021-06-01_00-00-11_mot_main_1351771.txt
/var/uc_logsB/2021-06-01_00-00-11_perception_events_daemon_1351772.txt
/var/uc_logsB/2021-06-01_00-00-11_shadow_app_main_1351774.txt
/var/uc_logsB/2021-06-01_00-00-12_SNSDiagnosticsCameraMirrorRight_1351755.txt
/var/uc_logsB/2021-06-01_00-00-12_SNSDiagnosticsDMSEmitter_1392740.txt
/var/uc_logsB/2021-06-01_00-00-12_detector_rear_short_range_1351770.txt
/var/uc_logsB/2021-06-01_00-00-13_SNSDiagnosticsCameraMirrorLeft_1351762.txt
/var/uc_logsB/2021-06-01_00-00-13_SNSDiagnosticsSensingXID_1351766.txt
/var/uc_logsB/2021-06-01_00-00-14_SNSDiagnosticsCameraGrillFront_1351768.txt
/var/uc_logsB/2024-08-06_14-22-07_SNSDiagnosticsCameraLiftGate_1351769.txt
/var/uclogs/1_Current_Logs
/var/uclogs/ACP3 DM Manager logger.log
/var/uclogs/ACP3 PassThrough Manager logger.log
/var/uclogs/ACP3 UCM Manager logger.log
/var/uclogs/ASUM_CommDiag.log
/var/uclogs/ASUM_DM_SafetyAgent.log
/var/uclogs/ASUM_Diag.log
/var/uclogs/ASec.log
/var/uclogs/ASpu.log
/var/uclogs/C2GA.log
/var/uclogs/CAMD.log
/var/uclogs/ConD.log
/var/uclogs/DCUM.log
/var/uclogs/DLTD.log
/var/uclogs/DLTR.log
/var/uclogs/DMSCal.log
/var/uclogs/DMS_Manager.log
/var/uclogs/DV.log
/var/uclogs/DiagNetworkIntegration.log
/var/uclogs/DiagnosticsCameraDMS.log
/var/uclogs/DiagnosticsCameraGrillFront.log
/var/uclogs/DiagnosticsCameraLiftGate.log
/var/uclogs/DiagnosticsCameraMirrorLeft.log
/var/uclogs/DiagnosticsCameraMirrorRight.log
/var/uclogs/DiagnosticsDMSEmitter.log
/var/uclogs/DiagnosticsSensingXID.log
/var/uclogs/EM.log
/var/uclogs/EVNT.log
/var/uclogs/ISP.log
/var/uclogs/LogT.log
/var/uclogs/MLT.log
/var/uclogs/MOT.log
/var/uclogs/MapApp.log
/var/uclogs/MapDataLayer.log
/var/uclogs/MapOTA.log
/var/uclogs/MapRedBend.log
/var/uclogs/MapRouteServer.log
/var/uclogs/NMng.log
/var/uclogs/QQQDiagApp.log
/var/uclogs/S2SG.log
/var/uclogs/SHDW.log
/var/uclogs/SMAT.log
/var/uclogs/SysD.log
/var/uclogs/TSYN.log
/var/uclogs/VExc.log
/var/uclogs/VPER.log
/var/uclogs/VPE_SV.log
/var/uclogs/VPhm.log
/var/uclogs/VSom.log
/var/uclogs/VhFn.log
/var/uclogs/gwdc.log
/var/uclogsA/1_Current_Logs
/var/uclogsA/ACP3 DM Manager logger.log
/var/uclogsA/ACP3 PassThrough Manager logger.log
/var/uclogsA/ACP3 UCM Manager logger.log
/var/uclogsA/ASUM_CommDiag.log
/var/uclogsA/ASUM_DM_SafetyAgent.log
/var/uclogsA/ASUM_Diag.log
/var/uclogsA/ASec.log
/var/uclogsA/ASpu.log
/var/uclogsA/C2GA.log
/var/uclogsA/CAMD.log
/var/uclogsA/ConD.log
/var/uclogsA/DCUM.log
/var/uclogsA/DLTD.log
/var/uclogsA/DLTR.log
/var/uclogsA/DMSCal.log
/var/uclogsA/DMS_Manager.log
/var/uclogsA/DV.log
/var/uclogsA/DiagNetworkIntegration.log
/var/uclogsA/DiagnosticsCameraDMS.log
/var/uclogsA/DiagnosticsCameraGrillFront.log
/var/uclogsA/DiagnosticsCameraLiftGate.log
/var/uclogsA/DiagnosticsCameraMirrorLeft.log
/var/uclogsA/DiagnosticsCameraMirrorRight.log
/var/uclogsA/DiagnosticsDMSEmitter.log
/var/uclogsA/DiagnosticsSensingXID.log
/var/uclogsA/EM.log
/var/uclogsA/EVNT.log
/var/uclogsA/ISP.log
/var/uclogsA/LogT.log
/var/uclogsA/MLT.log
/var/uclogsA/MOT.log
/var/uclogsA/MapApp.log
/var/uclogsA/MapDataLayer.log
/var/uclogsA/MapOTA.log
/var/uclogsA/MapRedBend.log
/var/uclogsA/MapRouteServer.log
/var/uclogsA/NMng.log
/var/uclogsA/QQQDiagApp.log
/var/uclogsA/S2SG.log
/var/uclogsA/SHDW.log
/var/uclogsA/SMAT.log
/var/uclogsA/SysD.log
/var/uclogsA/TSYN.log
/var/uclogsA/VExc.log
/var/uclogsA/VPER.log
/var/uclogsA/VPE_SV.log
/var/uclogsA/VPhm.log
/var/uclogsA/VSom.log
/var/uclogsA/VhFn.log
/var/uclogsA/gwdc.log
/var/uclogsB/ACP3
/var/uclogsB/ACP3 DM Manager logger.log
/var/uclogsB/ACP3 PassThrough Manager logger.log
/var/uclogsB/ACP3 UCM Manager logger.log
/var/uclogsB/ASUM_CommDiag.log
/var/uclogsB/ASUM_DM_SafetyAgent.log
/var/uclogsB/ASUM_Diag.log
/var/uclogsB/ASec.log
/var/uclogsB/ASpu.log
/var/uclogsB/CAMD.log
/var/uclogsB/ConD.log
/var/uclogsB/DLTD.log
/var/uclogsB/DLTR.log
/var/uclogsB/DMSCal.log
/var/uclogsB/DMS_Manager.log
/var/uclogsB/DV.log
/var/uclogsB/DiagNetworkIntegration.log
/var/uclogsB/DiagnosticsCameraDMS.log
/var/uclogsB/DiagnosticsCameraGrillFront.log
/var/uclogsB/DiagnosticsCameraLiftGate.log
/var/uclogsB/DiagnosticsCameraMirrorLeft.log
/var/uclogsB/DiagnosticsCameraMirrorRight.log
/var/uclogsB/DiagnosticsDMSEmitter.log
/var/uclogsB/DiagnosticsSensingXID.log
/var/uclogsB/EM.log
/var/uclogsB/EVNT.log
/var/uclogsB/ISP.log
/var/uclogsB/LogT.log
/var/uclogsB/MLT.log
/var/uclogsB/MOT.log
/var/uclogsB/MapApp.log
/var/uclogsB/MapDataLayer.log
/var/uclogsB/MapOTA.log
/var/uclogsB/MapRedBend.log
/var/uclogsB/MapRouteServer.log
/var/uclogsB/NMng.log
/var/uclogsB/QQQDiagApp.log
/var/uclogsB/S2SG.log
/var/uclogsB/SHDW.log
/var/uclogsB/SMAT.log
/var/uclogsB/SysD.log
/var/uclogsB/VExc.log
/var/uclogsB/VPER.log
/var/uclogsB/VPE_SV.log
/var/uclogsB/VPhm.log
/var/uclogsB/VSom.log
/var/uclogsB/VhFn.log
/var/uclogsB/gwdc.log
[06/08/2024 14:25:59.560] DEBUG: [qnx_commands.py->run_qnx_command()] Trying to run: "echo | tee  /var/uc_logs/1_Current_Logs /var/uc_logs/2021-06-01_00-00-02_ShmemKiller_790560.txt /var/uc_logs/2021-06-01_00-00-03_CameraDriver_946229.txt /var/uc_logs/2021-06-01_00-00-03_PubSubManager_933940.txt /var/uc_logs/2021-06-01_00-00-03_early_rvc_790568.txt /var/uc_logs/2021-06-01_00-00-06_service_vpe_946237.txt /var/uc_logs/2021-06-01_00-00-07_Acp3S2SGW_1343573.txt /var/uc_logs/2021-06-01_00-00-07_LogTimeSynchronizer_1343572.txt /var/uc_logs/2021-06-01_00-00-11_SNSDiagnosticsCameraDMS_1351767.txt /var/uc_logs/2021-06-01_00-00-11_isp_1351775.txt /var/uc_logs/2021-06-01_00-00-11_mlt_main_acp3_1351773.txt /var/uc_logs/2021-06-01_00-00-11_mot_main_1351771.txt /var/uc_logs/2021-06-01_00-00-11_perception_events_daemon_1351772.txt /var/uc_logs/2021-06-01_00-00-11_shadow_app_main_1351774.txt /var/uc_logs/2021-06-01_00-00-12_detector_rear_short_range_1351770.txt /var/uc_logs/2021-06-01_00-00-13_SNSDiagnosticsDMSEmitter_1351780.txt /var/uc_logs/2021-06-01_00-00-14_SNSDiagnosticsCameraGrillFront_1351768.txt /var/uc_logs/2021-06-01_00-00-14_SNSDiagnosticsCameraLiftGate_1351769.txt /var/uc_logs/2021-06-01_00-00-14_SNSDiagnosticsCameraMirrorLeft_1351764.txt /var/uc_logs/2021-06-01_00-00-14_SNSDiagnosticsCameraMirrorRight_1351706.txt /var/uc_logs/2021-06-01_00-00-14_SNSDiagnosticsSensingXID_1351766.txt /var/uc_logs/2021-06-01_00-00-16_detector_sides_short_range_1433702.txt /var/uc_logs/2021-06-01_00-00-21_detector_front_short_range_1454187.txt /var/uc_logs/2021-06-01_00-00-22_PlatformApiAdapter_1474668.txt /var/uc_logs/2021-06-01_00-00-22_TimeSynchronizer_1474669.txt /var/uc_logs/2021-06-01_00-00-23_DcuManager_1474670.txt /var/uc_logs/2021-06-01_00-00-23_alignCamera2Ground_1474671.txt /var/uc_logsA/1_Current_Logs /var/uc_logsA/2021-06-01_00-00-02_ShmemKiller_790560.txt /var/uc_logsA/2021-06-01_00-00-03_CameraDriver_946229.txt /var/uc_logsA/2021-06-01_00-00-03_PubSubManager_933940.txt /var/uc_logsA/2021-06-01_00-00-03_early_rvc_790568.txt /var/uc_logsA/2021-06-01_00-00-06_service_vpe_946237.txt /var/uc_logsA/2021-06-01_00-00-07_Acp3S2SGW_1343573.txt /var/uc_logsA/2021-06-01_00-00-07_LogTimeSynchronizer_1343572.txt /var/uc_logsA/2021-06-01_00-00-11_SNSDiagnosticsCameraDMS_1351767.txt /var/uc_logsA/2021-06-01_00-00-11_isp_1351775.txt /var/uc_logsA/2021-06-01_00-00-11_mlt_main_acp3_1351773.txt /var/uc_logsA/2021-06-01_00-00-11_mot_main_1351771.txt /var/uc_logsA/2021-06-01_00-00-11_perception_events_daemon_1351772.txt /var/uc_logsA/2021-06-01_00-00-11_shadow_app_main_1351774.txt /var/uc_logsA/2021-06-01_00-00-12_detector_rear_short_range_1351770.txt /var/uc_logsA/2021-06-01_00-00-13_SNSDiagnosticsDMSEmitter_1351780.txt /var/uc_logsA/2021-06-01_00-00-14_SNSDiagnosticsCameraGrillFront_1351768.txt /var/uc_logsA/2021-06-01_00-00-14_SNSDiagnosticsCameraLiftGate_1351769.txt /var/uc_logsA/2021-06-01_00-00-14_SNSDiagnosticsCameraMirrorLeft_1351764.txt /var/uc_logsA/2021-06-01_00-00-14_SNSDiagnosticsCameraMirrorRight_1351706.txt /var/uc_logsA/2021-06-01_00-00-14_SNSDiagnosticsSensingXID_1351766.txt /var/uc_logsA/2021-06-01_00-00-16_detector_sides_short_range_1433702.txt /var/uc_logsA/2021-06-01_00-00-21_detector_front_short_range_1454187.txt /var/uc_logsA/2021-06-01_00-00-22_PlatformApiAdapter_1474668.txt /var/uc_logsA/2021-06-01_00-00-22_TimeSynchronizer_1474669.txt /var/uc_logsA/2021-06-01_00-00-23_DcuManager_1474670.txt /var/uc_logsA/2021-06-01_00-00-23_alignCamera2Ground_1474671.txt /var/uc_logsB/2021-06-01_00-00-02_ShmemKiller_790560.txt /var/uc_logsB/2021-06-01_00-00-03_CameraDriver_946228.txt /var/uc_logsB/2021-06-01_00-00-03_PubSubManager_897077.txt /var/uc_logsB/2021-06-01_00-00-03_early_rvc_790569.txt /var/uc_logsB/2021-06-01_00-00-06_Acp3S2SGW_1298517.txt /var/uc_logsB/2021-06-01_00-00-06_LogTimeSynchronizer_1294418.txt /var/uc_logsB/2021-06-01_00-00-06_service_vpe_946237.txt /var/uc_logsB/2021-06-01_00-00-11_SNSDiagnosticsCameraDMS_1351767.txt /var/uc_logsB/2021-06-01_00-00-11_isp_1351775.txt /var/uc_logsB/2021-06-01_00-00-11_mlt_main_acp3_1351773.txt /var/uc_logsB/2021-06-01_00-00-11_mot_main_1351771.txt /var/uc_logsB/2021-06-01_00-00-11_perception_events_daemon_1351772.txt /var/uc_logsB/2021-06-01_00-00-11_shadow_app_main_1351774.txt /var/uc_logsB/2021-06-01_00-00-12_SNSDiagnosticsCameraMirrorRight_1351755.txt /var/uc_logsB/2021-06-01_00-00-12_SNSDiagnosticsDMSEmitter_1392740.txt /var/uc_logsB/2021-06-01_00-00-12_detector_rear_short_range_1351770.txt /var/uc_logsB/2021-06-01_00-00-13_SNSDiagnosticsCameraMirrorLeft_1351762.txt /var/uc_logsB/2021-06-01_00-00-13_SNSDiagnosticsSensingXID_1351766.txt /var/uc_logsB/2021-06-01_00-00-14_SNSDiagnosticsCameraGrillFront_1351768.txt /var/uc_logsB/2024-08-06_14-22-07_SNSDiagnosticsCameraLiftGate_1351769.txt /var/uclogs/1_Current_Logs /var/uclogs/ACP3 DM Manager logger.log /var/uclogs/ACP3 PassThrough Manager logger.log /var/uclogs/ACP3 UCM Manager logger.log /var/uclogs/ASUM_CommDiag.log /var/uclogs/ASUM_DM_SafetyAgent.log /var/uclogs/ASUM_Diag.log /var/uclogs/ASec.log /var/uclogs/ASpu.log /var/uclogs/C2GA.log /var/uclogs/CAMD.log /var/uclogs/ConD.log /var/uclogs/DCUM.log /var/uclogs/DLTD.log /var/uclogs/DLTR.log /var/uclogs/DMSCal.log /var/uclogs/DMS_Manager.log /var/uclogs/DV.log /var/uclogs/DiagNetworkIntegration.log /var/uclogs/DiagnosticsCameraDMS.log /var/uclogs/DiagnosticsCameraGrillFront.log /var/uclogs/DiagnosticsCameraLiftGate.log /var/uclogs/DiagnosticsCameraMirrorLeft.log /var/uclogs/DiagnosticsCameraMirrorRight.log /var/uclogs/DiagnosticsDMSEmitter.log /var/uclogs/DiagnosticsSensingXID.log /var/uclogs/EM.log /var/uclogs/EVNT.log /var/uclogs/ISP.log /var/uclogs/LogT.log /var/uclogs/MLT.log /var/uclogs/MOT.log /var/uclogs/MapApp.log /var/uclogs/MapDataLayer.log /var/uclogs/MapOTA.log /var/uclogs/MapRedBend.log /var/uclogs/MapRouteServer.log /var/uclogs/NMng.log /var/uclogs/QQQDiagApp.log /var/uclogs/S2SG.log /var/uclogs/SHDW.log /var/uclogs/SMAT.log /var/uclogs/SysD.log /var/uclogs/TSYN.log /var/uclogs/VExc.log /var/uclogs/VPER.log /var/uclogs/VPE_SV.log /var/uclogs/VPhm.log /var/uclogs/VSom.log /var/uclogs/VhFn.log /var/uclogs/gwdc.log /var/uclogsA/1_Current_Logs /var/uclogsA/ACP3 DM Manager logger.log /var/uclogsA/ACP3 PassThrough Manager logger.log /var/uclogsA/ACP3 UCM Manager logger.log /var/uclogsA/ASUM_CommDiag.log /var/uclogsA/ASUM_DM_SafetyAgent.log /var/uclogsA/ASUM_Diag.log /var/uclogsA/ASec.log /var/uclogsA/ASpu.log /var/uclogsA/C2GA.log /var/uclogsA/CAMD.log /var/uclogsA/ConD.log /var/uclogsA/DCUM.log /var/uclogsA/DLTD.log /var/uclogsA/DLTR.log /var/uclogsA/DMSCal.log /var/uclogsA/DMS_Manager.log /var/uclogsA/DV.log /var/uclogsA/DiagNetworkIntegration.log /var/uclogsA/DiagnosticsCameraDMS.log /var/uclogsA/DiagnosticsCameraGrillFront.log /var/uclogsA/DiagnosticsCameraLiftGate.log /var/uclogsA/DiagnosticsCameraMirrorLeft.log /var/uclogsA/DiagnosticsCameraMirrorRight.log /var/uclogsA/DiagnosticsDMSEmitter.log /var/uclogsA/DiagnosticsSensingXID.log /var/uclogsA/EM.log /var/uclogsA/EVNT.log /var/uclogsA/ISP.log /var/uclogsA/LogT.log /var/uclogsA/MLT.log /var/uclogsA/MOT.log /var/uclogsA/MapApp.log /var/uclogsA/MapDataLayer.log /var/uclogsA/MapOTA.log /var/uclogsA/MapRedBend.log /var/uclogsA/MapRouteServer.log /var/uclogsA/NMng.log /var/uclogsA/QQQDiagApp.log /var/uclogsA/S2SG.log /var/uclogsA/SHDW.log /var/uclogsA/SMAT.log /var/uclogsA/SysD.log /var/uclogsA/TSYN.log /var/uclogsA/VExc.log /var/uclogsA/VPER.log /var/uclogsA/VPE_SV.log /var/uclogsA/VPhm.log /var/uclogsA/VSom.log /var/uclogsA/VhFn.log /var/uclogsA/gwdc.log /var/uclogsB/ACP3 /var/uclogsB/ACP3 DM Manager logger.log /var/uclogsB/ACP3 PassThrough Manager logger.log /var/uclogsB/ACP3 UCM Manager logger.log /var/uclogsB/ASUM_CommDiag.log /var/uclogsB/ASUM_DM_SafetyAgent.log /var/uclogsB/ASUM_Diag.log /var/uclogsB/ASec.log /var/uclogsB/ASpu.log /var/uclogsB/CAMD.log /var/uclogsB/ConD.log /var/uclogsB/DLTD.log /var/uclogsB/DLTR.log /var/uclogsB/DMSCal.log /var/uclogsB/DMS_Manager.log /var/uclogsB/DV.log /var/uclogsB/DiagNetworkIntegration.log /var/uclogsB/DiagnosticsCameraDMS.log /var/uclogsB/DiagnosticsCameraGrillFront.log /var/uclogsB/DiagnosticsCameraLiftGate.log /var/uclogsB/DiagnosticsCameraMirrorLeft.log /var/uclogsB/DiagnosticsCameraMirrorRight.log /var/uclogsB/DiagnosticsDMSEmitter.log /var/uclogsB/DiagnosticsSensingXID.log /var/uclogsB/EM.log /var/uclogsB/EVNT.log /var/uclogsB/ISP.log /var/uclogsB/LogT.log /var/uclogsB/MLT.log /var/uclogsB/MOT.log /var/uclogsB/MapApp.log /var/uclogsB/MapDataLayer.log /var/uclogsB/MapOTA.log /var/uclogsB/MapRedBend.log /var/uclogsB/MapRouteServer.log /var/uclogsB/NMng.log /var/uclogsB/QQQDiagApp.log /var/uclogsB/S2SG.log /var/uclogsB/SHDW.log /var/uclogsB/SMAT.log /var/uclogsB/SysD.log /var/uclogsB/VExc.log /var/uclogsB/VPER.log /var/uclogsB/VPE_SV.log /var/uclogsB/VPhm.log /var/uclogsB/VSom.log /var/uclogsB/VhFn.log /var/uclogsB/gwdc.log > /dev/null" on ACP3
[06/08/2024 14:25:59.787] DEBUG: [DutLogsHandler.py->clear_uc_logs()] Clear /var/uc_logs*/* /var/uclogs*/* logs files results:
[06/08/2024 14:25:59.800] DEBUG: [qnx_commands.py->run_qnx_command()] Trying to run: "ls /var/log/vpe/*" on ACP3
[06/08/2024 14:26:00.015] DEBUG: [qnx_commands.py->run_qnx_command()] SystemType.ACP3 shell command returned: /var/log/vpe/early_rvc_service.log
/var/log/vpe/early_rvc_service.sh
/var/log/vpe/early_rvc_service_system_info.log
/var/log/vpe/pidin_threads_946237.txt
/var/log/vpe/vpe_service.log
/var/log/vpe/vpe_service.sh
/var/log/vpe/vpe_service_cfg.log
/var/log/vpe/vpe_service_system_info.log
[06/08/2024 14:26:00.026] DEBUG: [qnx_commands.py->run_qnx_command()] Trying to run: "echo > /var/log/vpe/early_rvc_service.log" on ACP3
[06/08/2024 14:26:00.234] DEBUG: [qnx_commands.py->run_qnx_command()] Trying to run: "chown gm_vpervc:gm_vpervc /tmp/vpe_cli.txt && chmod +w /tmp/vpe_cli.txt" on VCU
[06/08/2024 14:26:00.569] DEBUG: [qnx_commands.py->run_qnx_command()] Trying to run: "pidin -p service_vpe -f a | grep -v pid" on ACP3
[06/08/2024 14:26:00.677] DEBUG: [qnx_commands.py->run_qnx_command()] SystemType.ACP3 shell command returned: 946237
[06/08/2024 14:26:00.678] DEBUG: [vpe_service_monitor.py->monitor_pid_change()] VPE PID was None and now is 946237
[06/08/2024 14:26:00.679] DEBUG: [qnx_commands.py->run_qnx_command()] Trying to run: "pidin threads > /var/log/vpe/pidin_threads_946237.txt" on ACP3
[06/08/2024 14:26:00.711] DEBUG: [qnx_commands.py->run_qnx_command()] SystemType.VCU shell command returned: chown: No such file or directory (lstat /tmp/vpe_cli.txt)
[06/08/2024 14:26:00.716] DEBUG: [qnx_commands.py->run_qnx_command()] Trying to run: "echo > /var/log/vpe/early_rvc_service_system_info.log" on ACP3
[06/08/2024 14:26:00.906] DEBUG: [qnx_commands.py->run_qnx_command()] Trying to run: "chown gm_vpervc:gm_vpervc /tmp/vpe_cli.txt && chmod +w /tmp/vpe_cli.txt" on VCU
[06/08/2024 14:26:01.481] DEBUG: [qnx_commands.py->run_qnx_command()] SystemType.VCU shell command returned: chown: No such file or directory (lstat /tmp/vpe_cli.txt)
[06/08/2024 14:26:01.493] DEBUG: [qnx_commands.py->run_qnx_command()] Trying to run: "rm /var/log/vpe/pidin_threads_946237.txt" on ACP3
[06/08/2024 14:26:01.604] DEBUG: [qnx_commands.py->run_qnx_command()] Trying to run: "echo > /var/log/vpe/vpe_service.log" on ACP3
[06/08/2024 14:26:01.815] DEBUG: [qnx_commands.py->run_qnx_command()] Trying to run: "chown gm_vpervc:gm_vpervc /tmp/vpe_cli.txt && chmod +w /tmp/vpe_cli.txt" on VCU
[06/08/2024 14:26:02.205] DEBUG: [qnx_commands.py->run_qnx_command()] SystemType.VCU shell command returned: chown: No such file or directory (lstat /tmp/vpe_cli.txt)
[06/08/2024 14:26:02.210] DEBUG: [qnx_commands.py->delete_file()] Deleting file [/var/log/vpe/vpe_service_system_info.log] from QNX os on ACP3
[06/08/2024 14:26:02.214] DEBUG: [qnx_commands.py->run_qnx_command()] Trying to run: "rm /var/log/vpe/vpe_service_system_info.log" on ACP3
[06/08/2024 14:26:02.322] DEBUG: [qnx_commands.py->run_qnx_command()] Trying to run: "ls /var/log/vpe/vpe_service_system_info.log" on ACP3
[06/08/2024 14:26:02.538] DEBUG: [qnx_commands.py->run_qnx_command()] SystemType.ACP3 shell command returned: ls: No such file or directory (/var/log/vpe/vpe_service_system_info.log)
[06/08/2024 14:26:02.542] DEBUG: [qnx_commands.py->delete_file()] Failed Deleting file [/var/log/vpe/vpe_service_system_info.log] from QNX os on ACP3
[06/08/2024 14:26:02.547] DEBUG: [qnx_commands.py->run_qnx_command()] Trying to run: "pidin -F "%a %b %N %h %p %J %B" | grep -e "service.rvcvpe"" on VCU
[06/08/2024 14:26:05.611] DEBUG: [qnx_commands.py->run_qnx_command()] SystemType.VCU shell command returned: 53336   1 bin/service.rvcvpe Main                  15r CONDVAR     (0x696db1298)
   53336   2 bin/service.rvcvpe 2                     15r CONDVAR     (0x696493ac0)
   53336   3 bin/service.rvcvpe HAM Monitor           15r NANOSLEEP
   53336   4 bin/service.rvcvpe VPE Timer             15r CONDVAR     (0x696cd74d4)
   53336   5 bin/service.rvcvpe PMEM tracking RM      10r RECEIVE     3
   53336   6 bin/service.rvcvpe ais_c_evnt_recv_3     10r REPLY       49193
   53336   7 bin/service.rvcvpe ais_c_evnt_cb_3       10r CONDVAR     (0xe13e96a18)
   53336   8 bin/service.rvcvpe c_health              10r NANOSLEEP
   53336   9 bin/service.rvcvpe ais_c_evnt_recv_6     10r REPLY       49193
   53336  10 bin/service.rvcvpe ais_c_evnt_cb_6       10r CONDVAR     (0xe13e97020)
   53336  11 bin/service.rvcvpe _LIB_CALLBACK_THREAD  20r RECEIVE     6
   53336  12 bin/service.rvcvpe VPMCanBusNotifier     15r CONDVAR     (0x6965acda0)
   53336  13 bin/service.rvcvpe 13                    63r RECEIVE     8
   53336  14 bin/service.rvcvpe VcuPowerManager       15r DEAD
   53336  15 bin/service.rvcvpe unctionality to SUSD  15r CONDVAR     (0x373d1871b0)
   53336  16 bin/service.rvcvpe ine Message listener  15r CONDVAR     (0x696da5570)
   53336  17 bin/service.rvcvpe RVCCameraFault        15r CONDVAR     (0x696da5228)
   53336  18 bin/service.rvcvpe DiagMngrCamFault      15r CONDVAR     (0x696da4f58)
   53336  19 bin/service.rvcvpe cuDiagnosticsManager  15r DEAD
   53336  20 bin/service.rvcvpe fier listener thread  15r CONDVAR     (0x696da4798)
   53336  21 bin/service.rvcvpe INPUT_NODE1           15r REPLY       49193
   53336  22 bin/service.rvcvpe 22                    10r RECEIVE     2
   53336  23 bin/service.rvcvpe EGLscrn updater       15r REPLY       49218
   53336  24 bin/service.rvcvpe RVCHmiInterface       10r CONDVAR     (0x6967877f0)
   53336  25 bin/service.rvcvpe VPE GPIO Device       15r NANOSLEEP
   53336  26 bin/service.rvcvpe rvc-service_cli       15r NANOSLEEP
   53336  27 bin/service.rvcvpe RVCUserPreferences    15r CONDVAR     (0x69676dda8)
   53336  28 bin/service.rvcvpe d_plc_state_listener  15r SIGWAITINFO
   53336  29 bin/service.rvcvpe OUTPUT_NODE2          15r CONDVAR     (0x696c0c320)
[06/08/2024 14:26:05.629] DEBUG: [DebugInfo.py->collect_pidin_info()] pidin info: 53336   1 bin/service.rvcvpe Main                  15r CONDVAR     (0x696db1298)
   53336   2 bin/service.rvcvpe 2                     15r CONDVAR     (0x696493ac0)
   53336   3 bin/service.rvcvpe HAM Monitor           15r NANOSLEEP
   53336   4 bin/service.rvcvpe VPE Timer             15r CONDVAR     (0x696cd74d4)
   53336   5 bin/service.rvcvpe PMEM tracking RM      10r RECEIVE     3
   53336   6 bin/service.rvcvpe ais_c_evnt_recv_3     10r REPLY       49193
   53336   7 bin/service.rvcvpe ais_c_evnt_cb_3       10r CONDVAR     (0xe13e96a18)
   53336   8 bin/service.rvcvpe c_health              10r NANOSLEEP
   53336   9 bin/service.rvcvpe ais_c_evnt_recv_6     10r REPLY       49193
   53336  10 bin/service.rvcvpe ais_c_evnt_cb_6       10r CONDVAR     (0xe13e97020)
   53336  11 bin/service.rvcvpe _LIB_CALLBACK_THREAD  20r RECEIVE     6
   53336  12 bin/service.rvcvpe VPMCanBusNotifier     15r CONDVAR     (0x6965acda0)
   53336  13 bin/service.rvcvpe 13                    63r RECEIVE     8
   53336  14 bin/service.rvcvpe VcuPowerManager       15r DEAD
   53336  15 bin/service.rvcvpe unctionality to SUSD  15r CONDVAR     (0x373d1871b0)
   53336  16 bin/service.rvcvpe ine Message listener  15r CONDVAR     (0x696da5570)
   53336  17 bin/service.rvcvpe RVCCameraFault        15r CONDVAR     (0x696da5228)
   53336  18 bin/service.rvcvpe DiagMngrCamFault      15r CONDVAR     (0x696da4f58)
   53336  19 bin/service.rvcvpe cuDiagnosticsManager  15r DEAD
   53336  20 bin/service.rvcvpe fier listener thread  15r CONDVAR     (0x696da4798)
   53336  21 bin/service.rvcvpe INPUT_NODE1           15r REPLY       49193
   53336  22 bin/service.rvcvpe 22                    10r RECEIVE     2
   53336  23 bin/service.rvcvpe EGLscrn updater       15r REPLY       49218
   53336  24 bin/service.rvcvpe RVCHmiInterface       10r CONDVAR     (0x6967877f0)
   53336  25 bin/service.rvcvpe VPE GPIO Device       15r NANOSLEEP
   53336  26 bin/service.rvcvpe rvc-service_cli       15r NANOSLEEP
   53336  27 bin/service.rvcvpe RVCUserPreferences    15r CONDVAR     (0x69676dda8)
   53336  28 bin/service.rvcvpe d_plc_state_listener  15r SIGWAITINFO
   53336  29 bin/service.rvcvpe OUTPUT_NODE2          15r CONDVAR     (0x696c0c320) - stored at D:\projects\vvi-automation\VPM_Automation_Logs\test_cold_boot_park_vcu_m_AVVP171263-30771\iteration_1\Logs + f"\pidin_info.txt"
[06/08/2024 14:26:05.635] DEBUG: [DebugInfo.py->collect_showmem_log()] collect the showmem log file to D:\projects\vvi-automation\VPM_Automation_Logs\test_cold_boot_park_vcu_m_AVVP171263-30771\iteration_1\Logs...
[06/08/2024 14:26:05.640] DEBUG: [qnx_commands.py->run_qnx_command()] Trying to run: "showmem -a > /var/log/showmem.log" on VCU
Setting artifact directory to D:\projects\vvi-automation\VPM_Automation_Logs\test_cold_boot_park_vcu_m_AVVP171263-30771\iteration_1
[06/08/2024 14:26:15.152] DEBUG: [IterationActions.py->check_for_core_dumps_after_iteration()] looking for ANY core dump after iteration..
[06/08/2024 14:26:15.166] DEBUG: [CoreDumpCollector.py->check_for_core_dumps()] Looking for core dumps at /persist/em/coredumpdir/*.core*
[06/08/2024 14:26:15.172] DEBUG: [qnx_commands.py->run_qnx_command()] Trying to run: "ls /persist/em/coredumpdir/*.core*" on VCU
[06/08/2024 14:26:15.312] DEBUG: [qnx_commands.py->run_qnx_command()] SystemType.VCU shell command returned: ls: No such file or directory (/persist/em/coredumpdir/*.core*)
[06/08/2024 14:26:15.320] DEBUG: [CoreDumpCollector.py->check_for_core_dumps()] List of files on /persist/em/coredumpdir/*.core* is: ls: No such file or directory (/persist/em/coredumpdir/*.core*)
[06/08/2024 14:26:15.331] DEBUG: [qnx_commands.py->run_qnx_command()] Trying to run: "ls /persist/em/coredumpdir/*.core*" on VCU
[06/08/2024 14:26:15.600] DEBUG: [qnx_commands.py->run_qnx_command()] SystemType.VCU shell command returned: ls: No such file or directory (/persist/em/coredumpdir/*.core*)
[06/08/2024 14:26:15.605]  FAIL: [LowLevelTest.py->post_iteration_actions()] Iteration 1 Failed.
NoneType: None
[06/08/2024 14:26:15.608]  INFO: [Scenario.py->recover()] Resetting system after failure before next iteration
[06/08/2024 14:26:15.612] DEBUG: [VehicleControllerFullBench.py->reset_system()] Start - Resets Full Bench
[06/08/2024 14:26:15.620] DEBUG: [VehicleControllerFullBench.py->reset_system()] Turn off all ecus - Resets Full Bench
[06/08/2024 14:26:16.085] DEBUG: [USBRelay.py->set_relay()] Changed channel Start to On successfully
[06/08/2024 14:26:17.054] DEBUG: [USBRelay.py->set_relay()] Changed channel Start to Off successfully
[06/08/2024 14:26:17.523] DEBUG: [USBRelay.py->set_relay()] Changed channel Doors_Ajar to On successfully
[06/08/2024 14:26:18.482] DEBUG: [USBRelay.py->set_relay()] Changed channel Doors_Ajar to Off successfully
[06/08/2024 14:26:18.495] DEBUG: [VehicleControllerFullBench.py->set_system_power_mode_off()]  --- Set the system power mode to off --
[06/08/2024 14:26:18.504]  INFO: [ClientPowerFullBench.py->set_off_mode()] Set to Off mode in full Bench setup
[06/08/2024 14:26:18.964] DEBUG: [USBRelay.py->set_relay()] Changed channel DisplayFreeForm to Off successfully
[06/08/2024 14:26:19.925] DEBUG: [USBRelay.py->set_relay()] Changed channel DisplayRectangle to Off successfully
[06/08/2024 14:26:20.884] DEBUG: [USBRelay.py->set_relay()] Changed channel CGM to Off successfully
[06/08/2024 14:26:21.844] DEBUG: [USBRelay.py->set_relay()] Changed channel TCP to Off successfully
[06/08/2024 14:26:22.216] DEBUG: [qnx_commands.py->run_qnx_command()] Trying to run: "echo telnet_available" on VCU
[06/08/2024 14:26:22.339] DEBUG: [qnx_commands.py->run_qnx_command()] SystemType.VCU shell command returned: telnet_available
[06/08/2024 14:26:22.343]  INFO: [qnx_commands.py->check_qnx_available()] QNX connection [VCU] is Available.
[06/08/2024 14:26:22.344]  INFO: [dlt_ongoing_collector.py->__fetch_logs()] fetching new dlt logs
[06/08/2024 14:26:22.345] DEBUG: [qnx_commands.py->run_qnx_command()] Trying to run: "ls /var/log/dlt_raw | grep .dlt" on VCU
[06/08/2024 14:26:22.577] DEBUG: [qnx_commands.py->run_qnx_command()] SystemType.VCU shell command returned: Audio.249.dlt
Audio.250.dlt
CriticalSoc.190.dlt
Soc.085.dlt
Vip.131.dlt
parse_dlt.sh
[06/08/2024 14:26:22.808] DEBUG: [USBRelay.py->set_relay()] Changed channel Brake to Off successfully
[06/08/2024 14:26:23.047] DEBUG: [qnx_commands.py->run_qnx_command()] Trying to run: "pidin -p RtosAppMain -f a | grep -v pid" on VCU
[06/08/2024 14:26:23.273] DEBUG: [qnx_commands.py->run_qnx_command()] SystemType.VCU shell command returned: 1126578
[06/08/2024 14:26:23.771] DEBUG: [USBRelay.py->set_relay()] Changed channel Brake_2 to Off successfully
[06/08/2024 14:26:24.741] DEBUG: [USBRelay.py->set_relay()] Changed channel Start to Off successfully
[06/08/2024 14:26:25.710] DEBUG: [USBRelay.py->set_relay()] Changed channel Start_2 to Off successfully
[06/08/2024 14:26:26.670] DEBUG: [USBRelay.py->set_relay()] Changed channel Doors_Ajar to Off successfully
[06/08/2024 14:26:27.632] DEBUG: [USBRelay.py->set_relay()] Changed channel BCM to Off successfully
[06/08/2024 14:26:28.602] DEBUG: [USBRelay.py->set_relay()] Changed channel CSM to Off successfully
[06/08/2024 14:26:29.571] DEBUG: [USBRelay.py->set_relay()] Changed channel ACP3 to Off successfully
[06/08/2024 14:26:30.541] DEBUG: [USBRelay.py->set_relay()] Changed channel Start_3 to Off successfully
[06/08/2024 14:26:31.003] DEBUG: [qnx_commands.py->run_qnx_command()] Trying to run: "pidin -p service_vpe -f a | grep -v pid" on ACP3
[06/08/2024 14:26:31.005] DEBUG: [ssh_command.py->__run_ssh_command_core()] Connection to 172.16.1.246 failed.
[06/08/2024 14:26:31.007] DEBUG: [ssh_command.py->__run_ssh_command_core()] Create new Connection to 172.16.1.246, and retry
[06/08/2024 14:26:31.501] DEBUG: [USBRelay.py->set_relay()] Changed channel Start_4 to Off successfully
[06/08/2024 14:26:32.408]  WARN: [ping_util.py->ping_thread_method()] VCU TCP Connection Is Down!
[06/08/2024 14:26:32.463] DEBUG: [USBRelay.py->set_relay()] Changed channel Channel_15 to Off successfully
[06/08/2024 14:26:33.413]  WARN: [ping_util.py->ping_thread_method()] ACP3 TCP Connection Is Down!
[06/08/2024 14:26:33.423] DEBUG: [USBRelay.py->set_relay()] Changed channel Hardwire_Reverse to Off successfully
[06/08/2024 14:26:33.930] DEBUG: [VSPY_commands.py->stop_vspy_online()] VSPY goes online. Run stop command
[06/08/2024 14:26:36.010] DEBUG: [ssh_command.py->__run_ssh_command_core()] Failed to run SSH command on 172.16.1.246 - resetting all SSH connections.
[06/08/2024 14:26:36.019] DEBUG: [ssh_command.py->run_ssh_command()] Caught an exception while running SSH command ". /etc/profile; pidin -p service_vpe -f a | grep -v pid". Retrying attempt 1 of 1
[06/08/2024 14:26:36.024] DEBUG: [testing_logs_utils.py->logged_sleep()] Sleeping for 4 seconds
[06/08/2024 14:26:37.408]  WARN: [ping_util.py->ping_thread_method()] VCU TCP Connection Is Down!
[06/08/2024 14:26:38.405]  WARN: [ping_util.py->ping_thread_method()] ACP3 TCP Connection Is Down!
[06/08/2024 14:26:40.029] DEBUG: [testing_logs_utils.py->logged_sleep()] Done sleeping
[06/08/2024 14:26:40.031]  WARN: [ssh_command.py->run_ssh_command()] All attempts failed while running SSH command ". /etc/profile; pidin -p service_vpe -f a | grep -v pid" on 172.16.1.246. device is down or unreachable for at least 2 sec.
[06/08/2024 14:26:40.033]  INFO: [vpe_service_monitor.py->get_service_pid()] Failed to find process: service_vpe
[06/08/2024 14:26:40.034] DEBUG: [vpe_service_monitor.py->monitor_pid_change()] VPE PID was 946237 and now is None
[06/08/2024 14:26:40.036] DEBUG: [qnx_commands.py->run_qnx_command()] Trying to run: "pidin threads > /var/log/vpe/pidin_threads_None.txt" on ACP3
[06/08/2024 14:26:42.408]  WARN: [ping_util.py->ping_thread_method()] VCU TCP Connection Is Down!
[06/08/2024 14:26:43.405]  WARN: [ping_util.py->ping_thread_method()] ACP3 TCP Connection Is Down!
[06/08/2024 14:26:45.039] DEBUG: [ssh_command.py->run_ssh_command()] Caught an exception while running SSH command ". /etc/profile; pidin threads > /var/log/vpe/pidin_threads_None.txt". Retrying attempt 1 of 4
[06/08/2024 14:26:45.040] DEBUG: [testing_logs_utils.py->logged_sleep()] Sleeping for 4 seconds
[06/08/2024 14:26:45.867] DEBUG: [VSPY_commands.py->set_vspy_to_go_online()] VSPY goes online. Run start command
[06/08/2024 14:26:47.406]  WARN: [ping_util.py->ping_thread_method()] VCU TCP Connection Is Down!
[06/08/2024 14:26:48.405]  WARN: [ping_util.py->ping_thread_method()] ACP3 TCP Connection Is Down!
[06/08/2024 14:26:49.042] DEBUG: [testing_logs_utils.py->logged_sleep()] Done sleeping
[06/08/2024 14:26:52.410]  WARN: [ping_util.py->ping_thread_method()] VCU TCP Connection Is Down!
[06/08/2024 14:26:53.275] DEBUG: [qnx_commands.py->run_qnx_command()] Trying to run: "pidin -p RtosAppMain -f a | grep -v pid" on VCU
[06/08/2024 14:26:53.410]  WARN: [ping_util.py->ping_thread_method()] ACP3 TCP Connection Is Down!
[06/08/2024 14:26:54.044] DEBUG: [ssh_command.py->run_ssh_command()] Caught an exception while running SSH command ". /etc/profile; pidin threads > /var/log/vpe/pidin_threads_None.txt". Retrying attempt 2 of 4
[06/08/2024 14:26:54.048] DEBUG: [testing_logs_utils.py->logged_sleep()] Sleeping for 4 seconds
[06/08/2024 14:26:56.073] DEBUG: [VSPY_commands.py->check_db_signal_in_current_values()] Actual signal value [Off]. Check DB Signal SysPwrMode_Prtctd_PDU->SPMP_SysPwrModeAuth  with command: [db(db5494).sg(13).value?]
[06/08/2024 14:26:56.088] DEBUG: [VSPY_commands.py->check_db_signal_in_current_values()] Signal value [Off] found in expected values: ['Off']
[06/08/2024 14:26:56.103] DEBUG: [VSPY_commands.py->check_db_signal()] Check DB Signal [PDU_5062->InfoSysStat] matches value: [Sleep] with command: [db(db3324).sg(3).value?]
[06/08/2024 14:26:56.320]  INFO: [ClientPowerFullBench.py->set_power_mode_on()] Set to Run mode in full Bench setup
[06/08/2024 14:26:56.327] DEBUG: [USBRelay.py->full_start_engine()] full_start_engine() MY24 Full start engine. Perform full start engine via USB relay
[06/08/2024 14:26:56.333] DEBUG: [USBRelay.py->set_all_ecus()] set_all_ecus
[06/08/2024 14:26:56.896] DEBUG: [USBRelay.py->set_relay()] Changed channel ACP3 to On successfully
[06/08/2024 14:26:57.408]  WARN: [ping_util.py->ping_thread_method()] VCU TCP Connection Is Down!
[06/08/2024 14:26:57.457] DEBUG: [USBRelay.py->set_relay()] Changed channel BCM to On successfully
[06/08/2024 14:26:58.028] DEBUG: [USBRelay.py->set_relay()] Changed channel CGM to On successfully
[06/08/2024 14:26:58.054] DEBUG: [testing_logs_utils.py->logged_sleep()] Done sleeping
[06/08/2024 14:26:58.277] DEBUG: [ssh_command.py->run_ssh_command()] Caught an exception while running SSH command "pidin -p RtosAppMain -f a | grep -v pid". Retrying attempt 1 of 1
[06/08/2024 14:26:58.278] DEBUG: [testing_logs_utils.py->logged_sleep()] Sleeping for 4 seconds
[06/08/2024 14:26:58.406]  WARN: [ping_util.py->ping_thread_method()] ACP3 TCP Connection Is Down!
[06/08/2024 14:26:58.592] DEBUG: [USBRelay.py->set_relay()] Changed channel CSM to On successfully
[06/08/2024 14:26:58.915] DEBUG: [SerialCommands.py->read_console_log()] [serial console]
[06/08/2024 14:26:59.054] DEBUG: [USBRelay.py->set_relay()] Changed channel Doors_Ajar to On successfully
[06/08/2024 14:26:59.289] DEBUG: [SerialCommands.py->read_console_log()] [serial console] read_softsku_pt:135 softsku partition not found, continuing with raw sku id
[06/08/2024 14:26:59.291] DEBUG: [SerialCommands.py->read_console_log()] [serial console] cannot initialize softsku, continue with normal sku id
[06/08/2024 14:26:59.400] DEBUG: [SerialCommands.py->read_console_log()] [serial console] swdl_init:549 system banked to "a"
[06/08/2024 14:26:59.416] DEBUG: [SerialCommands.py->read_console_log()] [serial console] crm: qxa.qa.5.0.r12-00019-sa8155p.hyp-1 (built 2024/05/12-09:33:01-pdt)
[06/08/2024 14:26:59.448] DEBUG: [SerialCommands.py->read_console_log()] [serial console] el2 save/restore init (built: nov  8 2021 19:27:17)
[06/08/2024 14:26:59.450] DEBUG: [SerialCommands.py->read_console_log()] [serial console] exiting bootstrap executable el2-save-restore
[06/08/2024 14:26:59.452] DEBUG: [SerialCommands.py->read_console_log()] [serial console] mmflags=219
[06/08/2024 14:26:59.496] DEBUG: [SerialCommands.py->read_console_log()] [serial console] activating ringbuffer @ 0x80224000 size 16352
[06/08/2024 14:26:59.512] DEBUG: [SerialCommands.py->read_console_log()] [serial console] all clockcycles offsets within tolerance
[06/08/2024 14:26:59.514] DEBUG: [SerialCommands.py->read_console_log()] [serial console] no #1262888 wa needed on cpu0
[06/08/2024 14:26:59.528] DEBUG: [SerialCommands.py->read_console_log()] [serial console] no #1262888 wa needed on cpu1
[06/08/2024 14:26:59.530] DEBUG: [SerialCommands.py->read_console_log()] [serial console] no #1262888 wa needed on cpu2
[06/08/2024 14:26:59.531] DEBUG: [SerialCommands.py->read_console_log()] [serial console] no #1262888 wa needed on cpu3
[06/08/2024 14:26:59.533] DEBUG: [SerialCommands.py->read_console_log()] [serial console] #1262888 wa needed on cpu4
[06/08/2024 14:26:59.536] DEBUG: [SerialCommands.py->read_console_log()] [serial console] #1262888 wa needed on cpu5
[06/08/2024 14:26:59.544] DEBUG: [SerialCommands.py->read_console_log()] [serial console] #1262888 wa needed on cpu6
[06/08/2024 14:26:59.546] DEBUG: [SerialCommands.py->read_console_log()] [serial console] #1262888 wa needed on cpu7
[06/08/2024 14:26:59.547] DEBUG: [SerialCommands.py->read_console_log()] [serial console] hypervisor running
[06/08/2024 14:26:59.560] DEBUG: [SerialCommands.py->read_console_log()] [serial console] slog2_api: cannot connect to slogger2 server...errno=no such file or directory
[06/08/2024 14:26:59.785] DEBUG: [SerialCommands.py->read_console_log()] [serial console] # pps_early: notice: pps initializing
[06/08/2024 14:26:59.802] DEBUG: [SerialCommands.py->read_console_log()] [serial console] pps_early: notice: pps attaching /early_pps
[06/08/2024 14:26:59.809] DEBUG: [SerialCommands.py->read_console_log()] [serial console] pps_early: notice: pps attached /early_pps major 2 minor 4
[06/08/2024 14:26:59.817] DEBUG: [SerialCommands.py->read_console_log()] [serial console] ### starting inc tp layer resource manager ###
[06/08/2024 14:26:59.850] DEBUG: [SerialCommands.py->read_console_log()] [serial console] inc-tp: versions: qnx = 12.0, ar = 12.0
[06/08/2024 14:26:59.866] DEBUG: [SerialCommands.py->read_console_log()] [serial console] start parameter-provider
[06/08/2024 14:26:59.898] DEBUG: [SerialCommands.py->read_console_log()] [serial console] inc-tp: inc tp registered with ham successfully
[06/08/2024 14:26:59.945] DEBUG: [SerialCommands.py->read_console_log()] [serial console] qnx.kern.droproot: 0 -> 1
[06/08/2024 14:26:59.948] DEBUG: [SerialCommands.py->read_console_log()] [serial console] diag_service_launcher : diag_service started
[06/08/2024 14:27:00.016] DEBUG: [USBRelay.py->set_relay()] Changed channel Doors_Ajar to Off successfully
[06/08/2024 14:27:00.136] DEBUG: [SerialCommands.py->read_console_log()] [serial console] libcp configuration_file_read:264: source configuration path: /etc/system/config/fidm/29dbdc45-e0bb-4f2a-9b04-bbfa5aa4962f/gmvcu-topology-17-graphics.conf
[06/08/2024 14:27:00.138] DEBUG: [SerialCommands.py->read_console_log()] [serial console] libcp configuration_file_read:303: 704 of 704 were read
[06/08/2024 14:27:00.168] DEBUG: [SerialCommands.py->read_console_log()] [serial console] slogger_init successful!
[06/08/2024 14:27:00.360] DEBUG: [SerialCommands.py->read_console_log()] [serial console] warn: ssplash[175]: no image to show, will still power on all displays!
[06/08/2024 14:27:00.362] DEBUG: [SerialCommands.py->read_console_log()] [serial console] warn: ssplash[176]: to show image, please refer "use ssplash"
[06/08/2024 14:27:00.376] DEBUG: [SerialCommands.py->read_console_log()] [serial console] slogger_init successful!
[06/08/2024 14:27:00.440] DEBUG: [SerialCommands.py->read_console_log()] [serial console] [audio-/asclauncher] pvmode configuration: 0
[06/08/2024 14:27:00.442] DEBUG: [SerialCommands.py->read_console_log()] [serial console] audio configuration:1
[06/08/2024 14:27:00.476] DEBUG: [USBRelay.py->set_relay()] Changed channel Brake to On successfully
[06/08/2024 14:27:00.569] DEBUG: [SerialCommands.py->read_console_log()] [serial console] openwfd_server: dropped abilities successfully
[06/08/2024 14:27:00.680] DEBUG: [SerialCommands.py->read_console_log()] [serial console] swdl_init:549 system banked to "a"
[06/08/2024 14:27:00.744] DEBUG: [SerialCommands.py->read_console_log()] [serial console] alogfrontend::readenvbeloglevel:invalid env value. fallback to def(debug2)
[06/08/2024 14:27:00.747] DEBUG: [SerialCommands.py->read_console_log()] [serial console] alogfrontend::readenvbeloglevel:invalid env value. fallback to def(debug2)
[06/08/2024 14:27:00.760] DEBUG: [SerialCommands.py->read_console_log()] [serial console] alogfrontend::readenvgloballoglevel:invalid env value. fallback to def(debug2)
[06/08/2024 14:27:00.763] DEBUG: [SerialCommands.py->read_console_log()] [serial console] /var/log/ondevice_logging/diagdiridx: no such file or directory
[06/08/2024 14:27:00.840] DEBUG: [SerialCommands.py->read_console_log()] [serial console] pps_late: notice: pps initializing
[06/08/2024 14:27:00.856] DEBUG: [SerialCommands.py->read_console_log()] [serial console] /var/log/ondevice_logging/logs.txt: no such file or directory
[06/08/2024 14:27:00.920] DEBUG: [SerialCommands.py->read_console_log()] [serial console] pps_late: warning: /etc/pps_late.cfg:60:gm/hmicluster: acl supercedes mode (was 0644 now 0664)
[06/08/2024 14:27:00.923] DEBUG: [SerialCommands.py->read_console_log()] [serial console] loading deva-ctrl-qc version 0.94.0 on [jul  1 2024]...
[06/08/2024 14:27:00.935] DEBUG: [USBRelay.py->set_relay()] Changed channel Start to On successfully
[06/08/2024 14:27:00.953] DEBUG: [SerialCommands.py->read_console_log()] [serial console] alogfrontend::readenvbeloglevel:invalid env value. fallback to def(debug2)
[06/08/2024 14:27:00.960] DEBUG: [SerialCommands.py->read_console_log()] [serial console] alogfrontend::readenvbeloglevel:invalid env value. fallback to def(debug2)
[06/08/2024 14:27:00.968] DEBUG: [SerialCommands.py->read_console_log()] [serial console] alogfrontend::readenvgloballoglevel:invalid env value. fallback to def(debug2)
[06/08/2024 14:27:00.971] DEBUG: [SerialCommands.py->read_console_log()] [serial console] pps_late: notice: pps attaching /pps
[06/08/2024 14:27:00.973] DEBUG: [SerialCommands.py->read_console_log()] [serial console] pps_late: notice: pps attached /pps major 2 minor 14
[06/08/2024 14:27:00.974] DEBUG: [SerialCommands.py->read_console_log()] [serial console] tdm1_adsp_rx_2ch_logging disabled
[06/08/2024 14:27:00.977] DEBUG: [SerialCommands.py->read_console_log()] [serial console] tdm1_adsp_tx_2ch_logging disabled
[06/08/2024 14:27:00.984] DEBUG: [SerialCommands.py->read_console_log()] [serial console] tdm2_mdsp_rx_8ch_logging disabled
[06/08/2024 14:27:00.987] DEBUG: [SerialCommands.py->read_console_log()] [serial console] tdm2_mdsp_tx_8ch_logging disabled
[06/08/2024 14:27:00.990] DEBUG: [SerialCommands.py->read_console_log()] [serial console] logger init start
[06/08/2024 14:27:00.992] DEBUG: [SerialCommands.py->read_console_log()] [serial console] with slog: log tag: rvc_service
[06/08/2024 14:27:01.001] DEBUG: [SerialCommands.py->read_console_log()] [serial console] [1970-01-01 00:00:02.312] [cli] [info] <t_1>vpmverinfo: 0.1.0-0000 build from head at 852f57f2 by bgm9hi 2024-07-01t15:33:01
[06/08/2024 14:27:01.016] DEBUG: [SerialCommands.py->read_console_log()] [serial console] [1970-01-01 00:00:02.313] [cli] [info] <t_1>vpmverinfo: 0.1.0-0000 build from head at 852f57f2 by bgm9hi 2024-07-01t15:33:01
[06/08/2024 14:27:01.018] DEBUG: [SerialCommands.py->read_console_log()] [serial console] tdm3_mdsp_rx_16ch_logging disabled
[06/08/2024 14:27:01.020] DEBUG: [SerialCommands.py->read_console_log()] [serial console] tdm3_adsp_rx_16ch_logging disabled
[06/08/2024 14:27:01.022] DEBUG: [SerialCommands.py->read_console_log()] [serial console] tdm3_adsp_tx_16ch_logging disabled
[06/08/2024 14:27:01.032] DEBUG: [SerialCommands.py->read_console_log()] [serial console] tdm4_adsp_tx_8ch_logging enabled channel_mask=0xff
[06/08/2024 14:27:01.035] DEBUG: [SerialCommands.py->read_console_log()] [serial console] tdm5_mdsp_rx_16ch_logging disabled
[06/08/2024 14:27:01.037] DEBUG: [SerialCommands.py->read_console_log()] [serial console] tdm5_adsp_tx_16ch_logging disabled
[06/08/2024 14:27:01.039] DEBUG: [SerialCommands.py->read_console_log()] [serial console] tdm5_mdsp_tx_16ch_logging disabled
[06/08/2024 14:27:01.048] DEBUG: [SerialCommands.py->read_console_log()] [serial console] loading deva-ctrl-qc version 0.94.0 on [jul  1 2024]...
[06/08/2024 14:27:01.064] DEBUG: [SerialCommands.py->read_console_log()] [serial console] network_mgr_launcher : soc platform : global
[06/08/2024 14:27:01.080] DEBUG: [SerialCommands.py->read_console_log()] [serial console] network_mgr_launcher : starting network_mgr with global config
[06/08/2024 14:27:01.146] DEBUG: [SerialCommands.py->read_console_log()] [serial console] failed to get configuration file data
[06/08/2024 14:27:01.155] DEBUG: [SerialCommands.py->read_console_log()] [serial console] network-mgr started with config file[s] : /etc/network_base_config_global.json;/etc/network_hyp_config_global.json
[06/08/2024 14:27:01.160] DEBUG: [SerialCommands.py->read_console_log()] [serial console] failed to get configuration file data
[06/08/2024 14:27:01.336] DEBUG: [SerialCommands.py->read_console_log()] [serial console] failed to get configuration file data
[06/08/2024 14:27:01.384] DEBUG: [SerialCommands.py->read_console_log()] [serial console] [    1.861957]~dlt~122979~info     ~socket /tmp/dlt cannot be opened. retrying later...
[06/08/2024 14:27:01.464] DEBUG: [SerialCommands.py->read_console_log()] [serial console] swdl_init:549 system banked to "a"
[06/08/2024 14:27:01.496] DEBUG: [SerialCommands.py->read_console_log()] [serial console] #######################################
[06/08/2024 14:27:01.544] DEBUG: [SerialCommands.py->read_console_log()] [serial console] build_id=rb_main_2024.26.7-11-gd9f049d00a-change_798053_2
[06/08/2024 14:27:01.546] DEBUG: [SerialCommands.py->read_console_log()] [serial console] rc_build_id=
[06/08/2024 14:27:01.560] DEBUG: [SerialCommands.py->read_console_log()] [serial console] domain_build_id=multi-aegean_orange-android_user-qnx_user-secboot_false-8155-rb_main_2024.26.7-11-gd9f049d00a-change_798053_2
[06/08/2024 14:27:01.562] DEBUG: [SerialCommands.py->read_console_log()] [serial console] build_timestamp=2024-07-01 12:49:51 +0000
[06/08/2024 14:27:01.564] DEBUG: [SerialCommands.py->read_console_log()] [serial console] manifests_revision=d9f049d00a2bda5f0e2324e4cc966958c5128c5a
[06/08/2024 14:27:01.566] DEBUG: [SerialCommands.py->read_console_log()] [serial console] manifest_file=manifest.xml
[06/08/2024 14:27:01.567] DEBUG: [SerialCommands.py->read_console_log()] [serial console] target_product=aegean_orange
[06/08/2024 14:27:01.576] DEBUG: [SerialCommands.py->read_console_log()] [serial console] target_build_variant=user
[06/08/2024 14:27:01.578] DEBUG: [SerialCommands.py->read_console_log()] [serial console] qnx_target_build_variant=user
[06/08/2024 14:27:01.580] DEBUG: [SerialCommands.py->read_console_log()] [serial console] secure_boot=false
[06/08/2024 14:27:01.582] DEBUG: [SerialCommands.py->read_console_log()] [serial console] generate_fullota_board=null
[06/08/2024 14:27:01.584] DEBUG: [SerialCommands.py->read_console_log()] [serial console] patac_build_number=null
[06/08/2024 14:27:01.586] DEBUG: [SerialCommands.py->read_console_log()] [serial console] qc_distribution=postcs17_0.0.029.1
[06/08/2024 14:27:01.592] DEBUG: [SerialCommands.py->read_console_log()] [serial console] qc_product=snapdragon_auto.hqx.3.1.4.1
[06/08/2024 14:27:01.594] DEBUG: [SerialCommands.py->read_console_log()] [serial console] qc_releasenote=rno-240528105307
[06/08/2024 14:27:01.596] DEBUG: [SerialCommands.py->read_console_log()] [serial console] qnx_plist=exp_gen3_patchset_hqx3_1_4_1_bosch_20230217
[06/08/2024 14:27:01.598] DEBUG: [SerialCommands.py->read_console_log()] [serial console] qxn_plist_hash=b92452c5d69022a6663901f1cdb14f3de68967f4
[06/08/2024 14:27:01.608] DEBUG: [SerialCommands.py->read_console_log()] [serial console] gm.build=sqbm-632
[06/08/2024 14:27:01.610] DEBUG: [SerialCommands.py->read_console_log()] [serial console] gm.ssw.build.id=sqbm-632
[06/08/2024 14:27:01.611] DEBUG: [SerialCommands.py->read_console_log()] [serial console] gm.product=orange
[06/08/2024 14:27:01.613] DEBUG: [SerialCommands.py->read_console_log()] [serial console] gm.platform=gb
[06/08/2024 14:27:01.615] DEBUG: [SerialCommands.py->read_console_log()] [serial console] gm.hwtype=mid
[06/08/2024 14:27:01.616] DEBUG: [SerialCommands.py->read_console_log()] [serial console] gm.security=development
[06/08/2024 14:27:01.618] DEBUG: [SerialCommands.py->read_console_log()] [serial console] gm.gas=1
[06/08/2024 14:27:01.624] DEBUG: [SerialCommands.py->read_console_log()] [serial console] gm.baseline=# integrated bosch release version. rb_main_2024.24.7 qc_distribution=postcs17_0.0.029.1
[06/08/2024 14:27:01.626] DEBUG: [SerialCommands.py->read_console_log()] [serial console] slmlauncher : hw_vehicle_platform_global
[06/08/2024 14:27:01.629] DEBUG: [SerialCommands.py->read_console_log()] [serial console] slmlauncher : starting slm with slm.xml
[06/08/2024 14:27:01.630] DEBUG: [SerialCommands.py->read_console_log()] [serial console] startup complete
[06/08/2024 14:27:01.640] DEBUG: [SerialCommands.py->read_console_log()] [serial console] [    2.090956]~dlt~139376~info     ~socket /tmp/dlt cannot be opened. retrying later...
[06/08/2024 14:27:01.737] DEBUG: [SerialCommands.py->read_console_log()] [serial console] service is up and running, and ready to receive commands. use echo "help" > /tmp/vpe_cli.txt
[06/08/2024 14:27:02.073] DEBUG: [SerialCommands.py->read_console_log()] [serial console] path=0 -
[06/08/2024 14:27:02.077] DEBUG: [SerialCommands.py->read_console_log()] [serial console] target=0 lun=0     direct-access(0) - ram  rev:
[06/08/2024 14:27:02.185] DEBUG: [SerialCommands.py->read_console_log()] [serial console] [    2.660958]~dlt~258174~info     ~socket /tmp/dlt cannot be opened. retrying later...
[06/08/2024 14:27:02.280] DEBUG: [testing_logs_utils.py->logged_sleep()] Done sleeping
[06/08/2024 14:27:02.281]  WARN: [ssh_command.py->run_ssh_command()] All attempts failed while running SSH command "pidin -p RtosAppMain -f a | grep -v pid" on 172.16.4.101. device is down or unreachable for at least 6 sec.
[06/08/2024 14:27:02.283] ERROR: [hmi_service_monitor.py->get_service_pid()] Failed to find process: RtosAppMain
NoneType: None
[06/08/2024 14:27:02.285]  WARN: [hmi_service_monitor.py->monitor_pid_change()] HMI PID had Changed from 1126578 to None
[06/08/2024 14:27:02.286]  INFO: [hmi_service_monitor.py->monitor_pid_change()] HMI PID Changed counter: 4
[06/08/2024 14:27:02.360] DEBUG: [SerialCommands.py->read_console_log()] [serial console] swdl_init:549 system bankepasdse d itn uocl ien"tidx=5a
[06/08/2024 14:27:02.362] DEBUG: [SerialCommands.py->read_console_log()] [serial console] "
[06/08/2024 14:27:02.364] DEBUG: [SerialCommands.py->read_console_log()] [serial console] wfd_be: dropped abilities successfully
[06/08/2024 14:27:02.407]  WARN: [ping_util.py->ping_thread_method()] VCU TCP Connection Is Down!
[06/08/2024 14:27:02.568] DEBUG: [SerialCommands.py->read_console_log()] [serial console] pf enabled
[06/08/2024 14:27:02.684] DEBUG: [SerialCommands.py->read_console_log()] [serial console] alogfrontend::readenvbeloglevel:invalid env value. fallback to def(debug2)
[06/08/2024 14:27:02.696] DEBUG: [SerialCommands.py->read_console_log()] [serial console] alogfrontend::readenvbeloglevel:invalid env value. fallback to def(debug2)
[06/08/2024 14:27:02.712] DEBUG: [SerialCommands.py->read_console_log()] [serial console] alogfrontend::readenvgloballoglevel:invalid env value. fallback to def(debug2)
[06/08/2024 14:27:03.001] DEBUG: [SerialCommands.py->read_console_log()] [serial console] [ramp][hmic] slog2 info success
[06/08/2024 14:27:03.058] DEBUG: [ssh_command.py->run_ssh_command()] Caught an exception while running SSH command ". /etc/profile; pidin threads > /var/log/vpe/pidin_threads_None.txt". Retrying attempt 3 of 4
[06/08/2024 14:27:03.062] DEBUG: [testing_logs_utils.py->logged_sleep()] Sleeping for 4 seconds
[06/08/2024 14:27:03.273] DEBUG: [SerialCommands.py->read_console_log()] [serial console] register_for_ssr_events ++
[06/08/2024 14:27:03.305] DEBUG: [SerialCommands.py->read_console_log()] [serial console] [linux-la-mid.config:160] vinput: external window position: [5010,0]
[06/08/2024 14:27:03.403] DEBUG: [SerialCommands.py->read_console_log()] [serial console] alogfrontend::readenvbeloglevel:invalid env value. fallback to def(debug2)
[06/08/2024 14:27:03.399] DEBUG: [USBRelay.py->set_relay()] Changed channel Start to Off successfully
[06/08/2024 14:27:03.414]  WARN: [ping_util.py->ping_thread_method()] ACP3 TCP Connection Is Down!
[06/08/2024 14:27:03.416] DEBUG: [SerialCommands.py->read_console_log()] [serial console] alogfrontend::readenvbeloglevel:invalid env value. fallback to def(debug2)
[06/08/2024 14:27:03.420] DEBUG: [SerialCommands.py->read_console_log()] [serial console] alogfrontend::readenvgloballoglevel:invalid env value. fallback to def(debug2)
[06/08/2024 14:27:03.423] DEBUG: [SerialCommands.py->read_console_log()] [serial console] alogfrontend::readenvbeloglevel:invalid env value. fallback to def(debug2)
[06/08/2024 14:27:03.432] DEBUG: [SerialCommands.py->read_console_log()] [serial console] alogfrontend::readenvbeloglevel:invalid env value. fallback to def(debug2)
[06/08/2024 14:27:03.435] DEBUG: [SerialCommands.py->read_console_log()] [serial console] alogfrontend::readenvgloballoglevel:invalid env value. fallback to def(debug2)
[06/08/2024 14:27:03.448] DEBUG: [SerialCommands.py->read_console_log()] [serial console] resource-monitor started with config file[s] : /etc/memoryconfig.cfg
[06/08/2024 14:27:03.451] DEBUG: [SerialCommands.py->read_console_log()] [serial console] analyzer not enabled. touch /etc/enable_analyzer and reset device to enable analyzer debugging
[06/08/2024 14:27:03.465] DEBUG: [SerialCommands.py->read_console_log()] [serial console] analyzer external not enabled. touch /etc/enable_analyzer_external and reset device to enable analyzer external debugging
[06/08/2024 14:27:03.640] DEBUG: [SerialCommands.py->read_console_log()] [serial console] qqnxscreen::qqnxscreen : v 5.12.3.1
[06/08/2024 14:27:03.672] DEBUG: [SerialCommands.py->read_console_log()] [serial console] qstandardpaths: error creating runtime directory /dev/shmem/runtime-gm_hmicluster: no such file or directory
[06/08/2024 14:27:03.674] DEBUG: [SerialCommands.py->read_console_log()] [serial console] fontconfig error: cannot load default config file
[06/08/2024 14:27:03.832] DEBUG: [SerialCommands.py->read_console_log()] [serial console] swdl_init:549 system banked to "a"
[06/08/2024 14:27:03.867] DEBUG: [USBRelay.py->set_relay()] Changed channel Brake to Off successfully
[06/08/2024 14:27:03.885] DEBUG: [VSPY_commands.py->check_db_signal_in_current_values()] Actual signal value [Run]. Check DB Signal SysPwrMode_Prtctd_PDU->SPMP_SysPwrModeAuth  with command: [db(db5494).sg(13).value?]
[06/08/2024 14:27:03.895] DEBUG: [VSPY_commands.py->check_db_signal_in_current_values()] Signal value [Run] found in expected values: ['Run', 'Propulsion']
[06/08/2024 14:27:03.903] DEBUG: [VSPY_commands.py->check_db_signal_in_current_values()] Actual signal value [AnimationInit]. Check DB Signal PDU_5062->InfoSysStat  with command: [db(db3324).sg(3).value?]
[06/08/2024 14:27:04.200] DEBUG: [SerialCommands.py->read_console_log()] [serial console] swdl_init:549 system banked to "a"
[06/08/2024 14:27:04.233] DEBUG: [SerialCommands.py->read_console_log()] [serial console] [swu]	update_engine: boot mode=normal_mode, vip mode=vip_app_mode
[06/08/2024 14:27:04.296] DEBUG: [SerialCommands.py->read_console_log()] [serial console] slm: component 'enable_adb' (pid 372886) terminated unexpectedly
[06/08/2024 14:27:04.361] DEBUG: [SerialCommands.py->read_console_log()] [serial console] [    4.849378]~dlt~483498~info     ~socket /tmp/dlt cannot be opened. retrying later...
[06/08/2024 14:27:04.377] DEBUG: [SerialCommands.py->read_console_log()] [serial console] slm: component 'cpu_gpu_dcvs_disable' (pid 528556) terminated unexpectedly
[06/08/2024 14:27:04.392] DEBUG: [SerialCommands.py->read_console_log()] [serial console] swdl_init:549 system swdl_initb:a549n kseyds tteom  "baa"n
[06/08/2024 14:27:04.408] DEBUG: [SerialCommands.py->read_console_log()] [serial console] ked to "a"
[06/08/2024 14:27:04.410] DEBUG: [SerialCommands.py->read_console_log()] [serial console] plc state changed from 1 to 2
[06/08/2024 14:27:04.413] DEBUG: [SerialCommands.py->read_console_log()] [serial console] lcm_inc_dispatcher system state, current:1, previous:0
[06/08/2024 14:27:04.426] DEBUG: [SerialCommands.py->read_console_log()] [serial console] lcm_inc_dispatcher system state, current:susd_sys_state_animinit
[06/08/2024 14:27:04.586] DEBUG: [SerialCommands.py->read_console_log()] [serial console] [tid=4]invoke_setrunmask:830 setmask no more -1
[06/08/2024 14:27:04.680] DEBUG: [SerialCommands.py->read_console_log()] [serial console] alogfrontend::readenvbeloglevel:invalid env value. fallback to def(debug2)
[06/08/2024 14:27:04.696] DEBUG: [SerialCommands.py->read_console_log()] [serial console] alogfrontend::readenvbeloglevel:invalid env value. fallback to def(debug2)
[06/08/2024 14:27:04.700] DEBUG: [SerialCommands.py->read_console_log()] [serial console] alogfrontend::readenvgloballoglevel:invalid env value. fallback to def(debug2)
[06/08/2024 14:27:04.795] DEBUG: [SerialCommands.py->read_console_log()] [serial console] [    5.272044]~dlt~741386~info     ~socket /tmp/dlt cannot be opened. retrying later...
[06/08/2024 14:27:04.859] DEBUG: [SerialCommands.py->read_console_log()] [serial console] [    5.340044]~dlt~745478~info     ~socket /tmp/dlt cannot be opened. retrying later...
[06/08/2024 14:27:04.873] DEBUG: [SerialCommands.py->read_console_log()] [serial console] [    5.341377]~dlt~737292~info     ~socket /tmp/dlt cannot be opened. retrying later...
[06/08/2024 14:27:05.019] DEBUG: [SerialCommands.py->read_console_log()] [serial console] [    5.496949]~dlt~745506~info     ~socket /tmp/dlt cannot be opened. retrying later...
[06/08/2024 14:27:05.129] DEBUG: [SerialCommands.py->read_console_log()] [serial console] [    5.606715]~dlt~139376~notice   ~logging (re-)enabled!
[06/08/2024 14:27:05.272] DEBUG: [SerialCommands.py->read_console_log()] [serial console] [    5.752044]~dlt~258174~notice   ~logging (re-)enabled!
[06/08/2024 14:27:05.290] DEBUG: [SerialCommands.py->read_console_log()] [serial console] [    5.775949]~dlt~741386~notice   ~logging (re-)enabled!
[06/08/2024 14:27:05.355] DEBUG: [SerialCommands.py->read_console_log()] [serial console] [    5.841377]~dlt~745478~notice   ~logging (re-)enabled!
[06/08/2024 14:27:05.418] DEBUG: [SerialCommands.py->read_console_log()] [serial console] [    5.903721]~dlt~122979~notice   ~logging (re-)enabled!
[06/08/2024 14:27:05.421] DEBUG: [SerialCommands.py->read_console_log()] [serial console] send injection message:
[06/08/2024 14:27:05.425] DEBUG: [SerialCommands.py->read_console_log()] [serial console] appid: qsym
[06/08/2024 14:27:05.432] DEBUG: [SerialCommands.py->read_console_log()] [serial console] conid: qsyc
[06/08/2024 14:27:05.438] DEBUG: [SerialCommands.py->read_console_log()] [serial console] serviceid: 4096
[06/08/2024 14:27:05.442] DEBUG: [SerialCommands.py->read_console_log()] [serial console] message: 01
[06/08/2024 14:27:05.448] DEBUG: [SerialCommands.py->read_console_log()] [serial console] swdl_init:549 system banked to "a"
[06/08/2024 14:27:05.513] DEBUG: [SerialCommands.py->read_console_log()] [serial console] [    6.000044]~dlt~745506~notice   ~logging (re-)enabled!
[06/08/2024 14:27:05.704] DEBUG: [SerialCommands.py->read_console_log()] [serial console] remote hmi - version 1.53.1
[06/08/2024 14:27:05.864] DEBUG: [SerialCommands.py->read_console_log()] [serial console] [    6.346386]~dlt~737292~notice   ~logging (re-)enabled!
[06/08/2024 14:27:05.880] DEBUG: [SerialCommands.py->read_console_log()] [serial console] [    6.358714]~dlt~483498~notice   ~logging (re-)enabled!
[06/08/2024 14:27:05.909] DEBUG: [VSPY_commands.py->check_db_signal_in_current_values()] Actual signal value [Run]. Check DB Signal SysPwrMode_Prtctd_PDU->SPMP_SysPwrModeAuth  with command: [db(db5494).sg(13).value?]
[06/08/2024 14:27:05.917] DEBUG: [VSPY_commands.py->check_db_signal_in_current_values()] Signal value [Run] found in expected values: ['Run', 'Propulsion']
[06/08/2024 14:27:05.923] DEBUG: [VSPY_commands.py->check_db_signal_in_current_values()] Actual signal value [AnimationInit]. Check DB Signal PDU_5062->InfoSysStat  with command: [db(db3324).sg(3).value?]
[06/08/2024 14:27:06.024] DEBUG: [SerialCommands.py->read_console_log()] [serial console] urlparser, failed to open file as read only "./data/ff2/gmxml/rhmi_asset_to_skin_mappings.gmxml"
[06/08/2024 14:27:06.104] DEBUG: [SerialCommands.py->read_console_log()] [serial console] alogfrontend::readenvbeloglevel:invalid env value. fallback to def(debug2)
[06/08/2024 14:27:06.121] DEBUG: [SerialCommands.py->read_console_log()] [serial console] alogfrontend::readenvbeloglevel:invalid env value. fallback to def(debug2)
[06/08/2024 14:27:06.126] DEBUG: [SerialCommands.py->read_console_log()] [serial console] alogfrontend::readenvgloballoglevel:invalid env value. fallback to def(debug2)
[06/08/2024 14:27:06.169] DEBUG: [SerialCommands.py->read_console_log()] [serial console] [altia dbg] time to initialize opengl - 467
[06/08/2024 14:27:06.427] DEBUG: [SerialCommands.py->read_console_log()] [serial console] loading strings "./data/assets/strings/values-en-rus/strings.xml"
[06/08/2024 14:27:06.520] DEBUG: [SerialCommands.py->read_console_log()] [serial console] [ramp][rtosappmain] slog2 info success
[06/08/2024 14:27:06.904] DEBUG: [SerialCommands.py->read_console_log()] [serial console] remote hmi - version 1.53.1
[06/08/2024 14:27:07.017] DEBUG: [SerialCommands.py->read_console_log()] [serial console] alogfrontend::readenvbeloglevel:invalid env value. fallback to def(debug2)
[06/08/2024 14:27:07.020] DEBUG: [SerialCommands.py->read_console_log()] [serial console] alogfrontend::readenvbeloglevel:invalid env value. fallback to def(debug2)
[06/08/2024 14:27:07.033] DEBUG: [SerialCommands.py->read_console_log()] [serial console] alogfrontend::readenvgloballoglevel:invalid env value. fallback to def(debug2)
[06/08/2024 14:27:07.067] DEBUG: [testing_logs_utils.py->logged_sleep()] Done sleeping
[06/08/2024 14:27:07.328] DEBUG: [ssh_command.py->__run_ssh_command_core()] New Connection has been created to 172.16.1.246
[06/08/2024 14:27:07.401] DEBUG: [SerialCommands.py->read_console_log()] [serial console] [altia dbg] time to initialize opengl - 488
[06/08/2024 14:27:07.410]  WARN: [ping_util.py->ping_thread_method()] VCU TCP Connection Is Down!
[06/08/2024 14:27:07.593] DEBUG: [SerialCommands.py->read_console_log()] [serial console] exception - infinite loop of null transitions found
[06/08/2024 14:27:07.597] DEBUG: [SerialCommands.py->read_console_log()] [serial console] underflow in omreactive less then 0 null configs
[06/08/2024 14:27:07.600] DEBUG: [SerialCommands.py->read_console_log()] [serial console] exception - infinite loop of null transitions found
[06/08/2024 14:27:07.624] DEBUG: [SerialCommands.py->read_console_log()] [serial console] underflow in omreactive less then 0 null configs
[06/08/2024 14:27:07.626] DEBUG: [SerialCommands.py->read_console_log()] [serial console] swdl_init:549 system banked to "a"
[06/08/2024 14:27:07.672] DEBUG: [SerialCommands.py->read_console_log()] [serial console] [hvac_lib_logger_init] entering hvac_lib_logger_init
[06/08/2024 14:27:07.674] DEBUG: [SerialCommands.py->read_console_log()] [serial console] [hvac_lib_logger_init] flag checked
[06/08/2024 14:27:07.703] DEBUG: [SerialCommands.py->read_console_log()] [serial console] error: attempted to show invalid screen | dragselectionactivatescreen()
[06/08/2024 14:27:07.706] DEBUG: [SerialCommands.py->read_console_log()] [serial console] error: attempted to show invalid screen | dragselectionactivatescreen()
[06/08/2024 14:27:07.708] DEBUG: [SerialCommands.py->read_console_log()] [serial console] error: attempted to show invalid screen | dragselectionactivatescreen()
[06/08/2024 14:27:07.720] DEBUG: [SerialCommands.py->read_console_log()] [serial console] error: attempted to show invalid screen | dragselectionactivatescreen()
[06/08/2024 14:27:07.724] DEBUG: [SerialCommands.py->read_console_log()] [serial console] error: attempted to show invalid screen | dragselectionactivatescreen()
[06/08/2024 14:27:07.736] DEBUG: [SerialCommands.py->read_console_log()] [serial console] error: attempted to show invalid screen | dragselectionactivatescreen()
[06/08/2024 14:27:07.738] DEBUG: [SerialCommands.py->read_console_log()] [serial console] error: attempted to show invalid screen | dragselectionactivatescreen()
[06/08/2024 14:27:07.741] DEBUG: [SerialCommands.py->read_console_log()] [serial console] error: attempted to show invalid screen | dragselectionactivatescreen()
[06/08/2024 14:27:07.863] DEBUG: [SerialCommands.py->read_console_log()] [serial console] swdl_init:549 system banked to "a"
[06/08/2024 14:27:07.866] DEBUG: [SerialCommands.py->read_console_log()] [serial console] /dev/pmem/service.rvcvpe: operation not permitted
[06/08/2024 14:27:07.928] DEBUG: [VSPY_commands.py->check_db_signal_in_current_values()] Actual signal value [Run]. Check DB Signal SysPwrMode_Prtctd_PDU->SPMP_SysPwrModeAuth  with command: [db(db5494).sg(13).value?]
[06/08/2024 14:27:07.933] DEBUG: [VSPY_commands.py->check_db_signal_in_current_values()] Signal value [Run] found in expected values: ['Run', 'Propulsion']
[06/08/2024 14:27:07.938] DEBUG: [VSPY_commands.py->check_db_signal_in_current_values()] Actual signal value [AnimationInit]. Check DB Signal PDU_5062->InfoSysStat  with command: [db(db3324).sg(3).value?]
[06/08/2024 14:27:07.944] DEBUG: [SerialCommands.py->read_console_log()] [serial console] send injection message:
[06/08/2024 14:27:07.945] DEBUG: [SerialCommands.py->read_console_log()] [serial console] appid: dlt_
[06/08/2024 14:27:07.959] DEBUG: [SerialCommands.py->read_console_log()] [serial console] conid: core
[06/08/2024 14:27:07.961] DEBUG: [SerialCommands.py->read_console_log()] [serial console] serviceid: 4104
[06/08/2024 14:27:07.963] DEBUG: [SerialCommands.py->read_console_log()] [serial console] message: f1
[06/08/2024 14:27:07.965] DEBUG: [SerialCommands.py->read_console_log()] [serial console] size: 1
[06/08/2024 14:27:08.168] DEBUG: [SerialCommands.py->read_console_log()] [serial console] inside rvc vpm system model21206
[06/08/2024 14:27:08.170] DEBUG: [SerialCommands.py->read_console_log()] [serial console] inside rvc vpm system model8
[06/08/2024 14:27:08.172] DEBUG: [SerialCommands.py->read_console_log()] [serial console] inside rvc vpm system model43
[06/08/2024 14:27:08.235] DEBUG: [SerialCommands.py->read_console_log()] [serial console] error: attempted to show invalid screen | dragselectionactivatescreen()
[06/08/2024 14:27:08.245] DEBUG: [SerialCommands.py->read_console_log()] [serial console] error: attempted to show invalid screen | dragselectionactivatescreen()
[06/08/2024 14:27:08.697] DEBUG: [SerialCommands.py->read_console_log()] [serial console] error: attempted to show invalid screen | dragselectionactivatescreen()
[06/08/2024 14:27:08.701] DEBUG: [SerialCommands.py->read_console_log()] [serial console] error: attempted to show invalid screen | dragselectionactivatescreen()
[06/08/2024 14:27:08.713] DEBUG: [SerialCommands.py->read_console_log()] [serial console] error: attempted to show invalid screen | dragselectionactivatescreen()
[06/08/2024 14:27:08.716] DEBUG: [SerialCommands.py->read_console_log()] [serial console] error: attempted to show invalid screen | dragselectionactivatescreen()
[06/08/2024 14:27:09.403] DEBUG: [SerialCommands.py->read_console_log()] [serial console] alogfrontend::readenvbeloglevel:invalid env value. fallback to def(debug2)
[06/08/2024 14:27:09.410] DEBUG: [SerialCommands.py->read_console_log()] [serial console] alogfrontend::readenvbeloglevel:invalid env value. fallback to def(debug2)
[06/08/2024 14:27:09.416] DEBUG: [SerialCommands.py->read_console_log()] [serial console] alogfrontend::readenvgloballoglevel:invalid env value. fallback to def(debug2)
[06/08/2024 14:27:09.466] DEBUG: [SerialCommands.py->read_console_log()] [serial console] qqnxscreen::newwindowcreated : windowhandle =  0x3251b41b10
[06/08/2024 14:27:09.481] DEBUG: [SerialCommands.py->read_console_log()] [serial console] qqnxscreen::newwindowcreated : zorder =  -2
[06/08/2024 14:27:09.483] DEBUG: [SerialCommands.py->read_console_log()] [serial console] qqnxscreen::newwindowcreated : windowname =  "qvm_window"
[06/08/2024 14:27:09.489] DEBUG: [SerialCommands.py->read_console_log()] [serial console] qqnxscreen::updatehierarchy:  m_customzorder =   0
[06/08/2024 14:27:09.497] DEBUG: [SerialCommands.py->read_console_log()] [serial console] vqqnxscreen::updatehierarchy for underlay :  0x3251b41b10 z-order =  -1i
[06/08/2024 14:27:09.503] DEBUG: [SerialCommands.py->read_console_log()] [serial console] lcm_inc_dispatcher system state, current:2, previous:1
[06/08/2024 14:27:09.509] DEBUG: [SerialCommands.py->read_console_log()] [serial console] nplcm_inc_dispatcher system state, current:susd_sys_state_hmiinit
[06/08/2024 14:27:09.514] DEBUG: [SerialCommands.py->read_console_log()] [serial console] uinside rvc vpm system model15806
[06/08/2024 14:27:09.517] DEBUG: [SerialCommands.py->read_console_log()] [serial console] t: window position has been updated to: [5010,0]
[06/08/2024 14:27:09.519] DEBUG: [SerialCommands.py->read_console_log()] [serial console] vinput: window position has been updated to: [5010,0]
[06/08/2024 14:27:09.641] DEBUG: [SerialCommands.py->read_console_log()] [serial console] error: attempted to show invalid screen | dragselectionactivatescreen()
[06/08/2024 14:27:09.645] DEBUG: [SerialCommands.py->read_console_log()] [serial console] error: attempted to show invalid screen | dragselectionactivatescreen()
[06/08/2024 14:27:09.850] DEBUG: [SerialCommands.py->read_console_log()] [serial console] error: attempted to show invalid screen | dragselectionactivatescreen()
[06/08/2024 14:27:09.863] DEBUG: [SerialCommands.py->read_console_log()] [serial console] error: attempted to show invalid screen | dragselectionactivatescreen()
[06/08/2024 14:27:09.867] DEBUG: [SerialCommands.py->read_console_log()] [serial console] error: attempted to show invalid screen | dragselectionactivatescreen()
[06/08/2024 14:27:09.870] DEBUG: [SerialCommands.py->read_console_log()] [serial console] error: attempted to show invalid screen | dragselectionactivatescreen()
[06/08/2024 14:27:09.880] DEBUG: [SerialCommands.py->read_console_log()] [serial console] error: attempted to show invalid screen | dragselectionactivatescreen()
[06/08/2024 14:27:09.882] DEBUG: [SerialCommands.py->read_console_log()] [serial console] error: attempted to show invalid screen | dragselectionactivatescreen()
[06/08/2024 14:27:09.895] DEBUG: [SerialCommands.py->read_console_log()] [serial console] error: attempted to show invalid screen | dragselectionactivatescreen()
[06/08/2024 14:27:09.898] DEBUG: [SerialCommands.py->read_console_log()] [serial console] error: attempted to show invalid screen | dragselectionactivatescreen()
[06/08/2024 14:27:09.900] DEBUG: [SerialCommands.py->read_console_log()] [serial console] error: attempted to show invalid screen | dragselectionactivatescreen()
[06/08/2024 14:27:09.912] DEBUG: [SerialCommands.py->read_console_log()] [serial console] error: attempted to show invalid screen | dragselectionactivatescreen()
[06/08/2024 14:27:09.914] DEBUG: [SerialCommands.py->read_console_log()] [serial console] error: attempted to show invalid screen | dragselectionactivatescreen()
[06/08/2024 14:27:09.928] DEBUG: [SerialCommands.py->read_console_log()] [serial console] error: attempted to show invalid screen | dragselectionactivatescreen()
[06/08/2024 14:27:09.930] DEBUG: [SerialCommands.py->read_console_log()] [serial console] error: attempted to show invalid screen | dragselectionactivatescreen()
[06/08/2024 14:27:09.943] DEBUG: [SerialCommands.py->read_console_log()] [serial console] error: attempted to show invalid screen | dragselectionactivatescreen()
[06/08/2024 14:27:09.948] DEBUG: [SerialCommands.py->read_console_log()] [serial console] error: attempted to show invalid screen | dragselectionactivatescreen()
[06/08/2024 14:27:09.952] DEBUG: [SerialCommands.py->read_console_log()] [serial console] error: attempted to show invalid screen | dragselectionactivatescreen()
[06/08/2024 14:27:09.944] DEBUG: [VSPY_commands.py->check_db_signal_in_current_values()] Actual signal value [Run]. Check DB Signal SysPwrMode_Prtctd_PDU->SPMP_SysPwrModeAuth  with command: [db(db5494).sg(13).value?]
[06/08/2024 14:27:09.961] DEBUG: [SerialCommands.py->read_console_log()] [serial console] error: attempted to show invalid screen | dragselectionactivatescreen()
[06/08/2024 14:27:09.955] DEBUG: [VSPY_commands.py->check_db_signal_in_current_values()] Signal value [Run] found in expected values: ['Run', 'Propulsion']
[06/08/2024 14:27:09.966] DEBUG: [SerialCommands.py->read_console_log()] [serial console] error: attempted to show invalid screen | dragselectionactivatescreen()
[06/08/2024 14:27:09.974] DEBUG: [VSPY_commands.py->check_db_signal_in_current_values()] Actual signal value [HMI_Init]. Check DB Signal PDU_5062->InfoSysStat  with command: [db(db3324).sg(3).value?]
[06/08/2024 14:27:10.152] DEBUG: [SerialCommands.py->read_console_log()] [serial console] error: attempted to show invalid screen | dragselectionactivatescreen()
[06/08/2024 14:27:10.158] DEBUG: [SerialCommands.py->read_console_log()] [serial console] error: attempted to show invalid screen | dragselectionactivatescreen()
[06/08/2024 14:27:10.162] DEBUG: [SerialCommands.py->read_console_log()] [serial console] error: attempted to show invalid screen | dragselectionactivatescreen()
[06/08/2024 14:27:10.168] DEBUG: [SerialCommands.py->read_console_log()] [serial console] error: attempted to show invalid screen | dragselectionactivatescreen()
[06/08/2024 14:27:10.171] DEBUG: [SerialCommands.py->read_console_log()] [serial console] error: attempted to show invalid screen | dragselectionactivatescreen()
[06/08/2024 14:27:10.184] DEBUG: [SerialCommands.py->read_console_log()] [serial console] error: attempted to show invalid screen | dragselectionactivatescreen()
[06/08/2024 14:27:11.145] DEBUG: [SerialCommands.py->read_console_log()] [serial console] lcm_inc_dispatcher system state, current:5, previous:2
[06/08/2024 14:27:11.151] DEBUG: [SerialCommands.py->read_console_log()] [serial console] lcm_inc_dispatcher system state, current:susd_sys_state_run
[06/08/2024 14:27:11.156] DEBUG: [SerialCommands.py->read_console_log()] [serial console] inside rvc vpm system model15803
[06/08/2024 14:27:11.991] DEBUG: [VSPY_commands.py->check_db_signal_in_current_values()] Actual signal value [Run]. Check DB Signal SysPwrMode_Prtctd_PDU->SPMP_SysPwrModeAuth  with command: [db(db5494).sg(13).value?]
[06/08/2024 14:27:11.999] DEBUG: [VSPY_commands.py->check_db_signal_in_current_values()] Signal value [Run] found in expected values: ['Run', 'Propulsion']
[06/08/2024 14:27:12.005] DEBUG: [VSPY_commands.py->check_db_signal_in_current_values()] Actual signal value [Run]. Check DB Signal PDU_5062->InfoSysStat  with command: [db(db3324).sg(3).value?]
[06/08/2024 14:27:12.009] DEBUG: [VSPY_commands.py->check_db_signal_in_current_values()] Signal value [Run] found in expected values: ['Run', 'Propulsion']
[06/08/2024 14:27:12.013] DEBUG: [Utils.py->run_action_multiple_times()] Run action name: is_system_in_run_or_propulsion_mode({'self': <Utils.Test_Equipment.VehicleManagerController.VehicleControllerFullBench.VehicleControllerFullBench object at 0x000001CC48897E90>}). Number of retries : 5 .Total time of [10] seconds.
[06/08/2024 14:27:12.018] DEBUG: [VehicleControllerFullBench.py->reset_system()] End - Resets Full Bench.Return value True
[06/08/2024 14:27:12.023]  INFO: [LowLevelTest.py->get_and_print_progress_report()] -------------------Cold Boot Test Progress Report-------------------
[06/08/2024 14:27:12.027]  INFO: [LowLevelTest.py->get_and_print_progress_report()]
Executed iterations: 1
Passed iterations: 0
Failed iterations: 1
Did Not Run: -1

Setting artifact directory to D:\projects\vvi-automation\VPM_Automation_Logs\test_cold_boot_park_vcu_m_AVVP171263-30771
[06/08/2024 14:27:12.033]  INFO: [LowLevelTest.py->init_iteration()] Starting Iteration 2 of 5
Setting artifact directory to D:\projects\vvi-automation\VPM_Automation_Logs\test_cold_boot_park_vcu_m_AVVP171263-30771\iteration_2
Setting artifact directory to D:\projects\vvi-automation\VPM_Automation_Logs\test_cold_boot_park_vcu_m_AVVP171263-30771\iteration_2\expected_views
[06/08/2024 14:27:12.038]  INFO: [ColdBootVcum.py->perform_iteration()] Changing gear to Park at the start of the test
[06/08/2024 14:27:12.043]  INFO: [VSPY_commands.py->send_function_block()] Sending function block for [PARK] via VSPY
[06/08/2024 14:27:12.049] DEBUG: [VSPY_commands.py->get_function_block()] Get function block for [PARK].Command value is [fb(tst0).start]
[06/08/2024 14:27:12.103] DEBUG: [SerialCommands.py->read_console_log()] [serial console] inside rvc vpm system model21217
[06/08/2024 14:27:12.255] DEBUG: [VSPY_commands.py->check_db_signal()] Check DB Signal [SrlDat6_Prtctd_PDU->VMMP_VehMtnMvmtStatAuth] matches value: [Parked] with command: [db(db5466).sg(8).value?]
[06/08/2024 14:27:12.471] DEBUG: [testing_logs_utils.py->logged_sleep()] Sleeping for 3 seconds
[06/08/2024 14:27:12.601] DEBUG: [SerialCommands.py->read_console_log()] [serial console] swdl_init:549 system banked to "a"
[06/08/2024 14:27:15.476] DEBUG: [testing_logs_utils.py->logged_sleep()] Done sleeping
[06/08/2024 14:27:15.479] DEBUG: [CoreDumpEvent.py->is_set()] Check if VPE core dump in process
[06/08/2024 14:27:15.483] DEBUG: [hmi_verify.py->generate_qnx_screenshot_command()] Creating QNX screenshot command
[06/08/2024 14:27:15.488] DEBUG: [hmi_verify.py->qnx_screenshot()] Taking QNX screenshot
[06/08/2024 14:27:15.492] DEBUG: [qnx_commands.py->run_qnx_command()] Trying to run: "rm /var/data//screenshot.bmp" on VCU
[06/08/2024 14:27:15.752] DEBUG: [SerialCommands.py->read_console_log()] [serial console] [   16.234707]~dlt~483498~info     ~control message forwarded : dlt_service_id_set_all_log_level
[06/08/2024 14:27:15.767] DEBUG: [SerialCommands.py->read_console_log()] [serial console] [   16.238388]~dlt~483498~info     ~control message forwarded : dlt_service_id_store_config
[06/08/2024 14:27:16.417] DEBUG: [ssh_command.py->__run_ssh_command_core()] New Connection has been created to 172.16.4.101
[06/08/2024 14:27:16.830] DEBUG: [qnx_commands.py->run_qnx_command()] Trying to run: "screenshot -size=2000x1200 -pos=6230,1 -file=/var/data//screenshot.bmp -display=1" on VCU
[06/08/2024 14:27:22.579] DEBUG: [qnx_commands.py->run_qnx_command()] Trying to run: "echo telnet_available" on VCU
[06/08/2024 14:27:22.690] DEBUG: [hmi_verify.py->_copy_screenshot_from_dut()] Copied screenshot from DUT path: /var/data//screenshot.bmp to Host path: D:\projects\vvi-automation\VPM_Automation_Logs\test_cold_boot_park_vcu_m_AVVP171263-30771\iteration_2\expected_views\screenshot.bmp
[06/08/2024 14:27:22.695] DEBUG: [hmi_verify.py->_rename_screenshot()] Trying to rename screenshot
[06/08/2024 14:27:22.712] DEBUG: [hmi_verify.py->_convert_screenshot()] Trying to convert D:\projects\vvi-automation\VPM_Automation_Logs\test_cold_boot_park_vcu_m_AVVP171263-30771\iteration_2\expected_views\expected_android_after_park.bmp to png
[06/08/2024 14:27:22.820] DEBUG: [qnx_commands.py->run_qnx_command()] SystemType.VCU shell command returned: telnet_available
[06/08/2024 14:27:22.821]  INFO: [qnx_commands.py->check_qnx_available()] QNX connection [VCU] is Available.
[06/08/2024 14:27:22.822]  INFO: [dlt_ongoing_collector.py->__fetch_logs()] fetching new dlt logs
[06/08/2024 14:27:22.823] DEBUG: [qnx_commands.py->run_qnx_command()] Trying to run: "ls /var/log/dlt_raw | grep .dlt" on VCU
[06/08/2024 14:27:23.149] DEBUG: [qnx_commands.py->run_qnx_command()] SystemType.VCU shell command returned: Audio.249.dlt
Audio.250.dlt
CriticalSoc.190.dlt
Soc.085.dlt
Soc.086.dlt
Vip.131.dlt
parse_dlt.sh
[06/08/2024 14:27:23.150]  INFO: [dlt_ongoing_collector.py->backup_ongoing_dlt_logs_thread()] About to backup: [{'Soc.085.dlt'}]
[06/08/2024 14:27:23.603] DEBUG: [hmi_verify.py->_convert_screenshot()] Converted D:\projects\vvi-automation\VPM_Automation_Logs\test_cold_boot_park_vcu_m_AVVP171263-30771\iteration_2\expected_views\expected_android_after_park.bmp to D:\projects\vvi-automation\VPM_Automation_Logs\test_cold_boot_park_vcu_m_AVVP171263-30771\iteration_2\expected_views\expected_android_after_park.png
[06/08/2024 14:27:23.608] DEBUG: [hmi_verify.py->_rename_screenshot()] Copied screenshot from D:\projects\vvi-automation\VPM_Automation_Logs\test_cold_boot_park_vcu_m_AVVP171263-30771\iteration_2\expected_views\screenshot.bmp to D:\projects\vvi-automation\VPM_Automation_Logs\test_cold_boot_park_vcu_m_AVVP171263-30771\iteration_2\expected_views\expected_android_after_park.png
[06/08/2024 14:27:23.714] DEBUG: [hmi_verify.py->verify_video_off()] Video is on, markers found: {20}
[06/08/2024 14:27:23.886]  FAIL: [Scenario.py->fail_iteration()] Iteration 2 Failed.
NoneType: None
[06/08/2024 14:27:23.890]  FAIL: [Scenario.py->fail_iteration()] Unable to verify video off after park
NoneType: None
Setting artifact directory to D:\projects\vvi-automation\VPM_Automation_Logs\test_cold_boot_park_vcu_m_AVVP171263-30771\iteration_2
[06/08/2024 14:27:23.893]  INFO: [IterationActions.py->extract_data_after_iteration()] Extracting data after iteration
[06/08/2024 14:27:23.897] DEBUG: [DutLogsHandler.py->export_all_log_files()] Exporting log files
Setting artifact directory to D:\projects\vvi-automation\VPM_Automation_Logs\test_cold_boot_park_vcu_m_AVVP171263-30771\iteration_2\Logs
[06/08/2024 14:27:23.901] DEBUG: [qnx_commands.py->run_qnx_command()] Trying to run: "ls /var/log/dlt_raw" on VCU
[06/08/2024 14:27:24.244] DEBUG: [qnx_commands.py->run_qnx_command()] SystemType.VCU shell command returned: Audio.249.dlt
Audio.250.dlt
CriticalSoc.190.dlt
PARSE_RAW_DLT.README
Soc.085.dlt
Soc.086.dlt
Vip.131.dlt
dlt_logstorage.conf
parse_dlt.sh
[06/08/2024 14:27:24.259] DEBUG: [qnx_commands.py->run_qnx_command()] Trying to run: "ls /var/log/dlt_raw | wc -l" on VCU
[06/08/2024 14:27:24.688] DEBUG: [qnx_commands.py->run_qnx_command()] SystemType.VCU shell command returned: 9
[06/08/2024 14:27:24.692] DEBUG: [DLTFilesCollector.py->_collect_dlt_from_dut()] Exporting dlt files from VCU on IP [172.16.4.101] to directory [D:\projects\vvi-automation\VPM_Automation_Logs\test_cold_boot_park_vcu_m_AVVP171263-30771\iteration_2\Logs]
[06/08/2024 14:27:24.703] DEBUG: [qnx_commands.py->run_qnx_command()] Trying to run: "ls /var/log/dlt_raw/*" on VCU
[06/08/2024 14:27:25.084]  INFO: [dlt_ongoing_collector.py->_backup_dlt_files()] finished backup: [Soc.085.dlt]
[06/08/2024 14:27:25.138] DEBUG: [qnx_commands.py->run_qnx_command()] SystemType.VCU shell command returned: /var/log/dlt_raw/Audio.249.dlt
/var/log/dlt_raw/Audio.250.dlt
/var/log/dlt_raw/CriticalSoc.190.dlt
/var/log/dlt_raw/PARSE_RAW_DLT.README
/var/log/dlt_raw/Soc.085.dlt
/var/log/dlt_raw/Soc.086.dlt
/var/log/dlt_raw/Vip.131.dlt
/var/log/dlt_raw/dlt_logstorage.conf
/var/log/dlt_raw/parse_dlt.sh
[06/08/2024 14:27:25.153] DEBUG: [qnx_commands.py->run_qnx_command()] Trying to run: "tar -czvf /var/data/VCU_dlt_files_20240806142724.tgz /var/log/dlt_raw/Soc*.dlt /var/log/dlt_raw/CriticalSoc*.dlt /var/log/dlt_raw/Vip*.dlt" on VCU
[06/08/2024 14:27:26.882] DEBUG: [qnx_commands.py->run_qnx_command()] SystemType.VCU shell command returned: tar: Removing leading '/' from member names
a var/log/dlt_raw/Soc.085.dlt
a var/log/dlt_raw/Soc.086.dlt
a var/log/dlt_raw/CriticalSoc.190.dlt
a var/log/dlt_raw/Vip.131.dlt
[06/08/2024 14:27:28.141] DEBUG: [qnx_commands.py->run_qnx_command()] Trying to run: "rm /var/data/*_dlt_files_*.tgz" on VCU
[06/08/2024 14:27:28.396] DEBUG: [DLTFilesCollector.py->collect_and_remove_dlt_files()] Collect dlt files done!
[06/08/2024 14:27:28.407] DEBUG: [DLTFilesCollector.py->collect_and_remove_dlt_files()] remove the dlt file from the device
[06/08/2024 14:27:28.412] DEBUG: [DLTFilesCollector.py->_remove_dlt_files_from_dut()] Delete all files in /var/log/dlt
[06/08/2024 14:27:28.415] DEBUG: [qnx_commands.py->run_qnx_command()] Trying to run: "ls /var/log/dlt" on VCU
[06/08/2024 14:27:28.619] DEBUG: [qnx_commands.py->run_qnx_command()] SystemType.VCU shell command returned: Audio.248.dlt.2024-08-06_11-55-45.log
CriticalSoc.189.dlt.2024-08-06_10-57-41.log
Soc.078.dlt.2024-08-06_12-01-49.log
Soc.079.dlt.2024-08-06_12-03-26.log
Soc.080.dlt.2024-08-06_12-04-36.log
Soc.081.dlt.2024-08-06_12-09-14.log
[06/08/2024 14:27:28.633] DEBUG: [qnx_commands.py->run_qnx_command()] Trying to run: "ls /var/log/dlt | wc -l" on VCU
[06/08/2024 14:27:28.897] DEBUG: [qnx_commands.py->run_qnx_command()] SystemType.VCU shell command returned: 6
[06/08/2024 14:27:28.907] DEBUG: [qnx_commands.py->run_qnx_command()] Trying to run: "ls /var/log/dlt/Soc.*.dlt" on VCU
[06/08/2024 14:27:29.291] DEBUG: [qnx_commands.py->run_qnx_command()] SystemType.VCU shell command returned: ls: No such file or directory (/var/log/dlt/Soc.*.dlt)
[06/08/2024 14:27:29.295] DEBUG: [qnx_commands.py->run_qnx_command()] Trying to run: "ls /var/log/dlt/Vip.*.dlt" on VCU
[06/08/2024 14:27:29.612] DEBUG: [qnx_commands.py->run_qnx_command()] SystemType.VCU shell command returned: ls: No such file or directory (/var/log/dlt/Vip.*.dlt)
[06/08/2024 14:27:29.618] DEBUG: [qnx_commands.py->run_qnx_command()] Trying to run: "ls /var/log/dlt/CriticalSoc.*.dlt" on VCU
[06/08/2024 14:27:29.841] DEBUG: [qnx_commands.py->run_qnx_command()] SystemType.VCU shell command returned: ls: No such file or directory (/var/log/dlt/CriticalSoc.*.dlt)
[06/08/2024 14:27:29.857] DEBUG: [qnx_commands.py->run_qnx_command()] Trying to run: "ls /var/log/dlt/Audio.*.dlt" on VCU
[06/08/2024 14:27:30.153] DEBUG: [qnx_commands.py->run_qnx_command()] SystemType.VCU shell command returned: ls: No such file or directory (/var/log/dlt/Audio.*.dlt)
[06/08/2024 14:27:30.159] DEBUG: [DLTFilesCollector.py->_remove_dlt_files_from_dut()] the list of files to delete after sorting and remove the latest from each group: []
[06/08/2024 14:27:30.164] DEBUG: [qnx_commands.py->run_qnx_command()] Trying to run: "rm -r " on VCU
[06/08/2024 14:27:30.434] DEBUG: [qnx_commands.py->run_qnx_command()] SystemType.VCU shell command returned: rm: Must specify file[s] for removal.
[06/08/2024 14:27:30.438] DEBUG: [DLTFilesCollector.py->_remove_dlt_files_from_dut()] Delete all files in /var/log/dlt_raw
[06/08/2024 14:27:30.446] DEBUG: [qnx_commands.py->run_qnx_command()] Trying to run: "ls /var/log/dlt_raw" on VCU
[06/08/2024 14:27:30.705] DEBUG: [qnx_commands.py->run_qnx_command()] SystemType.VCU shell command returned: Audio.249.dlt
Audio.250.dlt
CriticalSoc.190.dlt
PARSE_RAW_DLT.README
Soc.085.dlt
Soc.086.dlt
Vip.131.dlt
dlt_logstorage.conf
parse_dlt.sh
[06/08/2024 14:27:30.709] DEBUG: [qnx_commands.py->run_qnx_command()] Trying to run: "ls /var/log/dlt_raw | wc -l" on VCU
[06/08/2024 14:27:31.032] DEBUG: [qnx_commands.py->run_qnx_command()] SystemType.VCU shell command returned: 9
[06/08/2024 14:27:31.040] DEBUG: [qnx_commands.py->run_qnx_command()] Trying to run: "ls /var/log/dlt_raw/Soc.*.dlt" on VCU
[06/08/2024 14:27:31.471] DEBUG: [qnx_commands.py->run_qnx_command()] SystemType.VCU shell command returned: /var/log/dlt_raw/Soc.085.dlt
/var/log/dlt_raw/Soc.086.dlt
[06/08/2024 14:27:31.484] DEBUG: [qnx_commands.py->run_qnx_command()] Trying to run: "ls /var/log/dlt_raw/Vip.*.dlt" on VCU
[06/08/2024 14:27:31.865] DEBUG: [qnx_commands.py->run_qnx_command()] SystemType.VCU shell command returned: /var/log/dlt_raw/Vip.131.dlt
[06/08/2024 14:27:31.880] DEBUG: [qnx_commands.py->run_qnx_command()] Trying to run: "ls /var/log/dlt_raw/CriticalSoc.*.dlt" on VCU
[06/08/2024 14:27:32.265] DEBUG: [qnx_commands.py->run_qnx_command()] SystemType.VCU shell command returned: /var/log/dlt_raw/CriticalSoc.190.dlt
[06/08/2024 14:27:32.270] DEBUG: [qnx_commands.py->run_qnx_command()] Trying to run: "ls /var/log/dlt_raw/Audio.*.dlt" on VCU
[06/08/2024 14:27:32.288] DEBUG: [qnx_commands.py->run_qnx_command()] Trying to run: "pidin -p RtosAppMain -f a | grep -v pid" on VCU
[06/08/2024 14:27:32.729] DEBUG: [qnx_commands.py->run_qnx_command()] SystemType.VCU shell command returned: /var/log/dlt_raw/Audio.249.dlt
/var/log/dlt_raw/Audio.250.dlt
[06/08/2024 14:27:32.741] DEBUG: [DLTFilesCollector.py->_remove_dlt_files_from_dut()] the list of files to delete after sorting and remove the latest from each group: ['/var/log/dlt_raw/Soc.085.dlt', '/var/log/dlt_raw/Audio.249.dlt']
[06/08/2024 14:27:32.748] DEBUG: [qnx_commands.py->run_qnx_command()] Trying to run: "rm -r /var/log/dlt_raw/Soc.085.dlt /var/log/dlt_raw/Audio.249.dlt" on VCU
[06/08/2024 14:27:33.070] DEBUG: [DLTFilesCollector.py->collect_and_remove_dlt_files()] Delete dlt files done!
[06/08/2024 14:27:33.074] DEBUG: [DebugInfo.py->collect_bmetrics_log()] collect the bmetrics log file to D:\projects\vvi-automation\VPM_Automation_Logs\test_cold_boot_park_vcu_m_AVVP171263-30771\iteration_2\Logs...
[06/08/2024 14:27:33.078] DEBUG: [qnx_commands.py->run_qnx_command()] Trying to run: "cat /dev/bmetrics > /var/log/bmetrics.log" on VCU
[06/08/2024 14:27:33.331] DEBUG: [DebugInfo.py->collect_bmetrics_log()] bmetrics:

[06/08/2024 14:27:34.020] DEBUG: [DebugInfo.py->collect_slog2info_log()] collect Slog2info log file to D:\projects\vvi-automation\VPM_Automation_Logs\test_cold_boot_park_vcu_m_AVVP171263-30771\iteration_2\Logs...
[06/08/2024 14:27:34.031] DEBUG: [qnx_commands.py->run_qnx_command()] Trying to run: "slog2info > /tmp/slog2info.log" on VCU
[06/08/2024 14:27:34.475] DEBUG: [qnx_commands.py->run_qnx_command()] SystemType.VCU shell command returned: 1065139
[06/08/2024 14:27:34.481]  WARN: [hmi_service_monitor.py->monitor_pid_change()] HMI PID had Changed from None to 1065139
[06/08/2024 14:27:34.485]  INFO: [hmi_service_monitor.py->monitor_pid_change()] HMI PID Changed counter: 5
[06/08/2024 14:27:37.399] DEBUG: [qnx_commands.py->run_qnx_command()] Trying to run: "slog2info -c" on VCU
[06/08/2024 14:27:37.483] DEBUG: [qnx_commands.py->run_qnx_command()] Trying to run: "pidin -p service_vpe -f a | grep -v pid" on ACP3
[06/08/2024 14:27:37.590] DEBUG: [qnx_commands.py->run_qnx_command()] SystemType.ACP3 shell command returned: 946237
[06/08/2024 14:27:37.594] DEBUG: [vpe_service_monitor.py->monitor_pid_change()] VPE PID was None and now is 946237
[06/08/2024 14:27:37.597] DEBUG: [qnx_commands.py->run_qnx_command()] Trying to run: "pidin threads > /var/log/vpe/pidin_threads_946237.txt" on ACP3
[06/08/2024 14:27:37.719] DEBUG: [SerialCommands.py->read_console_log()] [serial console] exception - infinite loop of null transitions found
[06/08/2024 14:27:38.464] DEBUG: [DebugInfo.py->collect_slog2info_log()] Slog2info:

[06/08/2024 14:27:39.863] DEBUG: [SerialCommands.py->read_console_log()] [serial console] underflow in omreactive less then 0 null configs
[06/08/2024 14:27:39.866] DEBUG: [SerialCommands.py->read_console_log()] [serial console] exception - infinite loop of null transitions found
[06/08/2024 14:27:40.023] DEBUG: [SerialCommands.py->read_console_log()] [serial console] plc state changed from 2 to 4
[06/08/2024 14:27:43.593] DEBUG: [file_transfer_wrapper.py->copy_files_from_host()] /var/log/vpe/rvc_service.log not exist, skip!
[06/08/2024 14:27:43.608] DEBUG: [qnx_commands.py->run_qnx_command()] Trying to run: "ls /var/log/vpe/rvc_service.log" on VCU
[06/08/2024 14:27:43.857] DEBUG: [qnx_commands.py->run_qnx_command()] SystemType.VCU shell command returned: ls: No such file or directory (/var/log/vpe/rvc_service.log)
[06/08/2024 14:27:43.875] DEBUG: [qnx_commands.py->run_qnx_command()] Trying to run: "tar -czvf /var/data/uc_logs.tgz /var/uc_logs*/* /var/uclogs*/*" on VCU
[06/08/2024 14:27:44.304] DEBUG: [qnx_commands.py->run_qnx_command()] SystemType.VCU shell command returned: tar: /var/uc_logs*/*: Cannot stat: No such file or directory
tar: /var/uclogs*/*: Cannot stat: No such file or directory
tar: Error exit delayed from previous errors.
[06/08/2024 14:27:44.310] DEBUG: [DutLogsHandler.py->tar_files()] Log files zip command output: tar: /var/uc_logs*/*: Cannot stat: No such file or directory
tar: /var/uclogs*/*: Cannot stat: No such file or directory
tar: Error exit delayed from previous errors.
[06/08/2024 14:27:44.671] DEBUG: [file_transfer_wrapper.py->copy_files_from_host()] /var/data/uc_logs.tgz not exist, skip!
[06/08/2024 14:27:44.681] DEBUG: [qnx_commands.py->run_qnx_command()] Trying to run: "rm /var/data/uc_logs.tgz" on VCU
[06/08/2024 14:27:44.917] DEBUG: [qnx_commands.py->run_qnx_command()] Trying to run: "ls /var/uc_logs*/* /var/uclogs*/*" on ACP3
[06/08/2024 14:27:45.027] DEBUG: [qnx_commands.py->run_qnx_command()] SystemType.ACP3 shell command returned: /var/uc_logs/1_Current_Logs
/var/uc_logs/2021-06-01_00-00-02_ShmemKiller_790560.txt
/var/uc_logs/2021-06-01_00-00-03_CameraDriver_946229.txt
/var/uc_logs/2021-06-01_00-00-03_PubSubManager_901172.txt
/var/uc_logs/2021-06-01_00-00-03_early_rvc_790569.txt
/var/uc_logs/2021-06-01_00-00-06_service_vpe_946237.txt
/var/uc_logs/2021-06-01_00-00-07_Acp3S2SGW_1343572.txt
/var/uc_logs/2021-06-01_00-00-07_LogTimeSynchronizer_1302613.txt
/var/uc_logs/2021-06-01_00-00-11_SNSDiagnosticsCameraDMS_1388632.txt
/var/uc_logs/2021-06-01_00-00-11_isp_1388640.txt
/var/uc_logs/2021-06-01_00-00-11_mlt_main_acp3_1388638.txt
/var/uc_logs/2021-06-01_00-00-11_mot_main_1388636.txt
/var/uc_logs/2021-06-01_00-00-11_perception_events_daemon_1388637.txt
/var/uc_logs/2021-06-01_00-00-11_shadow_app_main_1388639.txt
/var/uc_logs/2021-06-01_00-00-12_detector_rear_short_range_1388635.txt
/var/uc_logs/2021-06-01_00-00-13_SNSDiagnosticsDMSEmitter_1388645.txt
/var/uc_logs/2021-06-01_00-00-13_SNSDiagnosticsSensingXID_1388631.txt
/var/uc_logs/2021-06-01_00-00-14_SNSDiagnosticsCameraGrillFront_1388633.txt
/var/uc_logs/2021-06-01_00-00-14_SNSDiagnosticsCameraLiftGate_1388634.txt
/var/uc_logs/2021-06-01_00-00-14_SNSDiagnosticsCameraMirrorLeft_1388630.txt
/var/uc_logs/2021-06-01_00-00-14_SNSDiagnosticsCameraMirrorRight_1388629.txt
/var/uc_logs/2021-06-01_00-00-16_detector_sides_short_range_1470567.txt
/var/uc_logs/2021-06-01_00-00-21_detector_front_short_range_1491052.txt
/var/uc_logs/2021-06-01_00-00-22_PlatformApiAdapter_1511533.txt
/var/uc_logs/2021-06-01_00-00-22_TimeSynchronizer_1511534.txt
/var/uc_logs/2021-06-01_00-00-23_DcuManager_1511535.txt
/var/uc_logs/2021-06-01_00-00-24_alignCamera2Ground_1511536.txt
/var/uc_logsA/2021-06-01_00-00-02_ShmemKiller_790560.txt
/var/uc_logsA/2021-06-01_00-00-03_CameraDriver_946229.txt
/var/uc_logsA/2021-06-01_00-00-03_PubSubManager_933940.txt
/var/uc_logsA/2021-06-01_00-00-03_early_rvc_790568.txt
/var/uc_logsA/2021-06-01_00-00-06_service_vpe_946237.txt
/var/uc_logsA/2021-06-01_00-00-07_Acp3S2SGW_1343573.txt
/var/uc_logsA/2021-06-01_00-00-07_LogTimeSynchronizer_1343572.txt
/var/uc_logsA/2021-06-01_00-00-11_SNSDiagnosticsCameraDMS_1351767.txt
/var/uc_logsA/2021-06-01_00-00-11_isp_1351775.txt
/var/uc_logsA/2021-06-01_00-00-11_mlt_main_acp3_1351773.txt
/var/uc_logsA/2021-06-01_00-00-11_mot_main_1351771.txt
/var/uc_logsA/2021-06-01_00-00-11_perception_events_daemon_1351772.txt
/var/uc_logsA/2021-06-01_00-00-11_shadow_app_main_1351774.txt
/var/uc_logsA/2021-06-01_00-00-12_detector_rear_short_range_1351770.txt
/var/uc_logsA/2021-06-01_00-00-13_SNSDiagnosticsDMSEmitter_1351780.txt
/var/uc_logsA/2021-06-01_00-00-14_SNSDiagnosticsCameraGrillFront_1351768.txt
/var/uc_logsA/2021-06-01_00-00-14_SNSDiagnosticsCameraLiftGate_1351769.txt
/var/uc_logsA/2021-06-01_00-00-14_SNSDiagnosticsCameraMirrorLeft_1351764.txt
/var/uc_logsA/2021-06-01_00-00-14_SNSDiagnosticsCameraMirrorRight_1351706.txt
/var/uc_logsA/2021-06-01_00-00-14_SNSDiagnosticsSensingXID_1351766.txt
/var/uc_logsA/2021-06-01_00-00-16_detector_sides_short_range_1433702.txt
/var/uc_logsA/2021-06-01_00-00-21_detector_front_short_range_1454187.txt
/var/uc_logsA/2021-06-01_00-00-22_PlatformApiAdapter_1474668.txt
/var/uc_logsA/2021-06-01_00-00-22_TimeSynchronizer_1474669.txt
/var/uc_logsA/2021-06-01_00-00-23_DcuManager_1474670.txt
/var/uc_logsA/2021-06-01_00-00-23_alignCamera2Ground_1474671.txt
/var/uc_logsB/1_Current_Logs
/var/uc_logsB/2021-06-01_00-00-02_ShmemKiller_790560.txt
/var/uc_logsB/2021-06-01_00-00-03_CameraDriver_946229.txt
/var/uc_logsB/2021-06-01_00-00-03_PubSubManager_901172.txt
/var/uc_logsB/2021-06-01_00-00-03_early_rvc_790569.txt
/var/uc_logsB/2021-06-01_00-00-06_service_vpe_946237.txt
/var/uc_logsB/2021-06-01_00-00-07_Acp3S2SGW_1343572.txt
/var/uc_logsB/2021-06-01_00-00-07_LogTimeSynchronizer_1302613.txt
/var/uc_logsB/2021-06-01_00-00-11_SNSDiagnosticsCameraDMS_1388632.txt
/var/uc_logsB/2021-06-01_00-00-11_isp_1388640.txt
/var/uc_logsB/2021-06-01_00-00-11_mlt_main_acp3_1388638.txt
/var/uc_logsB/2021-06-01_00-00-11_mot_main_1388636.txt
/var/uc_logsB/2021-06-01_00-00-11_perception_events_daemon_1388637.txt
/var/uc_logsB/2021-06-01_00-00-11_shadow_app_main_1388639.txt
/var/uc_logsB/2021-06-01_00-00-12_detector_rear_short_range_1388635.txt
/var/uc_logsB/2021-06-01_00-00-13_SNSDiagnosticsDMSEmitter_1388645.txt
/var/uc_logsB/2021-06-01_00-00-13_SNSDiagnosticsSensingXID_1388631.txt
/var/uc_logsB/2021-06-01_00-00-14_SNSDiagnosticsCameraGrillFront_1388633.txt
/var/uc_logsB/2021-06-01_00-00-14_SNSDiagnosticsCameraLiftGate_1388634.txt
/var/uc_logsB/2021-06-01_00-00-14_SNSDiagnosticsCameraMirrorLeft_1388630.txt
/var/uc_logsB/2021-06-01_00-00-14_SNSDiagnosticsCameraMirrorRight_1388629.txt
/var/uc_logsB/2021-06-01_00-00-16_detector_sides_short_range_1470567.txt
/var/uc_logsB/2021-06-01_00-00-21_detector_front_short_range_1491052.txt
/var/uc_logsB/2021-06-01_00-00-22_PlatformApiAdapter_1511533.txt
/var/uc_logsB/2021-06-01_00-00-22_TimeSynchronizer_1511534.txt
/var/uc_logsB/2021-06-01_00-00-23_DcuManager_1511535.txt
/var/uc_logsB/2021-06-01_00-00-24_alignCamera2Ground_1511536.txt
/var/uclogs/1_Current_Logs
/var/uclogs/ACP3 DM Manager logger.log
/var/uclogs/ACP3 PassThrough Manager logger.log
/var/uclogs/ACP3 UCM Manager logger.log
/var/uclogs/ASUM_CommDiag.log
/var/uclogs/ASUM_DM_SafetyAgent.log
/var/uclogs/ASUM_Diag.log
/var/uclogs/ASec.log
/var/uclogs/ASpu.log
/var/uclogs/C2GA.log
/var/uclogs/CAMD.log
/var/uclogs/ConD.log
/var/uclogs/DCUM.log
/var/uclogs/DLTD.log
/var/uclogs/DLTR.log
/var/uclogs/DMSCal.log
/var/uclogs/DMS_Manager.log
/var/uclogs/DV.log
/var/uclogs/DiagNetworkIntegration.log
/var/uclogs/DiagnosticsCameraDMS.log
/var/uclogs/DiagnosticsCameraGrillFront.log
/var/uclogs/DiagnosticsCameraLiftGate.log
/var/uclogs/DiagnosticsCameraMirrorLeft.log
/var/uclogs/DiagnosticsCameraMirrorRight.log
/var/uclogs/DiagnosticsDMSEmitter.log
/var/uclogs/DiagnosticsSensingXID.log
/var/uclogs/EM.log
/var/uclogs/EVNT.log
/var/uclogs/ISP.log
/var/uclogs/LogT.log
/var/uclogs/MLT.log
/var/uclogs/MOT.log
/var/uclogs/MapApp.log
/var/uclogs/MapDataLayer.log
/var/uclogs/MapOTA.log
/var/uclogs/MapRedBend.log
/var/uclogs/MapRouteServer.log
/var/uclogs/NMng.log
/var/uclogs/QQQDiagApp.log
/var/uclogs/S2SG.log
/var/uclogs/SHDW.log
/var/uclogs/SMAT.log
/var/uclogs/SysD.log
/var/uclogs/TSYN.log
/var/uclogs/VExc.log
/var/uclogs/VPER.log
/var/uclogs/VPE_SV.log
/var/uclogs/VPhm.log
/var/uclogs/VSom.log
/var/uclogs/VhFn.log
/var/uclogs/gwdc.log
/var/uclogsA/ACP3
/var/uclogsA/ACP3 DM Manager logger.log
/var/uclogsA/ACP3 PassThrough Manager logger.log
/var/uclogsA/ACP3 UCM Manager logger.log
/var/uclogsA/ASUM_CommDiag.log
/var/uclogsA/ASUM_DM_SafetyAgent.log
/var/uclogsA/ASUM_Diag.log
/var/uclogsA/ASec.log
/var/uclogsA/ASpu.log
/var/uclogsA/C2GA.log
/var/uclogsA/CAMD.log
/var/uclogsA/ConD.log
/var/uclogsA/DCUM.log
/var/uclogsA/DLTD.log
/var/uclogsA/DLTR.log
/var/uclogsA/DMSCal.log
/var/uclogsA/DMS_Manager.log
/var/uclogsA/DV.log
/var/uclogsA/DiagNetworkIntegration.log
/var/uclogsA/DiagnosticsCameraDMS.log
/var/uclogsA/DiagnosticsCameraGrillFront.log
/var/uclogsA/DiagnosticsCameraLiftGate.log
/var/uclogsA/DiagnosticsCameraMirrorLeft.log
/var/uclogsA/DiagnosticsCameraMirrorRight.log
/var/uclogsA/DiagnosticsDMSEmitter.log
/var/uclogsA/DiagnosticsSensingXID.log
/var/uclogsA/EM.log
/var/uclogsA/EVNT.log
/var/uclogsA/ISP.log
/var/uclogsA/LogT.log
/var/uclogsA/MLT.log
/var/uclogsA/MOT.log
/var/uclogsA/MapApp.log
/var/uclogsA/MapDataLayer.log
/var/uclogsA/MapOTA.log
/var/uclogsA/MapRedBend.log
/var/uclogsA/MapRouteServer.log
/var/uclogsA/NMng.log
/var/uclogsA/QQQDiagApp.log
/var/uclogsA/S2SG.log
/var/uclogsA/SHDW.log
/var/uclogsA/SMAT.log
/var/uclogsA/SysD.log
/var/uclogsA/TSYN.log
/var/uclogsA/VExc.log
/var/uclogsA/VPER.log
/var/uclogsA/VPE_SV.log
/var/uclogsA/VPhm.log
/var/uclogsA/VSom.log
/var/uclogsA/VhFn.log
/var/uclogsA/gwdc.log
/var/uclogsB/1_Current_Logs
/var/uclogsB/ACP3 DM Manager logger.log
/var/uclogsB/ACP3 PassThrough Manager logger.log
/var/uclogsB/ACP3 UCM Manager logger.log
/var/uclogsB/ASUM_CommDiag.log
/var/uclogsB/ASUM_DM_SafetyAgent.log
/var/uclogsB/ASUM_Diag.log
/var/uclogsB/ASec.log
/var/uclogsB/ASpu.log
/var/uclogsB/C2GA.log
/var/uclogsB/CAMD.log
/var/uclogsB/ConD.log
/var/uclogsB/DCUM.log
/var/uclogsB/DLTD.log
/var/uclogsB/DLTR.log
/var/uclogsB/DMSCal.log
/var/uclogsB/DMS_Manager.log
/var/uclogsB/DV.log
/var/uclogsB/DiagNetworkIntegration.log
/var/uclogsB/DiagnosticsCameraDMS.log
/var/uclogsB/DiagnosticsCameraGrillFront.log
/var/uclogsB/DiagnosticsCameraLiftGate.log
/var/uclogsB/DiagnosticsCameraMirrorLeft.log
/var/uclogsB/DiagnosticsCameraMirrorRight.log
/var/uclogsB/DiagnosticsDMSEmitter.log
/var/uclogsB/DiagnosticsSensingXID.log
/var/uclogsB/EM.log
/var/uclogsB/EVNT.log
/var/uclogsB/ISP.log
/var/uclogsB/LogT.log
/var/uclogsB/MLT.log
/var/uclogsB/MOT.log
/var/uclogsB/MapApp.log
/var/uclogsB/MapDataLayer.log
/var/uclogsB/MapOTA.log
/var/uclogsB/MapRedBend.log
/var/uclogsB/MapRouteServer.log
/var/uclogsB/NMng.log
/var/uclogsB/QQQDiagApp.log
/var/uclogsB/S2SG.log
/var/uclogsB/SHDW.log
/var/uclogsB/SMAT.log
/var/uclogsB/SysD.log
/var/uclogsB/TSYN.log
/var/uclogsB/VExc.log
/var/uclogsB/VPER.log
/var/uclogsB/VPE_SV.log
/var/uclogsB/VPhm.log
/var/uclogsB/VSom.log
/var/uclogsB/VhFn.log
/var/uclogsB/gwdc.log
[06/08/2024 14:27:45.036] DEBUG: [qnx_commands.py->run_qnx_command()] Trying to run: "tar -czvf /var/data/vpe_service_logs.tgz /var/log/vpe/*" on VCU
[06/08/2024 14:27:45.604] DEBUG: [qnx_commands.py->run_qnx_command()] SystemType.VCU shell command returned: tar: Removing leading '/' from member names
a var/log/vpe/enable_events_csv
a var/log/vpe/enable_signals_buffer
a var/log/vpe/vpe_service.log
[06/08/2024 14:27:45.616] DEBUG: [DutLogsHandler.py->tar_files()] Log files zip command output: tar: Removing leading '/' from member names
a var/log/vpe/enable_events_csv
a var/log/vpe/enable_signals_buffer
a var/log/vpe/vpe_service.log
[06/08/2024 14:27:45.946] DEBUG: [file_transfer_wrapper.py->copy_files_from_host()] /var/data/vpe_service_logs.tgz not exist, skip!
[06/08/2024 14:27:45.961] DEBUG: [qnx_commands.py->run_qnx_command()] Trying to run: "rm /var/data/vpe_service_logs.tgz" on VCU
[06/08/2024 14:27:46.448] DEBUG: [qnx_commands.py->run_qnx_command()] Trying to run: "ls /var/log/vpe/*" on ACP3
[06/08/2024 14:27:46.562] DEBUG: [qnx_commands.py->run_qnx_command()] SystemType.ACP3 shell command returned: /var/log/vpe/early_rvc_service.log
/var/log/vpe/early_rvc_service.sh
/var/log/vpe/early_rvc_service_system_info.log
/var/log/vpe/pidin_threads_946237.txt
/var/log/vpe/pidin_threads_None.txt
/var/log/vpe/vpe_service.log
/var/log/vpe/vpe_service.sh
/var/log/vpe/vpe_service_cfg.log
/var/log/vpe/vpe_service_system_info.log
[06/08/2024 14:27:46.568] DEBUG: [DutLogsHandler.py->clear_log_files_before_test()] Clearing log files
[06/08/2024 14:27:46.572] DEBUG: [qnx_commands.py->run_qnx_command()] Trying to run: "ls /var/log/vpe/rvc_service*.log" on VCU
[06/08/2024 14:27:46.835] DEBUG: [qnx_commands.py->run_qnx_command()] SystemType.VCU shell command returned: ls: No such file or directory (/var/log/vpe/rvc_service*.log)
[06/08/2024 14:27:46.840] DEBUG: [qnx_commands.py->run_qnx_command()] Trying to run: "ls /var/uc_logs*/* /var/uclogs*/*" on ACP3
[06/08/2024 14:27:46.973] DEBUG: [qnx_commands.py->run_qnx_command()] SystemType.ACP3 shell command returned: /var/uc_logs/1_Current_Logs
/var/uc_logs/2021-06-01_00-00-02_ShmemKiller_790560.txt
/var/uc_logs/2021-06-01_00-00-03_CameraDriver_946229.txt
/var/uc_logs/2021-06-01_00-00-03_PubSubManager_901172.txt
/var/uc_logs/2021-06-01_00-00-03_early_rvc_790569.txt
/var/uc_logs/2021-06-01_00-00-06_service_vpe_946237.txt
/var/uc_logs/2021-06-01_00-00-07_Acp3S2SGW_1343572.txt
/var/uc_logs/2021-06-01_00-00-07_LogTimeSynchronizer_1302613.txt
/var/uc_logs/2021-06-01_00-00-11_SNSDiagnosticsCameraDMS_1388632.txt
/var/uc_logs/2021-06-01_00-00-11_isp_1388640.txt
/var/uc_logs/2021-06-01_00-00-11_mlt_main_acp3_1388638.txt
/var/uc_logs/2021-06-01_00-00-11_mot_main_1388636.txt
/var/uc_logs/2021-06-01_00-00-11_perception_events_daemon_1388637.txt
/var/uc_logs/2021-06-01_00-00-11_shadow_app_main_1388639.txt
/var/uc_logs/2021-06-01_00-00-12_detector_rear_short_range_1388635.txt
/var/uc_logs/2021-06-01_00-00-13_SNSDiagnosticsDMSEmitter_1388645.txt
/var/uc_logs/2021-06-01_00-00-13_SNSDiagnosticsSensingXID_1388631.txt
/var/uc_logs/2021-06-01_00-00-14_SNSDiagnosticsCameraGrillFront_1388633.txt
/var/uc_logs/2021-06-01_00-00-14_SNSDiagnosticsCameraLiftGate_1388634.txt
/var/uc_logs/2021-06-01_00-00-14_SNSDiagnosticsCameraMirrorLeft_1388630.txt
/var/uc_logs/2021-06-01_00-00-14_SNSDiagnosticsCameraMirrorRight_1388629.txt
/var/uc_logs/2021-06-01_00-00-16_detector_sides_short_range_1470567.txt
/var/uc_logs/2021-06-01_00-00-21_detector_front_short_range_1491052.txt
/var/uc_logs/2021-06-01_00-00-22_PlatformApiAdapter_1511533.txt
/var/uc_logs/2021-06-01_00-00-22_TimeSynchronizer_1511534.txt
/var/uc_logs/2021-06-01_00-00-23_DcuManager_1511535.txt
/var/uc_logs/2021-06-01_00-00-24_alignCamera2Ground_1511536.txt
/var/uc_logsA/2021-06-01_00-00-02_ShmemKiller_790560.txt
/var/uc_logsA/2021-06-01_00-00-03_CameraDriver_946229.txt
/var/uc_logsA/2021-06-01_00-00-03_PubSubManager_933940.txt
/var/uc_logsA/2021-06-01_00-00-03_early_rvc_790568.txt
/var/uc_logsA/2021-06-01_00-00-06_service_vpe_946237.txt
/var/uc_logsA/2021-06-01_00-00-07_Acp3S2SGW_1343573.txt
/var/uc_logsA/2021-06-01_00-00-07_LogTimeSynchronizer_1343572.txt
/var/uc_logsA/2021-06-01_00-00-11_SNSDiagnosticsCameraDMS_1351767.txt
/var/uc_logsA/2021-06-01_00-00-11_isp_1351775.txt
/var/uc_logsA/2021-06-01_00-00-11_mlt_main_acp3_1351773.txt
/var/uc_logsA/2021-06-01_00-00-11_mot_main_1351771.txt
/var/uc_logsA/2021-06-01_00-00-11_perception_events_daemon_1351772.txt
/var/uc_logsA/2021-06-01_00-00-11_shadow_app_main_1351774.txt
/var/uc_logsA/2021-06-01_00-00-12_detector_rear_short_range_1351770.txt
/var/uc_logsA/2021-06-01_00-00-13_SNSDiagnosticsDMSEmitter_1351780.txt
/var/uc_logsA/2021-06-01_00-00-14_SNSDiagnosticsCameraGrillFront_1351768.txt
/var/uc_logsA/2021-06-01_00-00-14_SNSDiagnosticsCameraLiftGate_1351769.txt
/var/uc_logsA/2021-06-01_00-00-14_SNSDiagnosticsCameraMirrorLeft_1351764.txt
/var/uc_logsA/2021-06-01_00-00-14_SNSDiagnosticsCameraMirrorRight_1351706.txt
/var/uc_logsA/2021-06-01_00-00-14_SNSDiagnosticsSensingXID_1351766.txt
/var/uc_logsA/2021-06-01_00-00-16_detector_sides_short_range_1433702.txt
/var/uc_logsA/2021-06-01_00-00-21_detector_front_short_range_1454187.txt
/var/uc_logsA/2021-06-01_00-00-22_PlatformApiAdapter_1474668.txt
/var/uc_logsA/2021-06-01_00-00-22_TimeSynchronizer_1474669.txt
/var/uc_logsA/2021-06-01_00-00-23_DcuManager_1474670.txt
/var/uc_logsA/2021-06-01_00-00-23_alignCamera2Ground_1474671.txt
/var/uc_logsB/1_Current_Logs
/var/uc_logsB/2021-06-01_00-00-02_ShmemKiller_790560.txt
/var/uc_logsB/2021-06-01_00-00-03_CameraDriver_946229.txt
/var/uc_logsB/2021-06-01_00-00-03_PubSubManager_901172.txt
/var/uc_logsB/2021-06-01_00-00-03_early_rvc_790569.txt
/var/uc_logsB/2021-06-01_00-00-06_service_vpe_946237.txt
/var/uc_logsB/2021-06-01_00-00-07_Acp3S2SGW_1343572.txt
/var/uc_logsB/2021-06-01_00-00-07_LogTimeSynchronizer_1302613.txt
/var/uc_logsB/2021-06-01_00-00-11_SNSDiagnosticsCameraDMS_1388632.txt
/var/uc_logsB/2021-06-01_00-00-11_isp_1388640.txt
/var/uc_logsB/2021-06-01_00-00-11_mlt_main_acp3_1388638.txt
/var/uc_logsB/2021-06-01_00-00-11_mot_main_1388636.txt
/var/uc_logsB/2021-06-01_00-00-11_perception_events_daemon_1388637.txt
/var/uc_logsB/2021-06-01_00-00-11_shadow_app_main_1388639.txt
/var/uc_logsB/2021-06-01_00-00-12_detector_rear_short_range_1388635.txt
/var/uc_logsB/2021-06-01_00-00-13_SNSDiagnosticsDMSEmitter_1388645.txt
/var/uc_logsB/2021-06-01_00-00-13_SNSDiagnosticsSensingXID_1388631.txt
/var/uc_logsB/2021-06-01_00-00-14_SNSDiagnosticsCameraGrillFront_1388633.txt
/var/uc_logsB/2021-06-01_00-00-14_SNSDiagnosticsCameraLiftGate_1388634.txt
/var/uc_logsB/2021-06-01_00-00-14_SNSDiagnosticsCameraMirrorLeft_1388630.txt
/var/uc_logsB/2021-06-01_00-00-14_SNSDiagnosticsCameraMirrorRight_1388629.txt
/var/uc_logsB/2021-06-01_00-00-16_detector_sides_short_range_1470567.txt
/var/uc_logsB/2021-06-01_00-00-21_detector_front_short_range_1491052.txt
/var/uc_logsB/2021-06-01_00-00-22_PlatformApiAdapter_1511533.txt
/var/uc_logsB/2021-06-01_00-00-22_TimeSynchronizer_1511534.txt
/var/uc_logsB/2021-06-01_00-00-23_DcuManager_1511535.txt
/var/uc_logsB/2021-06-01_00-00-24_alignCamera2Ground_1511536.txt
/var/uclogs/1_Current_Logs
/var/uclogs/ACP3 DM Manager logger.log
/var/uclogs/ACP3 PassThrough Manager logger.log
/var/uclogs/ACP3 UCM Manager logger.log
/var/uclogs/ASUM_CommDiag.log
/var/uclogs/ASUM_DM_SafetyAgent.log
/var/uclogs/ASUM_Diag.log
/var/uclogs/ASec.log
/var/uclogs/ASpu.log
/var/uclogs/C2GA.log
/var/uclogs/CAMD.log
/var/uclogs/ConD.log
/var/uclogs/DCUM.log
/var/uclogs/DLTD.log
/var/uclogs/DLTR.log
/var/uclogs/DMSCal.log
/var/uclogs/DMS_Manager.log
/var/uclogs/DV.log
/var/uclogs/DiagNetworkIntegration.log
/var/uclogs/DiagnosticsCameraDMS.log
/var/uclogs/DiagnosticsCameraGrillFront.log
/var/uclogs/DiagnosticsCameraLiftGate.log
/var/uclogs/DiagnosticsCameraMirrorLeft.log
/var/uclogs/DiagnosticsCameraMirrorRight.log
/var/uclogs/DiagnosticsDMSEmitter.log
/var/uclogs/DiagnosticsSensingXID.log
/var/uclogs/EM.log
/var/uclogs/EVNT.log
/var/uclogs/ISP.log
/var/uclogs/LogT.log
/var/uclogs/MLT.log
/var/uclogs/MOT.log
/var/uclogs/MapApp.log
/var/uclogs/MapDataLayer.log
/var/uclogs/MapOTA.log
/var/uclogs/MapRedBend.log
/var/uclogs/MapRouteServer.log
/var/uclogs/NMng.log
/var/uclogs/QQQDiagApp.log
/var/uclogs/S2SG.log
/var/uclogs/SHDW.log
/var/uclogs/SMAT.log
/var/uclogs/SysD.log
/var/uclogs/TSYN.log
/var/uclogs/VExc.log
/var/uclogs/VPER.log
/var/uclogs/VPE_SV.log
/var/uclogs/VPhm.log
/var/uclogs/VSom.log
/var/uclogs/VhFn.log
/var/uclogs/gwdc.log
/var/uclogsA/ACP3
/var/uclogsA/ACP3 DM Manager logger.log
/var/uclogsA/ACP3 PassThrough Manager logger.log
/var/uclogsA/ACP3 UCM Manager logger.log
/var/uclogsA/ASUM_CommDiag.log
/var/uclogsA/ASUM_DM_SafetyAgent.log
/var/uclogsA/ASUM_Diag.log
/var/uclogsA/ASec.log
/var/uclogsA/ASpu.log
/var/uclogsA/C2GA.log
/var/uclogsA/CAMD.log
/var/uclogsA/ConD.log
/var/uclogsA/DCUM.log
/var/uclogsA/DLTD.log
/var/uclogsA/DLTR.log
/var/uclogsA/DMSCal.log
/var/uclogsA/DMS_Manager.log
/var/uclogsA/DV.log
/var/uclogsA/DiagNetworkIntegration.log
/var/uclogsA/DiagnosticsCameraDMS.log
/var/uclogsA/DiagnosticsCameraGrillFront.log
/var/uclogsA/DiagnosticsCameraLiftGate.log
/var/uclogsA/DiagnosticsCameraMirrorLeft.log
/var/uclogsA/DiagnosticsCameraMirrorRight.log
/var/uclogsA/DiagnosticsDMSEmitter.log
/var/uclogsA/DiagnosticsSensingXID.log
/var/uclogsA/EM.log
/var/uclogsA/EVNT.log
/var/uclogsA/ISP.log
/var/uclogsA/LogT.log
/var/uclogsA/MLT.log
/var/uclogsA/MOT.log
/var/uclogsA/MapApp.log
/var/uclogsA/MapDataLayer.log
/var/uclogsA/MapOTA.log
/var/uclogsA/MapRedBend.log
/var/uclogsA/MapRouteServer.log
/var/uclogsA/NMng.log
/var/uclogsA/QQQDiagApp.log
/var/uclogsA/S2SG.log
/var/uclogsA/SHDW.log
/var/uclogsA/SMAT.log
/var/uclogsA/SysD.log
/var/uclogsA/TSYN.log
/var/uclogsA/VExc.log
/var/uclogsA/VPER.log
/var/uclogsA/VPE_SV.log
/var/uclogsA/VPhm.log
/var/uclogsA/VSom.log
/var/uclogsA/VhFn.log
/var/uclogsA/gwdc.log
/var/uclogsB/1_Current_Logs
/var/uclogsB/ACP3 DM Manager logger.log
/var/uclogsB/ACP3 PassThrough Manager logger.log
/var/uclogsB/ACP3 UCM Manager logger.log
/var/uclogsB/ASUM_CommDiag.log
/var/uclogsB/ASUM_DM_SafetyAgent.log
/var/uclogsB/ASUM_Diag.log
/var/uclogsB/ASec.log
/var/uclogsB/ASpu.log
/var/uclogsB/C2GA.log
/var/uclogsB/CAMD.log
/var/uclogsB/ConD.log
/var/uclogsB/DCUM.log
/var/uclogsB/DLTD.log
/var/uclogsB/DLTR.log
/var/uclogsB/DMSCal.log
/var/uclogsB/DMS_Manager.log
/var/uclogsB/DV.log
/var/uclogsB/DiagNetworkIntegration.log
/var/uclogsB/DiagnosticsCameraDMS.log
/var/uclogsB/DiagnosticsCameraGrillFront.log
/var/uclogsB/DiagnosticsCameraLiftGate.log
/var/uclogsB/DiagnosticsCameraMirrorLeft.log
/var/uclogsB/DiagnosticsCameraMirrorRight.log
/var/uclogsB/DiagnosticsDMSEmitter.log
/var/uclogsB/DiagnosticsSensingXID.log
/var/uclogsB/EM.log
/var/uclogsB/EVNT.log
/var/uclogsB/ISP.log
/var/uclogsB/LogT.log
/var/uclogsB/MLT.log
/var/uclogsB/MOT.log
/var/uclogsB/MapApp.log
/var/uclogsB/MapDataLayer.log
/var/uclogsB/MapOTA.log
/var/uclogsB/MapRedBend.log
/var/uclogsB/MapRouteServer.log
/var/uclogsB/NMng.log
/var/uclogsB/QQQDiagApp.log
/var/uclogsB/S2SG.log
/var/uclogsB/SHDW.log
/var/uclogsB/SMAT.log
/var/uclogsB/SysD.log
/var/uclogsB/TSYN.log
/var/uclogsB/VExc.log
/var/uclogsB/VPER.log
/var/uclogsB/VPE_SV.log
/var/uclogsB/VPhm.log
/var/uclogsB/VSom.log
/var/uclogsB/VhFn.log
/var/uclogsB/gwdc.log
[06/08/2024 14:27:46.990] DEBUG: [DutLogsHandler.py->clear_uc_logs()] Clear /var/uc_logs*/* /var/uclogs*/* logs files
[06/08/2024 14:27:47.004] DEBUG: [qnx_commands.py->run_qnx_command()] Trying to run: "ls /var/uc_logs*/* /var/uclogs*/*" on ACP3
[06/08/2024 14:27:47.195] DEBUG: [qnx_commands.py->run_qnx_command()] SystemType.ACP3 shell command returned: /var/uc_logs/1_Current_Logs
/var/uc_logs/2021-06-01_00-00-02_ShmemKiller_790560.txt
/var/uc_logs/2021-06-01_00-00-03_CameraDriver_946229.txt
/var/uc_logs/2021-06-01_00-00-03_PubSubManager_901172.txt
/var/uc_logs/2021-06-01_00-00-03_early_rvc_790569.txt
/var/uc_logs/2021-06-01_00-00-06_service_vpe_946237.txt
/var/uc_logs/2021-06-01_00-00-07_Acp3S2SGW_1343572.txt
/var/uc_logs/2021-06-01_00-00-07_LogTimeSynchronizer_1302613.txt
/var/uc_logs/2021-06-01_00-00-11_SNSDiagnosticsCameraDMS_1388632.txt
/var/uc_logs/2021-06-01_00-00-11_isp_1388640.txt
/var/uc_logs/2021-06-01_00-00-11_mlt_main_acp3_1388638.txt
/var/uc_logs/2021-06-01_00-00-11_mot_main_1388636.txt
/var/uc_logs/2021-06-01_00-00-11_perception_events_daemon_1388637.txt
/var/uc_logs/2021-06-01_00-00-11_shadow_app_main_1388639.txt
/var/uc_logs/2021-06-01_00-00-12_detector_rear_short_range_1388635.txt
/var/uc_logs/2021-06-01_00-00-13_SNSDiagnosticsDMSEmitter_1388645.txt
/var/uc_logs/2021-06-01_00-00-13_SNSDiagnosticsSensingXID_1388631.txt
/var/uc_logs/2021-06-01_00-00-14_SNSDiagnosticsCameraGrillFront_1388633.txt
/var/uc_logs/2021-06-01_00-00-14_SNSDiagnosticsCameraLiftGate_1388634.txt
/var/uc_logs/2021-06-01_00-00-14_SNSDiagnosticsCameraMirrorLeft_1388630.txt
/var/uc_logs/2021-06-01_00-00-14_SNSDiagnosticsCameraMirrorRight_1388629.txt
/var/uc_logs/2021-06-01_00-00-16_detector_sides_short_range_1470567.txt
/var/uc_logs/2021-06-01_00-00-21_detector_front_short_range_1491052.txt
/var/uc_logs/2021-06-01_00-00-22_PlatformApiAdapter_1511533.txt
/var/uc_logs/2021-06-01_00-00-22_TimeSynchronizer_1511534.txt
/var/uc_logs/2021-06-01_00-00-23_DcuManager_1511535.txt
/var/uc_logs/2021-06-01_00-00-24_alignCamera2Ground_1511536.txt
/var/uc_logsA/2021-06-01_00-00-02_ShmemKiller_790560.txt
/var/uc_logsA/2021-06-01_00-00-03_CameraDriver_946229.txt
/var/uc_logsA/2021-06-01_00-00-03_PubSubManager_933940.txt
/var/uc_logsA/2021-06-01_00-00-03_early_rvc_790568.txt
/var/uc_logsA/2021-06-01_00-00-06_service_vpe_946237.txt
/var/uc_logsA/2021-06-01_00-00-07_Acp3S2SGW_1343573.txt
/var/uc_logsA/2021-06-01_00-00-07_LogTimeSynchronizer_1343572.txt
/var/uc_logsA/2021-06-01_00-00-11_SNSDiagnosticsCameraDMS_1351767.txt
/var/uc_logsA/2021-06-01_00-00-11_isp_1351775.txt
/var/uc_logsA/2021-06-01_00-00-11_mlt_main_acp3_1351773.txt
/var/uc_logsA/2021-06-01_00-00-11_mot_main_1351771.txt
/var/uc_logsA/2021-06-01_00-00-11_perception_events_daemon_1351772.txt
/var/uc_logsA/2021-06-01_00-00-11_shadow_app_main_1351774.txt
/var/uc_logsA/2021-06-01_00-00-12_detector_rear_short_range_1351770.txt
/var/uc_logsA/2021-06-01_00-00-13_SNSDiagnosticsDMSEmitter_1351780.txt
/var/uc_logsA/2021-06-01_00-00-14_SNSDiagnosticsCameraGrillFront_1351768.txt
/var/uc_logsA/2021-06-01_00-00-14_SNSDiagnosticsCameraLiftGate_1351769.txt
/var/uc_logsA/2021-06-01_00-00-14_SNSDiagnosticsCameraMirrorLeft_1351764.txt
/var/uc_logsA/2021-06-01_00-00-14_SNSDiagnosticsCameraMirrorRight_1351706.txt
/var/uc_logsA/2021-06-01_00-00-14_SNSDiagnosticsSensingXID_1351766.txt
/var/uc_logsA/2021-06-01_00-00-16_detector_sides_short_range_1433702.txt
/var/uc_logsA/2021-06-01_00-00-21_detector_front_short_range_1454187.txt
/var/uc_logsA/2021-06-01_00-00-22_PlatformApiAdapter_1474668.txt
/var/uc_logsA/2021-06-01_00-00-22_TimeSynchronizer_1474669.txt
/var/uc_logsA/2021-06-01_00-00-23_DcuManager_1474670.txt
/var/uc_logsA/2021-06-01_00-00-23_alignCamera2Ground_1474671.txt
/var/uc_logsB/1_Current_Logs
/var/uc_logsB/2021-06-01_00-00-02_ShmemKiller_790560.txt
/var/uc_logsB/2021-06-01_00-00-03_CameraDriver_946229.txt
/var/uc_logsB/2021-06-01_00-00-03_PubSubManager_901172.txt
/var/uc_logsB/2021-06-01_00-00-03_early_rvc_790569.txt
/var/uc_logsB/2021-06-01_00-00-06_service_vpe_946237.txt
/var/uc_logsB/2021-06-01_00-00-07_Acp3S2SGW_1343572.txt
/var/uc_logsB/2021-06-01_00-00-07_LogTimeSynchronizer_1302613.txt
/var/uc_logsB/2021-06-01_00-00-11_SNSDiagnosticsCameraDMS_1388632.txt
/var/uc_logsB/2021-06-01_00-00-11_isp_1388640.txt
/var/uc_logsB/2021-06-01_00-00-11_mlt_main_acp3_1388638.txt
/var/uc_logsB/2021-06-01_00-00-11_mot_main_1388636.txt
/var/uc_logsB/2021-06-01_00-00-11_perception_events_daemon_1388637.txt
/var/uc_logsB/2021-06-01_00-00-11_shadow_app_main_1388639.txt
/var/uc_logsB/2021-06-01_00-00-12_detector_rear_short_range_1388635.txt
/var/uc_logsB/2021-06-01_00-00-13_SNSDiagnosticsDMSEmitter_1388645.txt
/var/uc_logsB/2021-06-01_00-00-13_SNSDiagnosticsSensingXID_1388631.txt
/var/uc_logsB/2021-06-01_00-00-14_SNSDiagnosticsCameraGrillFront_1388633.txt
/var/uc_logsB/2021-06-01_00-00-14_SNSDiagnosticsCameraLiftGate_1388634.txt
/var/uc_logsB/2021-06-01_00-00-14_SNSDiagnosticsCameraMirrorLeft_1388630.txt
/var/uc_logsB/2021-06-01_00-00-14_SNSDiagnosticsCameraMirrorRight_1388629.txt
/var/uc_logsB/2021-06-01_00-00-16_detector_sides_short_range_1470567.txt
/var/uc_logsB/2021-06-01_00-00-21_detector_front_short_range_1491052.txt
/var/uc_logsB/2021-06-01_00-00-22_PlatformApiAdapter_1511533.txt
/var/uc_logsB/2021-06-01_00-00-22_TimeSynchronizer_1511534.txt
/var/uc_logsB/2021-06-01_00-00-23_DcuManager_1511535.txt
/var/uc_logsB/2021-06-01_00-00-24_alignCamera2Ground_1511536.txt
/var/uclogs/1_Current_Logs
/var/uclogs/ACP3 DM Manager logger.log
/var/uclogs/ACP3 PassThrough Manager logger.log
/var/uclogs/ACP3 UCM Manager logger.log
/var/uclogs/ASUM_CommDiag.log
/var/uclogs/ASUM_DM_SafetyAgent.log
/var/uclogs/ASUM_Diag.log
/var/uclogs/ASec.log
/var/uclogs/ASpu.log
/var/uclogs/C2GA.log
/var/uclogs/CAMD.log
/var/uclogs/ConD.log
/var/uclogs/DCUM.log
/var/uclogs/DLTD.log
/var/uclogs/DLTR.log
/var/uclogs/DMSCal.log
/var/uclogs/DMS_Manager.log
/var/uclogs/DV.log
/var/uclogs/DiagNetworkIntegration.log
/var/uclogs/DiagnosticsCameraDMS.log
/var/uclogs/DiagnosticsCameraGrillFront.log
/var/uclogs/DiagnosticsCameraLiftGate.log
/var/uclogs/DiagnosticsCameraMirrorLeft.log
/var/uclogs/DiagnosticsCameraMirrorRight.log
/var/uclogs/DiagnosticsDMSEmitter.log
/var/uclogs/DiagnosticsSensingXID.log
/var/uclogs/EM.log
/var/uclogs/EVNT.log
/var/uclogs/ISP.log
/var/uclogs/LogT.log
/var/uclogs/MLT.log
/var/uclogs/MOT.log
/var/uclogs/MapApp.log
/var/uclogs/MapDataLayer.log
/var/uclogs/MapOTA.log
/var/uclogs/MapRedBend.log
/var/uclogs/MapRouteServer.log
/var/uclogs/NMng.log
/var/uclogs/QQQDiagApp.log
/var/uclogs/S2SG.log
/var/uclogs/SHDW.log
/var/uclogs/SMAT.log
/var/uclogs/SysD.log
/var/uclogs/TSYN.log
/var/uclogs/VExc.log
/var/uclogs/VPER.log
/var/uclogs/VPE_SV.log
/var/uclogs/VPhm.log
/var/uclogs/VSom.log
/var/uclogs/VhFn.log
/var/uclogs/gwdc.log
/var/uclogsA/ACP3
/var/uclogsA/ACP3 DM Manager logger.log
/var/uclogsA/ACP3 PassThrough Manager logger.log
/var/uclogsA/ACP3 UCM Manager logger.log
/var/uclogsA/ASUM_CommDiag.log
/var/uclogsA/ASUM_DM_SafetyAgent.log
/var/uclogsA/ASUM_Diag.log
/var/uclogsA/ASec.log
/var/uclogsA/ASpu.log
/var/uclogsA/C2GA.log
/var/uclogsA/CAMD.log
/var/uclogsA/ConD.log
/var/uclogsA/DCUM.log
/var/uclogsA/DLTD.log
/var/uclogsA/DLTR.log
/var/uclogsA/DMSCal.log
/var/uclogsA/DMS_Manager.log
/var/uclogsA/DV.log
/var/uclogsA/DiagNetworkIntegration.log
/var/uclogsA/DiagnosticsCameraDMS.log
/var/uclogsA/DiagnosticsCameraGrillFront.log
/var/uclogsA/DiagnosticsCameraLiftGate.log
/var/uclogsA/DiagnosticsCameraMirrorLeft.log
/var/uclogsA/DiagnosticsCameraMirrorRight.log
/var/uclogsA/DiagnosticsDMSEmitter.log
/var/uclogsA/DiagnosticsSensingXID.log
/var/uclogsA/EM.log
/var/uclogsA/EVNT.log
/var/uclogsA/ISP.log
/var/uclogsA/LogT.log
/var/uclogsA/MLT.log
/var/uclogsA/MOT.log
/var/uclogsA/MapApp.log
/var/uclogsA/MapDataLayer.log
/var/uclogsA/MapOTA.log
/var/uclogsA/MapRedBend.log
/var/uclogsA/MapRouteServer.log
/var/uclogsA/NMng.log
/var/uclogsA/QQQDiagApp.log
/var/uclogsA/S2SG.log
/var/uclogsA/SHDW.log
/var/uclogsA/SMAT.log
/var/uclogsA/SysD.log
/var/uclogsA/TSYN.log
/var/uclogsA/VExc.log
/var/uclogsA/VPER.log
/var/uclogsA/VPE_SV.log
/var/uclogsA/VPhm.log
/var/uclogsA/VSom.log
/var/uclogsA/VhFn.log
/var/uclogsA/gwdc.log
/var/uclogsB/1_Current_Logs
/var/uclogsB/ACP3 DM Manager logger.log
/var/uclogsB/ACP3 PassThrough Manager logger.log
/var/uclogsB/ACP3 UCM Manager logger.log
/var/uclogsB/ASUM_CommDiag.log
/var/uclogsB/ASUM_DM_SafetyAgent.log
/var/uclogsB/ASUM_Diag.log
/var/uclogsB/ASec.log
/var/uclogsB/ASpu.log
/var/uclogsB/C2GA.log
/var/uclogsB/CAMD.log
/var/uclogsB/ConD.log
/var/uclogsB/DCUM.log
/var/uclogsB/DLTD.log
/var/uclogsB/DLTR.log
/var/uclogsB/DMSCal.log
/var/uclogsB/DMS_Manager.log
/var/uclogsB/DV.log
/var/uclogsB/DiagNetworkIntegration.log
/var/uclogsB/DiagnosticsCameraDMS.log
/var/uclogsB/DiagnosticsCameraGrillFront.log
/var/uclogsB/DiagnosticsCameraLiftGate.log
/var/uclogsB/DiagnosticsCameraMirrorLeft.log
/var/uclogsB/DiagnosticsCameraMirrorRight.log
/var/uclogsB/DiagnosticsDMSEmitter.log
/var/uclogsB/DiagnosticsSensingXID.log
/var/uclogsB/EM.log
/var/uclogsB/EVNT.log
/var/uclogsB/ISP.log
/var/uclogsB/LogT.log
/var/uclogsB/MLT.log
/var/uclogsB/MOT.log
/var/uclogsB/MapApp.log
/var/uclogsB/MapDataLayer.log
/var/uclogsB/MapOTA.log
/var/uclogsB/MapRedBend.log
/var/uclogsB/MapRouteServer.log
/var/uclogsB/NMng.log
/var/uclogsB/QQQDiagApp.log
/var/uclogsB/S2SG.log
/var/uclogsB/SHDW.log
/var/uclogsB/SMAT.log
/var/uclogsB/SysD.log
/var/uclogsB/TSYN.log
/var/uclogsB/VExc.log
/var/uclogsB/VPER.log
/var/uclogsB/VPE_SV.log
/var/uclogsB/VPhm.log
/var/uclogsB/VSom.log
/var/uclogsB/VhFn.log
/var/uclogsB/gwdc.log
[06/08/2024 14:27:47.205] DEBUG: [qnx_commands.py->run_qnx_command()] Trying to run: "echo | tee  /var/uc_logs/1_Current_Logs /var/uc_logs/2021-06-01_00-00-02_ShmemKiller_790560.txt /var/uc_logs/2021-06-01_00-00-03_CameraDriver_946229.txt /var/uc_logs/2021-06-01_00-00-03_PubSubManager_901172.txt /var/uc_logs/2021-06-01_00-00-03_early_rvc_790569.txt /var/uc_logs/2021-06-01_00-00-06_service_vpe_946237.txt /var/uc_logs/2021-06-01_00-00-07_Acp3S2SGW_1343572.txt /var/uc_logs/2021-06-01_00-00-07_LogTimeSynchronizer_1302613.txt /var/uc_logs/2021-06-01_00-00-11_SNSDiagnosticsCameraDMS_1388632.txt /var/uc_logs/2021-06-01_00-00-11_isp_1388640.txt /var/uc_logs/2021-06-01_00-00-11_mlt_main_acp3_1388638.txt /var/uc_logs/2021-06-01_00-00-11_mot_main_1388636.txt /var/uc_logs/2021-06-01_00-00-11_perception_events_daemon_1388637.txt /var/uc_logs/2021-06-01_00-00-11_shadow_app_main_1388639.txt /var/uc_logs/2021-06-01_00-00-12_detector_rear_short_range_1388635.txt /var/uc_logs/2021-06-01_00-00-13_SNSDiagnosticsDMSEmitter_1388645.txt /var/uc_logs/2021-06-01_00-00-13_SNSDiagnosticsSensingXID_1388631.txt /var/uc_logs/2021-06-01_00-00-14_SNSDiagnosticsCameraGrillFront_1388633.txt /var/uc_logs/2021-06-01_00-00-14_SNSDiagnosticsCameraLiftGate_1388634.txt /var/uc_logs/2021-06-01_00-00-14_SNSDiagnosticsCameraMirrorLeft_1388630.txt /var/uc_logs/2021-06-01_00-00-14_SNSDiagnosticsCameraMirrorRight_1388629.txt /var/uc_logs/2021-06-01_00-00-16_detector_sides_short_range_1470567.txt /var/uc_logs/2021-06-01_00-00-21_detector_front_short_range_1491052.txt /var/uc_logs/2021-06-01_00-00-22_PlatformApiAdapter_1511533.txt /var/uc_logs/2021-06-01_00-00-22_TimeSynchronizer_1511534.txt /var/uc_logs/2021-06-01_00-00-23_DcuManager_1511535.txt /var/uc_logs/2021-06-01_00-00-24_alignCamera2Ground_1511536.txt /var/uc_logsA/2021-06-01_00-00-02_ShmemKiller_790560.txt /var/uc_logsA/2021-06-01_00-00-03_CameraDriver_946229.txt /var/uc_logsA/2021-06-01_00-00-03_PubSubManager_933940.txt /var/uc_logsA/2021-06-01_00-00-03_early_rvc_790568.txt /var/uc_logsA/2021-06-01_00-00-06_service_vpe_946237.txt /var/uc_logsA/2021-06-01_00-00-07_Acp3S2SGW_1343573.txt /var/uc_logsA/2021-06-01_00-00-07_LogTimeSynchronizer_1343572.txt /var/uc_logsA/2021-06-01_00-00-11_SNSDiagnosticsCameraDMS_1351767.txt /var/uc_logsA/2021-06-01_00-00-11_isp_1351775.txt /var/uc_logsA/2021-06-01_00-00-11_mlt_main_acp3_1351773.txt /var/uc_logsA/2021-06-01_00-00-11_mot_main_1351771.txt /var/uc_logsA/2021-06-01_00-00-11_perception_events_daemon_1351772.txt /var/uc_logsA/2021-06-01_00-00-11_shadow_app_main_1351774.txt /var/uc_logsA/2021-06-01_00-00-12_detector_rear_short_range_1351770.txt /var/uc_logsA/2021-06-01_00-00-13_SNSDiagnosticsDMSEmitter_1351780.txt /var/uc_logsA/2021-06-01_00-00-14_SNSDiagnosticsCameraGrillFront_1351768.txt /var/uc_logsA/2021-06-01_00-00-14_SNSDiagnosticsCameraLiftGate_1351769.txt /var/uc_logsA/2021-06-01_00-00-14_SNSDiagnosticsCameraMirrorLeft_1351764.txt /var/uc_logsA/2021-06-01_00-00-14_SNSDiagnosticsCameraMirrorRight_1351706.txt /var/uc_logsA/2021-06-01_00-00-14_SNSDiagnosticsSensingXID_1351766.txt /var/uc_logsA/2021-06-01_00-00-16_detector_sides_short_range_1433702.txt /var/uc_logsA/2021-06-01_00-00-21_detector_front_short_range_1454187.txt /var/uc_logsA/2021-06-01_00-00-22_PlatformApiAdapter_1474668.txt /var/uc_logsA/2021-06-01_00-00-22_TimeSynchronizer_1474669.txt /var/uc_logsA/2021-06-01_00-00-23_DcuManager_1474670.txt /var/uc_logsA/2021-06-01_00-00-23_alignCamera2Ground_1474671.txt /var/uc_logsB/1_Current_Logs /var/uc_logsB/2021-06-01_00-00-02_ShmemKiller_790560.txt /var/uc_logsB/2021-06-01_00-00-03_CameraDriver_946229.txt /var/uc_logsB/2021-06-01_00-00-03_PubSubManager_901172.txt /var/uc_logsB/2021-06-01_00-00-03_early_rvc_790569.txt /var/uc_logsB/2021-06-01_00-00-06_service_vpe_946237.txt /var/uc_logsB/2021-06-01_00-00-07_Acp3S2SGW_1343572.txt /var/uc_logsB/2021-06-01_00-00-07_LogTimeSynchronizer_1302613.txt /var/uc_logsB/2021-06-01_00-00-11_SNSDiagnosticsCameraDMS_1388632.txt /var/uc_logsB/2021-06-01_00-00-11_isp_1388640.txt /var/uc_logsB/2021-06-01_00-00-11_mlt_main_acp3_1388638.txt /var/uc_logsB/2021-06-01_00-00-11_mot_main_1388636.txt /var/uc_logsB/2021-06-01_00-00-11_perception_events_daemon_1388637.txt /var/uc_logsB/2021-06-01_00-00-11_shadow_app_main_1388639.txt /var/uc_logsB/2021-06-01_00-00-12_detector_rear_short_range_1388635.txt /var/uc_logsB/2021-06-01_00-00-13_SNSDiagnosticsDMSEmitter_1388645.txt /var/uc_logsB/2021-06-01_00-00-13_SNSDiagnosticsSensingXID_1388631.txt /var/uc_logsB/2021-06-01_00-00-14_SNSDiagnosticsCameraGrillFront_1388633.txt /var/uc_logsB/2021-06-01_00-00-14_SNSDiagnosticsCameraLiftGate_1388634.txt /var/uc_logsB/2021-06-01_00-00-14_SNSDiagnosticsCameraMirrorLeft_1388630.txt /var/uc_logsB/2021-06-01_00-00-14_SNSDiagnosticsCameraMirrorRight_1388629.txt /var/uc_logsB/2021-06-01_00-00-16_detector_sides_short_range_1470567.txt /var/uc_logsB/2021-06-01_00-00-21_detector_front_short_range_1491052.txt /var/uc_logsB/2021-06-01_00-00-22_PlatformApiAdapter_1511533.txt /var/uc_logsB/2021-06-01_00-00-22_TimeSynchronizer_1511534.txt /var/uc_logsB/2021-06-01_00-00-23_DcuManager_1511535.txt /var/uc_logsB/2021-06-01_00-00-24_alignCamera2Ground_1511536.txt /var/uclogs/1_Current_Logs /var/uclogs/ACP3 DM Manager logger.log /var/uclogs/ACP3 PassThrough Manager logger.log /var/uclogs/ACP3 UCM Manager logger.log /var/uclogs/ASUM_CommDiag.log /var/uclogs/ASUM_DM_SafetyAgent.log /var/uclogs/ASUM_Diag.log /var/uclogs/ASec.log /var/uclogs/ASpu.log /var/uclogs/C2GA.log /var/uclogs/CAMD.log /var/uclogs/ConD.log /var/uclogs/DCUM.log /var/uclogs/DLTD.log /var/uclogs/DLTR.log /var/uclogs/DMSCal.log /var/uclogs/DMS_Manager.log /var/uclogs/DV.log /var/uclogs/DiagNetworkIntegration.log /var/uclogs/DiagnosticsCameraDMS.log /var/uclogs/DiagnosticsCameraGrillFront.log /var/uclogs/DiagnosticsCameraLiftGate.log /var/uclogs/DiagnosticsCameraMirrorLeft.log /var/uclogs/DiagnosticsCameraMirrorRight.log /var/uclogs/DiagnosticsDMSEmitter.log /var/uclogs/DiagnosticsSensingXID.log /var/uclogs/EM.log /var/uclogs/EVNT.log /var/uclogs/ISP.log /var/uclogs/LogT.log /var/uclogs/MLT.log /var/uclogs/MOT.log /var/uclogs/MapApp.log /var/uclogs/MapDataLayer.log /var/uclogs/MapOTA.log /var/uclogs/MapRedBend.log /var/uclogs/MapRouteServer.log /var/uclogs/NMng.log /var/uclogs/QQQDiagApp.log /var/uclogs/S2SG.log /var/uclogs/SHDW.log /var/uclogs/SMAT.log /var/uclogs/SysD.log /var/uclogs/TSYN.log /var/uclogs/VExc.log /var/uclogs/VPER.log /var/uclogs/VPE_SV.log /var/uclogs/VPhm.log /var/uclogs/VSom.log /var/uclogs/VhFn.log /var/uclogs/gwdc.log /var/uclogsA/ACP3 /var/uclogsA/ACP3 DM Manager logger.log /var/uclogsA/ACP3 PassThrough Manager logger.log /var/uclogsA/ACP3 UCM Manager logger.log /var/uclogsA/ASUM_CommDiag.log /var/uclogsA/ASUM_DM_SafetyAgent.log /var/uclogsA/ASUM_Diag.log /var/uclogsA/ASec.log /var/uclogsA/ASpu.log /var/uclogsA/C2GA.log /var/uclogsA/CAMD.log /var/uclogsA/ConD.log /var/uclogsA/DCUM.log /var/uclogsA/DLTD.log /var/uclogsA/DLTR.log /var/uclogsA/DMSCal.log /var/uclogsA/DMS_Manager.log /var/uclogsA/DV.log /var/uclogsA/DiagNetworkIntegration.log /var/uclogsA/DiagnosticsCameraDMS.log /var/uclogsA/DiagnosticsCameraGrillFront.log /var/uclogsA/DiagnosticsCameraLiftGate.log /var/uclogsA/DiagnosticsCameraMirrorLeft.log /var/uclogsA/DiagnosticsCameraMirrorRight.log /var/uclogsA/DiagnosticsDMSEmitter.log /var/uclogsA/DiagnosticsSensingXID.log /var/uclogsA/EM.log /var/uclogsA/EVNT.log /var/uclogsA/ISP.log /var/uclogsA/LogT.log /var/uclogsA/MLT.log /var/uclogsA/MOT.log /var/uclogsA/MapApp.log /var/uclogsA/MapDataLayer.log /var/uclogsA/MapOTA.log /var/uclogsA/MapRedBend.log /var/uclogsA/MapRouteServer.log /var/uclogsA/NMng.log /var/uclogsA/QQQDiagApp.log /var/uclogsA/S2SG.log /var/uclogsA/SHDW.log /var/uclogsA/SMAT.log /var/uclogsA/SysD.log /var/uclogsA/TSYN.log /var/uclogsA/VExc.log /var/uclogsA/VPER.log /var/uclogsA/VPE_SV.log /var/uclogsA/VPhm.log /var/uclogsA/VSom.log /var/uclogsA/VhFn.log /var/uclogsA/gwdc.log /var/uclogsB/1_Current_Logs /var/uclogsB/ACP3 DM Manager logger.log /var/uclogsB/ACP3 PassThrough Manager logger.log /var/uclogsB/ACP3 UCM Manager logger.log /var/uclogsB/ASUM_CommDiag.log /var/uclogsB/ASUM_DM_SafetyAgent.log /var/uclogsB/ASUM_Diag.log /var/uclogsB/ASec.log /var/uclogsB/ASpu.log /var/uclogsB/C2GA.log /var/uclogsB/CAMD.log /var/uclogsB/ConD.log /var/uclogsB/DCUM.log /var/uclogsB/DLTD.log /var/uclogsB/DLTR.log /var/uclogsB/DMSCal.log /var/uclogsB/DMS_Manager.log /var/uclogsB/DV.log /var/uclogsB/DiagNetworkIntegration.log /var/uclogsB/DiagnosticsCameraDMS.log /var/uclogsB/DiagnosticsCameraGrillFront.log /var/uclogsB/DiagnosticsCameraLiftGate.log /var/uclogsB/DiagnosticsCameraMirrorLeft.log /var/uclogsB/DiagnosticsCameraMirrorRight.log /var/uclogsB/DiagnosticsDMSEmitter.log /var/uclogsB/DiagnosticsSensingXID.log /var/uclogsB/EM.log /var/uclogsB/EVNT.log /var/uclogsB/ISP.log /var/uclogsB/LogT.log /var/uclogsB/MLT.log /var/uclogsB/MOT.log /var/uclogsB/MapApp.log /var/uclogsB/MapDataLayer.log /var/uclogsB/MapOTA.log /var/uclogsB/MapRedBend.log /var/uclogsB/MapRouteServer.log /var/uclogsB/NMng.log /var/uclogsB/QQQDiagApp.log /var/uclogsB/S2SG.log /var/uclogsB/SHDW.log /var/uclogsB/SMAT.log /var/uclogsB/SysD.log /var/uclogsB/TSYN.log /var/uclogsB/VExc.log /var/uclogsB/VPER.log /var/uclogsB/VPE_SV.log /var/uclogsB/VPhm.log /var/uclogsB/VSom.log /var/uclogsB/VhFn.log /var/uclogsB/gwdc.log > /dev/null" on ACP3
[06/08/2024 14:27:47.421] DEBUG: [DutLogsHandler.py->clear_uc_logs()] Clear /var/uc_logs*/* /var/uclogs*/* logs files results:
[06/08/2024 14:27:47.434] DEBUG: [qnx_commands.py->run_qnx_command()] Trying to run: "ls /var/log/vpe/*" on ACP3
[06/08/2024 14:27:47.650] DEBUG: [qnx_commands.py->run_qnx_command()] SystemType.ACP3 shell command returned: /var/log/vpe/early_rvc_service.log
/var/log/vpe/early_rvc_service.sh
/var/log/vpe/early_rvc_service_system_info.log
/var/log/vpe/pidin_threads_946237.txt
/var/log/vpe/pidin_threads_None.txt
/var/log/vpe/vpe_service.log
/var/log/vpe/vpe_service.sh
/var/log/vpe/vpe_service_cfg.log
/var/log/vpe/vpe_service_system_info.log
[06/08/2024 14:27:47.656] DEBUG: [qnx_commands.py->run_qnx_command()] Trying to run: "echo > /var/log/vpe/early_rvc_service.log" on ACP3
[06/08/2024 14:27:47.857] DEBUG: [qnx_commands.py->run_qnx_command()] Trying to run: "chown gm_vpervc:gm_vpervc /tmp/vpe_cli.txt && chmod +w /tmp/vpe_cli.txt" on VCU
[06/08/2024 14:27:48.104] DEBUG: [qnx_commands.py->run_qnx_command()] SystemType.VCU shell command returned: chown: No such file or directory (lstat /tmp/vpe_cli.txt)
[06/08/2024 14:27:48.112] DEBUG: [qnx_commands.py->run_qnx_command()] Trying to run: "echo > /var/log/vpe/early_rvc_service_system_info.log" on ACP3
[06/08/2024 14:27:48.260] DEBUG: [qnx_commands.py->run_qnx_command()] Trying to run: "chown gm_vpervc:gm_vpervc /tmp/vpe_cli.txt && chmod +w /tmp/vpe_cli.txt" on VCU
[06/08/2024 14:27:48.677] DEBUG: [qnx_commands.py->run_qnx_command()] SystemType.VCU shell command returned: chown: No such file or directory (lstat /tmp/vpe_cli.txt)
[06/08/2024 14:27:48.681] DEBUG: [qnx_commands.py->run_qnx_command()] Trying to run: "rm /var/log/vpe/pidin_threads_946237.txt" on ACP3
[06/08/2024 14:27:48.790] DEBUG: [qnx_commands.py->run_qnx_command()] Trying to run: "rm /var/log/vpe/pidin_threads_None.txt" on ACP3
[06/08/2024 14:27:49.008] DEBUG: [qnx_commands.py->run_qnx_command()] Trying to run: "echo > /var/log/vpe/vpe_service.log" on ACP3
[06/08/2024 14:27:49.216] DEBUG: [qnx_commands.py->run_qnx_command()] Trying to run: "chown gm_vpervc:gm_vpervc /tmp/vpe_cli.txt && chmod +w /tmp/vpe_cli.txt" on VCU
[06/08/2024 14:27:49.472] DEBUG: [qnx_commands.py->run_qnx_command()] SystemType.VCU shell command returned: chown: No such file or directory (lstat /tmp/vpe_cli.txt)
[06/08/2024 14:27:49.478] DEBUG: [qnx_commands.py->delete_file()] Deleting file [/var/log/vpe/vpe_service_system_info.log] from QNX os on ACP3
[06/08/2024 14:27:49.482] DEBUG: [qnx_commands.py->run_qnx_command()] Trying to run: "rm /var/log/vpe/vpe_service_system_info.log" on ACP3
[06/08/2024 14:27:49.612] DEBUG: [qnx_commands.py->run_qnx_command()] Trying to run: "ls /var/log/vpe/vpe_service_system_info.log" on ACP3
[06/08/2024 14:27:49.821] DEBUG: [qnx_commands.py->run_qnx_command()] SystemType.ACP3 shell command returned: ls: No such file or directory (/var/log/vpe/vpe_service_system_info.log)
[06/08/2024 14:27:49.827] DEBUG: [qnx_commands.py->delete_file()] Failed Deleting file [/var/log/vpe/vpe_service_system_info.log] from QNX os on ACP3
[06/08/2024 14:27:49.831] DEBUG: [qnx_commands.py->run_qnx_command()] Trying to run: "pidin -F "%a %b %N %h %p %J %B" | grep -e "service.rvcvpe"" on VCU
[06/08/2024 14:27:56.753] DEBUG: [qnx_commands.py->run_qnx_command()] SystemType.VCU shell command returned: 53336   1 bin/service.rvcvpe Main                  15r CONDVAR     (0xc4e01c298)
   53336   2 bin/service.rvcvpe 2                     15r CONDVAR     (0xc4d6feac0)
   53336   3 bin/service.rvcvpe HAM Monitor           15r NANOSLEEP
   53336   4 bin/service.rvcvpe VPE Timer             15r CONDVAR     (0xc4df424d4)
   53336   5 bin/service.rvcvpe PMEM tracking RM      10r RECEIVE     3
   53336   6 bin/service.rvcvpe ais_c_evnt_recv_3     10r REPLY       49193
   53336   7 bin/service.rvcvpe ais_c_evnt_cb_3       10r CONDVAR     (0x1747b19a18)
   53336   8 bin/service.rvcvpe c_health              10r NANOSLEEP
   53336   9 bin/service.rvcvpe ais_c_evnt_recv_6     10r REPLY       49193
   53336  10 bin/service.rvcvpe ais_c_evnt_cb_6       10r CONDVAR     (0x1747b1a020)
   53336  11 bin/service.rvcvpe _LIB_CALLBACK_THREAD  10r RECEIVE     6
   53336  12 bin/service.rvcvpe VPMCanBusNotifier     15r CONDVAR     (0xc4d817da0)
   53336  13 bin/service.rvcvpe 13                    63r RECEIVE     2
   53336  14 bin/service.rvcvpe VcuPowerManager       15r DEAD
   53336  15 bin/service.rvcvpe unctionality to SUSD  15r CONDVAR     (0x360c53f1b0)
   53336  16 bin/service.rvcvpe ine Message listener  15r CONDVAR     (0xc4e010570)
   53336  17 bin/service.rvcvpe RVCCameraFault        15r CONDVAR     (0xc4e010228)
   53336  18 bin/service.rvcvpe DiagMngrCamFault      15r CONDVAR     (0xc4e00ff58)
   53336  19 bin/service.rvcvpe cuDiagnosticsManager  15r DEAD
   53336  20 bin/service.rvcvpe fier listener thread  15r CONDVAR     (0xc4e00f798)
   53336  21 bin/service.rvcvpe INPUT_NODE1           15r REPLY       49193
   53336  22 bin/service.rvcvpe 22                    10r RECEIVE     8
   53336  23 bin/service.rvcvpe EGLscrn updater       15r CONDVAR     (0xc4de774a0)
   53336  24 bin/service.rvcvpe RVCHmiInterface       10r CONDVAR     (0xc4d9e3a20)
   53336  25 bin/service.rvcvpe VPE GPIO Device       15r NANOSLEEP
   53336  26 bin/service.rvcvpe rvc-service_cli       15r NANOSLEEP
   53336  27 bin/service.rvcvpe RVCUserPreferences    15r CONDVAR     (0xc4d9d8da8)
   53336  29 bin/service.rvcvpe d_plc_state_listener  15r SIGWAITINFO
[06/08/2024 14:27:56.764] DEBUG: [DebugInfo.py->collect_pidin_info()] pidin info: 53336   1 bin/service.rvcvpe Main                  15r CONDVAR     (0xc4e01c298)
   53336   2 bin/service.rvcvpe 2                     15r CONDVAR     (0xc4d6feac0)
   53336   3 bin/service.rvcvpe HAM Monitor           15r NANOSLEEP
   53336   4 bin/service.rvcvpe VPE Timer             15r CONDVAR     (0xc4df424d4)
   53336   5 bin/service.rvcvpe PMEM tracking RM      10r RECEIVE     3
   53336   6 bin/service.rvcvpe ais_c_evnt_recv_3     10r REPLY       49193
   53336   7 bin/service.rvcvpe ais_c_evnt_cb_3       10r CONDVAR     (0x1747b19a18)
   53336   8 bin/service.rvcvpe c_health              10r NANOSLEEP
   53336   9 bin/service.rvcvpe ais_c_evnt_recv_6     10r REPLY       49193
   53336  10 bin/service.rvcvpe ais_c_evnt_cb_6       10r CONDVAR     (0x1747b1a020)
   53336  11 bin/service.rvcvpe _LIB_CALLBACK_THREAD  10r RECEIVE     6
   53336  12 bin/service.rvcvpe VPMCanBusNotifier     15r CONDVAR     (0xc4d817da0)
   53336  13 bin/service.rvcvpe 13                    63r RECEIVE     2
   53336  14 bin/service.rvcvpe VcuPowerManager       15r DEAD
   53336  15 bin/service.rvcvpe unctionality to SUSD  15r CONDVAR     (0x360c53f1b0)
   53336  16 bin/service.rvcvpe ine Message listener  15r CONDVAR     (0xc4e010570)
   53336  17 bin/service.rvcvpe RVCCameraFault        15r CONDVAR     (0xc4e010228)
   53336  18 bin/service.rvcvpe DiagMngrCamFault      15r CONDVAR     (0xc4e00ff58)
   53336  19 bin/service.rvcvpe cuDiagnosticsManager  15r DEAD
   53336  20 bin/service.rvcvpe fier listener thread  15r CONDVAR     (0xc4e00f798)
   53336  21 bin/service.rvcvpe INPUT_NODE1           15r REPLY       49193
   53336  22 bin/service.rvcvpe 22                    10r RECEIVE     8
   53336  23 bin/service.rvcvpe EGLscrn updater       15r CONDVAR     (0xc4de774a0)
   53336  24 bin/service.rvcvpe RVCHmiInterface       10r CONDVAR     (0xc4d9e3a20)
   53336  25 bin/service.rvcvpe VPE GPIO Device       15r NANOSLEEP
   53336  26 bin/service.rvcvpe rvc-service_cli       15r NANOSLEEP
   53336  27 bin/service.rvcvpe RVCUserPreferences    15r CONDVAR     (0xc4d9d8da8)
   53336  29 bin/service.rvcvpe d_plc_state_listener  15r SIGWAITINFO - stored at D:\projects\vvi-automation\VPM_Automation_Logs\test_cold_boot_park_vcu_m_AVVP171263-30771\iteration_2\Logs + f"\pidin_info.txt"
[06/08/2024 14:27:56.770] DEBUG: [DebugInfo.py->collect_showmem_log()] collect the showmem log file to D:\projects\vvi-automation\VPM_Automation_Logs\test_cold_boot_park_vcu_m_AVVP171263-30771\iteration_2\Logs...
[06/08/2024 14:27:56.777] DEBUG: [qnx_commands.py->run_qnx_command()] Trying to run: "showmem -a > /var/log/showmem.log" on VCU
[06/08/2024 14:28:03.029] DEBUG: [SerialCommands.py->read_console_log()] [serial console] qnx startup complete
[06/08/2024 14:28:04.488] DEBUG: [qnx_commands.py->run_qnx_command()] Trying to run: "pidin -p RtosAppMain -f a | grep -v pid" on VCU
[06/08/2024 14:28:06.871] DEBUG: [qnx_commands.py->run_qnx_command()] SystemType.VCU shell command returned: 1065139
[06/08/2024 14:28:07.825] DEBUG: [qnx_commands.py->run_qnx_command()] Trying to run: "pidin -p service_vpe -f a | grep -v pid" on ACP3
[06/08/2024 14:28:07.936] DEBUG: [qnx_commands.py->run_qnx_command()] SystemType.ACP3 shell command returned: 946237
Setting artifact directory to D:\projects\vvi-automation\VPM_Automation_Logs\test_cold_boot_park_vcu_m_AVVP171263-30771\iteration_2
[06/08/2024 14:28:10.095] DEBUG: [IterationActions.py->check_for_core_dumps_after_iteration()] looking for ANY core dump after iteration..
[06/08/2024 14:28:10.106] DEBUG: [CoreDumpCollector.py->check_for_core_dumps()] Looking for core dumps at /persist/em/coredumpdir/*.core*
[06/08/2024 14:28:10.115] DEBUG: [qnx_commands.py->run_qnx_command()] Trying to run: "ls /persist/em/coredumpdir/*.core*" on VCU
[06/08/2024 14:28:10.471] DEBUG: [qnx_commands.py->run_qnx_command()] SystemType.VCU shell command returned: ls: No such file or directory (/persist/em/coredumpdir/*.core*)
[06/08/2024 14:28:10.475] DEBUG: [CoreDumpCollector.py->check_for_core_dumps()] List of files on /persist/em/coredumpdir/*.core* is: ls: No such file or directory (/persist/em/coredumpdir/*.core*)
[06/08/2024 14:28:10.479] DEBUG: [qnx_commands.py->run_qnx_command()] Trying to run: "ls /persist/em/coredumpdir/*.core*" on VCU
[06/08/2024 14:28:10.949] DEBUG: [qnx_commands.py->run_qnx_command()] SystemType.VCU shell command returned: ls: No such file or directory (/persist/em/coredumpdir/*.core*)
[06/08/2024 14:28:10.960]  FAIL: [LowLevelTest.py->post_iteration_actions()] Iteration 2 Failed.
NoneType: None
[06/08/2024 14:28:10.966]  INFO: [Scenario.py->recover()] Resetting system after failure before next iteration
[06/08/2024 14:28:10.973] DEBUG: [VehicleControllerFullBench.py->reset_system()] Start - Resets Full Bench
[06/08/2024 14:28:10.978] DEBUG: [VehicleControllerFullBench.py->reset_system()] Turn off all ecus - Resets Full Bench
[06/08/2024 14:28:11.173] DEBUG: [SerialCommands.py->read_console_log()] [serial console] [swu]	hwconfig=hwconfig [0x271000500010000 gb row c2 hwtype_mid tuner_mercurydab_merlin ethernet_yes(es_high) sxm_no gnss_yes ram_12 ufs_128]
[06/08/2024 14:28:11.177] DEBUG: [SerialCommands.py->read_console_log()] [serial console] [swu]	moduleid_t::module_id_vip_app=4vb.175.5.21
[06/08/2024 14:28:11.181] DEBUG: [SerialCommands.py->read_console_log()] [serial console] [swu]	moduleid_t::module_id_gnss=1.0
[06/08/2024 14:28:11.189] DEBUG: [SerialCommands.py->read_console_log()] [serial console] [swu]	moduleid_t::module_id_tuner=090710007821
[06/08/2024 14:28:11.193] DEBUG: [SerialCommands.py->read_console_log()] [serial console] [swu]	moduleid_t::module_id_ethernet_switch=v2.07.1001 (2020-05-07) - :fec89c3f
[06/08/2024 14:28:11.204] DEBUG: [SerialCommands.py->read_console_log()] [serial console] [swu]	moduleid_t::module_id_vip_bootloader=rb_main_2024.24.5
[06/08/2024 14:28:11.206] DEBUG: [SerialCommands.py->read_console_log()] [serial console] [swu]	moduleid_t::module_id_vip_hsm=partnumber [85761962.ab]
[06/08/2024 14:28:11.208] DEBUG: [SerialCommands.py->read_console_log()] [serial console] [swu]	display: config=17
[06/08/2024 14:28:11.220] DEBUG: [SerialCommands.py->read_console_log()] [serial console] [swu]	display: 8960 x 1320
[06/08/2024 14:28:11.381] DEBUG: [SerialCommands.py->read_console_log()] [serial console] [swu]	fidminfo [display id=8, sw verion=0x8, hardware version=0x7, hw_pn=partnumber [53784531.aa]]
[06/08/2024 14:28:11.436] DEBUG: [USBRelay.py->set_relay()] Changed channel Start to On successfully
[06/08/2024 14:28:11.525] DEBUG: [SerialCommands.py->read_console_log()] [serial console] [swu]	found potential new firmware for moduleid_t::module_id_gnss: current version=1.0, latest firmware version=4.32
[06/08/2024 14:28:11.542] DEBUG: [SerialCommands.py->read_console_log()] [serial console] [swu]	found potential new firmware for moduleid_t::module_id_ethernet_switch: current version=v2.07.1001 (2020-05-07) - :fec89c3f, latest firmware version=v2.09.1000 (2022-05-20) - :34968d23
[06/08/2024 14:28:11.546] DEBUG: [SerialCommands.py->read_console_log()] [serial console] [swu]
[06/08/2024 14:28:11.553] DEBUG: [SerialCommands.py->read_console_log()] [serial console] *************************************************************************
[06/08/2024 14:28:11.557] DEBUG: [SerialCommands.py->read_console_log()] [serial console] use following steps to update firmwares
[06/08/2024 14:28:11.559] DEBUG: [SerialCommands.py->read_console_log()] [serial console] touch /ota_update/recovery/gm_recovery_update_peripherals
[06/08/2024 14:28:11.561] DEBUG: [SerialCommands.py->read_console_log()] [serial console] swu_bootctrl.out -s mode 2
[06/08/2024 14:28:11.562] DEBUG: [SerialCommands.py->read_console_log()] [serial console] reset
[06/08/2024 14:28:11.572] DEBUG: [SerialCommands.py->read_console_log()] [serial console] after power cycle, vcu will enter recovery mode to update firmwares
[06/08/2024 14:28:11.575] DEBUG: [SerialCommands.py->read_console_log()] [serial console] *************************************************************************
[06/08/2024 14:28:11.576] DEBUG: [SerialCommands.py->read_console_log()] [serial console]
[06/08/2024 14:28:12.401] DEBUG: [USBRelay.py->set_relay()] Changed channel Start to Off successfully
[06/08/2024 14:28:12.859] DEBUG: [USBRelay.py->set_relay()] Changed channel Doors_Ajar to On successfully
[06/08/2024 14:28:13.820] DEBUG: [USBRelay.py->set_relay()] Changed channel Doors_Ajar to Off successfully
[06/08/2024 14:28:13.827] DEBUG: [VehicleControllerFullBench.py->set_system_power_mode_off()]  --- Set the system power mode to off --
[06/08/2024 14:28:13.835]  INFO: [ClientPowerFullBench.py->set_off_mode()] Set to Off mode in full Bench setup
[06/08/2024 14:28:14.296] DEBUG: [USBRelay.py->set_relay()] Changed channel DisplayFreeForm to Off successfully
[06/08/2024 14:28:15.265] DEBUG: [USBRelay.py->set_relay()] Changed channel DisplayRectangle to Off successfully
[06/08/2024 14:28:16.224] DEBUG: [USBRelay.py->set_relay()] Changed channel CGM to Off successfully
[06/08/2024 14:28:17.193] DEBUG: [USBRelay.py->set_relay()] Changed channel TCP to Off successfully
[06/08/2024 14:28:18.152] DEBUG: [USBRelay.py->set_relay()] Changed channel Brake to Off successfully
[06/08/2024 14:28:19.115] DEBUG: [USBRelay.py->set_relay()] Changed channel Brake_2 to Off successfully
[06/08/2024 14:28:20.081] DEBUG: [USBRelay.py->set_relay()] Changed channel Start to Off successfully
[06/08/2024 14:28:21.047] DEBUG: [USBRelay.py->set_relay()] Changed channel Start_2 to Off successfully
[06/08/2024 14:28:22.012] DEBUG: [USBRelay.py->set_relay()] Changed channel Doors_Ajar to Off successfully
[06/08/2024 14:28:22.975] DEBUG: [USBRelay.py->set_relay()] Changed channel BCM to Off successfully
[06/08/2024 14:28:23.941] DEBUG: [USBRelay.py->set_relay()] Changed channel CSM to Off successfully
[06/08/2024 14:28:24.901] DEBUG: [USBRelay.py->set_relay()] Changed channel ACP3 to Off successfully
[06/08/2024 14:28:25.086] DEBUG: [qnx_commands.py->run_qnx_command()] Trying to run: "echo telnet_available" on VCU
[06/08/2024 14:28:25.869] DEBUG: [USBRelay.py->set_relay()] Changed channel Start_3 to Off successfully
[06/08/2024 14:28:26.831] DEBUG: [USBRelay.py->set_relay()] Changed channel Start_4 to Off successfully
[06/08/2024 14:28:27.805] DEBUG: [USBRelay.py->set_relay()] Changed channel Channel_15 to Off successfully
[06/08/2024 14:28:27.913]  WARN: [ping_util.py->ping_thread_method()] VCU TCP Connection Is Down!
[06/08/2024 14:28:28.407]  WARN: [ping_util.py->ping_thread_method()] ACP3 TCP Connection Is Down!
[06/08/2024 14:28:28.773] DEBUG: [USBRelay.py->set_relay()] Changed channel Hardwire_Reverse to Off successfully
[06/08/2024 14:28:29.289] DEBUG: [VSPY_commands.py->stop_vspy_online()] VSPY goes online. Run stop command
[06/08/2024 14:28:32.905]  WARN: [ping_util.py->ping_thread_method()] VCU TCP Connection Is Down!
[06/08/2024 14:28:33.405]  WARN: [ping_util.py->ping_thread_method()] ACP3 TCP Connection Is Down!
[06/08/2024 14:28:36.873] DEBUG: [qnx_commands.py->run_qnx_command()] Trying to run: "pidin -p RtosAppMain -f a | grep -v pid" on VCU
[06/08/2024 14:28:37.904]  WARN: [ping_util.py->ping_thread_method()] VCU TCP Connection Is Down!
[06/08/2024 14:28:37.940] DEBUG: [qnx_commands.py->run_qnx_command()] Trying to run: "pidin -p service_vpe -f a | grep -v pid" on ACP3
[06/08/2024 14:28:37.941] DEBUG: [ssh_command.py->__run_ssh_command_core()] Connection to 172.16.1.246 failed.
[06/08/2024 14:28:37.942] DEBUG: [ssh_command.py->__run_ssh_command_core()] Create new Connection to 172.16.1.246, and retry
[06/08/2024 14:28:38.405]  WARN: [ping_util.py->ping_thread_method()] ACP3 TCP Connection Is Down!
[06/08/2024 14:28:41.945] DEBUG: [VSPY_commands.py->set_vspy_to_go_online()] VSPY goes online. Run start command
[06/08/2024 14:28:42.910]  WARN: [ping_util.py->ping_thread_method()] VCU TCP Connection Is Down!
[06/08/2024 14:28:42.945] DEBUG: [ssh_command.py->__run_ssh_command_core()] Failed to run SSH command on 172.16.1.246 - resetting all SSH connections.
[06/08/2024 14:28:42.952] DEBUG: [ssh_command.py->run_ssh_command()] Caught an exception while running SSH command ". /etc/profile; pidin -p service_vpe -f a | grep -v pid". Retrying attempt 1 of 1
[06/08/2024 14:28:42.958] DEBUG: [testing_logs_utils.py->logged_sleep()] Sleeping for 4 seconds
[06/08/2024 14:28:42.982] DEBUG: [ssh_command.py->__run_ssh_command_core()] Connection to 172.16.4.101 failed.
[06/08/2024 14:28:42.987] DEBUG: [ssh_command.py->__run_ssh_command_core()] Create new Connection to 172.16.4.101, and retry
[06/08/2024 14:28:42.990] DEBUG: [ssh_command.py->__run_ssh_command_core()] Failed to run SSH command on 172.16.4.101 - resetting all SSH connections.
[06/08/2024 14:28:42.992] DEBUG: [ssh_command.py->run_ssh_command()] Caught an exception while running SSH command "echo telnet_available". Retrying attempt 1 of 4
[06/08/2024 14:28:42.994] DEBUG: [testing_logs_utils.py->logged_sleep()] Sleeping for 4 seconds
[06/08/2024 14:28:43.009] DEBUG: [ssh_command.py->__run_ssh_command_core()] Connection to 172.16.4.101 failed.
[06/08/2024 14:28:43.014] DEBUG: [ssh_command.py->__run_ssh_command_core()] Create new Connection to 172.16.4.101, and retry
[06/08/2024 14:28:43.019] DEBUG: [ssh_command.py->__run_ssh_command_core()] Failed to run SSH command on 172.16.4.101 - resetting all SSH connections.
[06/08/2024 14:28:43.023] DEBUG: [ssh_command.py->run_ssh_command()] Caught an exception while running SSH command "pidin -p RtosAppMain -f a | grep -v pid". Retrying attempt 1 of 1
[06/08/2024 14:28:43.026] DEBUG: [testing_logs_utils.py->logged_sleep()] Sleeping for 4 seconds
[06/08/2024 14:28:43.408]  WARN: [ping_util.py->ping_thread_method()] ACP3 TCP Connection Is Down!
[06/08/2024 14:28:46.961] DEBUG: [testing_logs_utils.py->logged_sleep()] Done sleeping
[06/08/2024 14:28:46.965]  WARN: [ssh_command.py->run_ssh_command()] All attempts failed while running SSH command ". /etc/profile; pidin -p service_vpe -f a | grep -v pid" on 172.16.1.246. device is down or unreachable for at least 4 sec.
[06/08/2024 14:28:46.970]  INFO: [vpe_service_monitor.py->get_service_pid()] Failed to find process: service_vpe
[06/08/2024 14:28:46.973] DEBUG: [vpe_service_monitor.py->monitor_pid_change()] VPE PID was 946237 and now is None
[06/08/2024 14:28:46.975] DEBUG: [qnx_commands.py->run_qnx_command()] Trying to run: "pidin threads > /var/log/vpe/pidin_threads_None.txt" on ACP3
[06/08/2024 14:28:46.997] DEBUG: [testing_logs_utils.py->logged_sleep()] Done sleeping
[06/08/2024 14:28:47.029] DEBUG: [testing_logs_utils.py->logged_sleep()] Done sleeping
[06/08/2024 14:28:47.031]  WARN: [ssh_command.py->run_ssh_command()] All attempts failed while running SSH command "pidin -p RtosAppMain -f a | grep -v pid" on 172.16.4.101. device is down or unreachable for at least 4 sec.
[06/08/2024 14:28:47.033] ERROR: [hmi_service_monitor.py->get_service_pid()] Failed to find process: RtosAppMain
NoneType: None
[06/08/2024 14:28:47.035]  WARN: [hmi_service_monitor.py->monitor_pid_change()] HMI PID had Changed from 1065139 to None
[06/08/2024 14:28:47.036]  INFO: [hmi_service_monitor.py->monitor_pid_change()] HMI PID Changed counter: 6
[06/08/2024 14:28:47.912]  WARN: [ping_util.py->ping_thread_method()] VCU TCP Connection Is Down!
[06/08/2024 14:28:48.413]  WARN: [ping_util.py->ping_thread_method()] ACP3 TCP Connection Is Down!
[06/08/2024 14:28:51.979] DEBUG: [ssh_command.py->run_ssh_command()] Caught an exception while running SSH command ". /etc/profile; pidin threads > /var/log/vpe/pidin_threads_None.txt". Retrying attempt 1 of 4
[06/08/2024 14:28:51.986] DEBUG: [testing_logs_utils.py->logged_sleep()] Sleeping for 4 seconds
[06/08/2024 14:28:52.002] DEBUG: [ssh_command.py->run_ssh_command()] Caught an exception while running SSH command "echo telnet_available". Retrying attempt 2 of 4
[06/08/2024 14:28:52.003] DEBUG: [testing_logs_utils.py->logged_sleep()] Sleeping for 4 seconds
[06/08/2024 14:28:52.163] DEBUG: [VSPY_commands.py->check_db_signal_in_current_values()] Actual signal value [Off]. Check DB Signal SysPwrMode_Prtctd_PDU->SPMP_SysPwrModeAuth  with command: [db(db5494).sg(13).value?]
[06/08/2024 14:28:52.176] DEBUG: [VSPY_commands.py->check_db_signal_in_current_values()] Signal value [Off] found in expected values: ['Off']
[06/08/2024 14:28:52.181] DEBUG: [VSPY_commands.py->check_db_signal()] Check DB Signal [PDU_5062->InfoSysStat] matches value: [Sleep] with command: [db(db3324).sg(3).value?]
[06/08/2024 14:28:52.386]  INFO: [ClientPowerFullBench.py->set_power_mode_on()] Set to Run mode in full Bench setup
[06/08/2024 14:28:52.395] DEBUG: [USBRelay.py->full_start_engine()] full_start_engine() MY24 Full start engine. Perform full start engine via USB relay
[06/08/2024 14:28:52.399] DEBUG: [USBRelay.py->set_all_ecus()] set_all_ecus
[06/08/2024 14:28:52.913]  WARN: [ping_util.py->ping_thread_method()] VCU TCP Connection Is Down!
[06/08/2024 14:28:52.958] DEBUG: [USBRelay.py->set_relay()] Changed channel ACP3 to On successfully
[06/08/2024 14:28:53.410]  WARN: [ping_util.py->ping_thread_method()] ACP3 TCP Connection Is Down!
[06/08/2024 14:28:53.529] DEBUG: [USBRelay.py->set_relay()] Changed channel BCM to On successfully
[06/08/2024 14:28:54.097] DEBUG: [USBRelay.py->set_relay()] Changed channel CGM to On successfully
[06/08/2024 14:28:54.659] DEBUG: [USBRelay.py->set_relay()] Changed channel CSM to On successfully
[06/08/2024 14:28:54.981] DEBUG: [SerialCommands.py->read_console_log()] [serial console]
[06/08/2024 14:28:55.118] DEBUG: [USBRelay.py->set_relay()] Changed channel Doors_Ajar to On successfully
[06/08/2024 14:28:55.341] DEBUG: [SerialCommands.py->read_console_log()] [serial console] read_softsku_pt:135 softsku partition not found, continuing with raw sku id
[06/08/2024 14:28:55.348] DEBUG: [SerialCommands.py->read_console_log()] [serial console] cannot initialize softsku, continue with normal sku id
[06/08/2024 14:28:55.452] DEBUG: [SerialCommands.py->read_console_log()] [serial console] swdl_init:549 system banked to "a"
[06/08/2024 14:28:55.454] DEBUG: [SerialCommands.py->read_console_log()] [serial console] crm: qxa.qa.5.0.r12-00019-sa8155p.hyp-1 (built 2024/05/12-09:33:01-pdt)
[06/08/2024 14:28:55.483] DEBUG: [SerialCommands.py->read_console_log()] [serial console] el2 save/restore init (built: nov  8 2021 19:27:17)
[06/08/2024 14:28:55.499] DEBUG: [SerialCommands.py->read_console_log()] [serial console] exiting bootstrap executable el2-save-restore
[06/08/2024 14:28:55.501] DEBUG: [SerialCommands.py->read_console_log()] [serial console] mmflags=219
[06/08/2024 14:28:55.547] DEBUG: [SerialCommands.py->read_console_log()] [serial console] activating ringbuffer @ 0x80224000 size 16352
[06/08/2024 14:28:55.549] DEBUG: [SerialCommands.py->read_console_log()] [serial console] all clockcycles offsets within tolerance
[06/08/2024 14:28:55.563] DEBUG: [SerialCommands.py->read_console_log()] [serial console] no #1262888 wa needed on cpu0
[06/08/2024 14:28:55.565] DEBUG: [SerialCommands.py->read_console_log()] [serial console] no #1262888 wa needed on cpu1
[06/08/2024 14:28:55.567] DEBUG: [SerialCommands.py->read_console_log()] [serial console] no #1262888 wa needed on cpu2
[06/08/2024 14:28:55.568] DEBUG: [SerialCommands.py->read_console_log()] [serial console] no #1262888 wa needed on cpu3
[06/08/2024 14:28:55.579] DEBUG: [SerialCommands.py->read_console_log()] [serial console] #1262888 wa needed on cpu4
[06/08/2024 14:28:55.582] DEBUG: [SerialCommands.py->read_console_log()] [serial console] #1262888 wa needed on cpu5
[06/08/2024 14:28:55.584] DEBUG: [SerialCommands.py->read_console_log()] [serial console] #1262888 wa needed on cpu6
[06/08/2024 14:28:55.586] DEBUG: [SerialCommands.py->read_console_log()] [serial console] #1262888 wa needed on cpu7
[06/08/2024 14:28:55.588] DEBUG: [SerialCommands.py->read_console_log()] [serial console] hypervisor running
[06/08/2024 14:28:55.598] DEBUG: [SerialCommands.py->read_console_log()] [serial console] slog2_api: cannot connect to slogger2 server...errno=no such file or directory
[06/08/2024 14:28:55.821] DEBUG: [SerialCommands.py->read_console_log()] [serial console] # pps_early: notice: pps initializing
[06/08/2024 14:28:55.836] DEBUG: [SerialCommands.py->read_console_log()] [serial console] pps_early: notice: pps attaching /early_pps
[06/08/2024 14:28:55.842] DEBUG: [SerialCommands.py->read_console_log()] [serial console] pps_early: notice: pps attached /early_pps major 2 minor 4
[06/08/2024 14:28:55.853] DEBUG: [SerialCommands.py->read_console_log()] [serial console] ### starting inc tp layer resource manager ###
[06/08/2024 14:28:55.883] DEBUG: [SerialCommands.py->read_console_log()] [serial console] inc-tp: versions: qnx = 12.0, ar = 12.0
[06/08/2024 14:28:55.901] DEBUG: [SerialCommands.py->read_console_log()] [serial console] start parameter-provider
[06/08/2024 14:28:55.931] DEBUG: [SerialCommands.py->read_console_log()] [serial console] inc-tp: inc tp registered with ham successfully
[06/08/2024 14:28:55.981] DEBUG: [SerialCommands.py->read_console_log()] [serial console] qnx.kern.droproot: 0 -> 1
[06/08/2024 14:28:55.992] DEBUG: [testing_logs_utils.py->logged_sleep()] Done sleeping
[06/08/2024 14:28:55.997] DEBUG: [SerialCommands.py->read_console_log()] [serial console] diag_service_launcher : diag_service started
[06/08/2024 14:28:56.005] DEBUG: [testing_logs_utils.py->logged_sleep()] Done sleeping
[06/08/2024 14:28:56.078] DEBUG: [USBRelay.py->set_relay()] Changed channel Doors_Ajar to Off successfully
[06/08/2024 14:28:56.204] DEBUG: [SerialCommands.py->read_console_log()] [serial console] libcp configuration_file_read:264: source configuration path: /etc/system/config/fidm/29dbdc45-e0bb-4f2a-9b04-bbfa5aa4962f/gmvcu-topology-17-graphics.conf
[06/08/2024 14:28:56.212] DEBUG: [SerialCommands.py->read_console_log()] [serial console] libcp configuration_file_read:303: 704 of 704 were read
[06/08/2024 14:28:56.251] DEBUG: [SerialCommands.py->read_console_log()] [serial console] slogger_init successful!
[06/08/2024 14:28:56.431] DEBUG: [SerialCommands.py->read_console_log()] [serial console] warn: ssplash[175]: no image to show, will still power on all displays!
[06/08/2024 14:28:56.437] DEBUG: [SerialCommands.py->read_console_log()] [serial console] warn: ssplash[176]: to show image, please refer "use ssplash"
[06/08/2024 14:28:56.460] DEBUG: [SerialCommands.py->read_console_log()] [serial console] slogger_init successful!
[06/08/2024 14:28:56.508] DEBUG: [SerialCommands.py->read_console_log()] [serial console] [audio-/asclauncher] pvmode configuration: 0
[06/08/2024 14:28:56.510] DEBUG: [SerialCommands.py->read_console_log()] [serial console] audio configuration:1
[06/08/2024 14:28:56.547] DEBUG: [USBRelay.py->set_relay()] Changed channel Brake to On successfully
[06/08/2024 14:28:56.636] DEBUG: [SerialCommands.py->read_console_log()] [serial console] openwfd_server: dropped abilities successfully
[06/08/2024 14:28:56.731] DEBUG: [SerialCommands.py->read_console_log()] [serial console] swdl_init:549 system banked to "a"
[06/08/2024 14:28:56.844] DEBUG: [SerialCommands.py->read_console_log()] [serial console] /var/log/ondevice_logging/diagdiridx: no such file or directory
[06/08/2024 14:28:56.847] DEBUG: [SerialCommands.py->read_console_log()] [serial console] alogfrontend::readenvbeloglevel:invalid env value. fallback to def(debug2)
[06/08/2024 14:28:56.859] DEBUG: [SerialCommands.py->read_console_log()] [serial console] alogfrontend::readenvbeloglevel:invalid env value. fallback to def(debug2)
[06/08/2024 14:28:56.863] DEBUG: [SerialCommands.py->read_console_log()] [serial console] alogfrontend::readenvgloballoglevel:invalid env value. fallback to def(debug2)
[06/08/2024 14:28:56.923] DEBUG: [SerialCommands.py->read_console_log()] [serial console] pps_late: notice: pps initializing
[06/08/2024 14:28:56.925] DEBUG: [SerialCommands.py->read_console_log()] [serial console] /var/log/ondevice_logging/logs.txt: no such file or directory
[06/08/2024 14:28:56.988] DEBUG: [SerialCommands.py->read_console_log()] [serial console] pps_late: warning: /etc/pps_late.cfg:60:gm/hmicluster: acl supercedes mode (was 0644 now 0664)
[06/08/2024 14:28:57.008] DEBUG: [USBRelay.py->set_relay()] Changed channel Start to On successfully
[06/08/2024 14:28:57.020] DEBUG: [SerialCommands.py->read_console_log()] [serial console] loading deva-ctrl-qc version 0.94.0 on [jul  1 2024]...
[06/08/2024 14:28:57.022] DEBUG: [SerialCommands.py->read_console_log()] [serial console] pps_late: notice: pps attaching /pps
[06/08/2024 14:28:57.024] DEBUG: [SerialCommands.py->read_console_log()] [serial console] pps_late: notice: pps attached /pps major 2 minor 14
[06/08/2024 14:28:57.035] DEBUG: [SerialCommands.py->read_console_log()] [serial console] alogfrontend::readenvbeloglevel:invalid env value. fallback to def(debug2)
[06/08/2024 14:28:57.037] DEBUG: [SerialCommands.py->read_console_log()] [serial console] alogfrontend::readenvbeloglevel:invalid env value. fallback to def(debug2)
[06/08/2024 14:28:57.051] DEBUG: [SerialCommands.py->read_console_log()] [serial console] alogfrontend::readenvgloballoglevel:invalid env value. fallback to def(debug2)
[06/08/2024 14:28:57.053] DEBUG: [SerialCommands.py->read_console_log()] [serial console] logger init start
[06/08/2024 14:28:57.055] DEBUG: [SerialCommands.py->read_console_log()] [serial console] with slog: log tag: rvc_service
[06/08/2024 14:28:57.068] DEBUG: [SerialCommands.py->read_console_log()] [serial console] [1970-01-01 00:00:02.306] [cli] [info] <t_1>vpmverinfo: 0.1.0-0000 build from head at 852f57f2 by bgm9hi 2024-07-01t15:33:01
[06/08/2024 14:28:57.083] DEBUG: [SerialCommands.py->read_console_log()] [serial console] [1970-01-01 00:00:02.306] [cli] [info] <t_1>vpmverinfo: 0.1.0-0000 build from head at 852f57f2 by bgm9hi 2024-07-01t15:33:01
[06/08/2024 14:28:57.085] DEBUG: [SerialCommands.py->read_console_log()] [serial console] tdm1_adsp_rx_2ch_logging disabled
[06/08/2024 14:28:57.088] DEBUG: [SerialCommands.py->read_console_log()] [serial console] tdm1_adsp_tx_2ch_logging disabled
[06/08/2024 14:28:57.090] DEBUG: [SerialCommands.py->read_console_log()] [serial console] tdm2_mdsp_rx_8ch_logging disabled
[06/08/2024 14:28:57.093] DEBUG: [SerialCommands.py->read_console_log()] [serial console] tdm2_mdsp_tx_8ch_logging disabled
[06/08/2024 14:28:57.099] DEBUG: [SerialCommands.py->read_console_log()] [serial console] tdm3_mdsp_rx_16ch_logging disabled
[06/08/2024 14:28:57.101] DEBUG: [SerialCommands.py->read_console_log()] [serial console] tdm3_adsp_rx_16ch_logging disabled
[06/08/2024 14:28:57.102] DEBUG: [SerialCommands.py->read_console_log()] [serial console] tdm3_adsp_tx_16ch_logging disabled
[06/08/2024 14:28:57.104] DEBUG: [SerialCommands.py->read_console_log()] [serial console] tdm4_adsp_tx_8ch_logging enabled channel_mask=0xff
[06/08/2024 14:28:57.115] DEBUG: [SerialCommands.py->read_console_log()] [serial console] tdm5_mdsp_rx_16ch_logging disabled
[06/08/2024 14:28:57.117] DEBUG: [SerialCommands.py->read_console_log()] [serial console] tdm5_adsp_tx_16ch_logging disabled
[06/08/2024 14:28:57.119] DEBUG: [SerialCommands.py->read_console_log()] [serial console] tdm5_mdsp_tx_16ch_logging disabled
[06/08/2024 14:28:57.132] DEBUG: [SerialCommands.py->read_console_log()] [serial console] loading deva-ctrl-qc version 0.94.0 on [jul  1 2024]...
[06/08/2024 14:28:57.134] DEBUG: [SerialCommands.py->read_console_log()] [serial console] network_mgr_launcher : soc platform : global
[06/08/2024 14:28:57.137] DEBUG: [SerialCommands.py->read_console_log()] [serial console] network_mgr_launcher : starting network_mgr with global config
[06/08/2024 14:28:57.227] DEBUG: [SerialCommands.py->read_console_log()] [serial console] network-mgr started with config file[s] : /etc/network_base_config_global.json;/etc/network_hyp_config_global.json
[06/08/2024 14:28:57.229] DEBUG: [SerialCommands.py->read_console_log()] [serial console] failed to get configuration file data
[06/08/2024 14:28:57.244] DEBUG: [SerialCommands.py->read_console_log()] [serial console] failed to get configuration file data
[06/08/2024 14:28:57.419] DEBUG: [SerialCommands.py->read_console_log()] [serial console] failed to get configuration file data
[06/08/2024 14:28:57.467] DEBUG: [SerialCommands.py->read_console_log()] [serial console] [    1.900792]~dlt~122980~info     ~socket /tmp/dlt cannot be opened. retrying later...
[06/08/2024 14:28:57.532] DEBUG: [SerialCommands.py->read_console_log()] [serial console] swdl_init:549 system banked to "a"
[06/08/2024 14:28:57.549] DEBUG: [SerialCommands.py->read_console_log()] [serial console] #######################################
[06/08/2024 14:28:57.596] DEBUG: [SerialCommands.py->read_console_log()] [serial console] build_id=rb_main_2024.26.7-11-gd9f049d00a-change_798053_2
[06/08/2024 14:28:57.598] DEBUG: [SerialCommands.py->read_console_log()] [serial console] rc_build_id=
[06/08/2024 14:28:57.612] DEBUG: [SerialCommands.py->read_console_log()] [serial console] domain_build_id=multi-aegean_orange-android_user-qnx_user-secboot_false-8155-rb_main_2024.26.7-11-gd9f049d00a-change_798053_2
[06/08/2024 14:28:57.614] DEBUG: [SerialCommands.py->read_console_log()] [serial console] build_timestamp=2024-07-01 12:49:51 +0000
[06/08/2024 14:28:57.617] DEBUG: [SerialCommands.py->read_console_log()] [serial console] manifests_revision=d9f049d00a2bda5f0e2324e4cc966958c5128c5a
[06/08/2024 14:28:57.627] DEBUG: [SerialCommands.py->read_console_log()] [serial console] manifest_file=manifest.xml
[06/08/2024 14:28:57.630] DEBUG: [SerialCommands.py->read_console_log()] [serial console] target_product=aegean_orange
[06/08/2024 14:28:57.632] DEBUG: [SerialCommands.py->read_console_log()] [serial console] target_build_variant=user
[06/08/2024 14:28:57.634] DEBUG: [SerialCommands.py->read_console_log()] [serial console] qnx_target_build_variant=user
[06/08/2024 14:28:57.636] DEBUG: [SerialCommands.py->read_console_log()] [serial console] secure_boot=false
[06/08/2024 14:28:57.639] DEBUG: [SerialCommands.py->read_console_log()] [serial console] generate_fullota_board=null
[06/08/2024 14:28:57.643] DEBUG: [SerialCommands.py->read_console_log()] [serial console] patac_build_number=null
[06/08/2024 14:28:57.646] DEBUG: [SerialCommands.py->read_console_log()] [serial console] qc_distribution=postcs17_0.0.029.1
[06/08/2024 14:28:57.649] DEBUG: [SerialCommands.py->read_console_log()] [serial console] qc_product=snapdragon_auto.hqx.3.1.4.1
[06/08/2024 14:28:57.652] DEBUG: [SerialCommands.py->read_console_log()] [serial console] qc_releasenote=rno-240528105307
[06/08/2024 14:28:57.655] DEBUG: [SerialCommands.py->read_console_log()] [serial console] qnx_plist=exp_gen3_patchset_hqx3_1_4_1_bosch_20230217
[06/08/2024 14:28:57.659] DEBUG: [SerialCommands.py->read_console_log()] [serial console] qxn_plist_hash=b92452c5d69022a6663901f1cdb14f3de68967f4
[06/08/2024 14:28:57.662] DEBUG: [SerialCommands.py->read_console_log()] [serial console] gm.build=sqbm-632
[06/08/2024 14:28:57.664] DEBUG: [SerialCommands.py->read_console_log()] [serial console] gm.ssw.build.id=sqbm-632
[06/08/2024 14:28:57.666] DEBUG: [SerialCommands.py->read_console_log()] [serial console] gm.product=orange
[06/08/2024 14:28:57.668] DEBUG: [SerialCommands.py->read_console_log()] [serial console] gm.platform=gb
[06/08/2024 14:28:57.669] DEBUG: [SerialCommands.py->read_console_log()] [serial console] gm.hwtype=mid
[06/08/2024 14:28:57.671] DEBUG: [SerialCommands.py->read_console_log()] [serial console] gm.security=development
[06/08/2024 14:28:57.675] DEBUG: [SerialCommands.py->read_console_log()] [serial console] gm.gas=1
[06/08/2024 14:28:57.678] DEBUG: [SerialCommands.py->read_console_log()] [serial console] gm.baseline=# integrated bosch release version. rb_main_2024.24.7 qc_distribution=postcs17_0.0.029.1
[06/08/2024 14:28:57.680] DEBUG: [SerialCommands.py->read_console_log()] [serial console] slmlauncher : hw_vehicle_platform_global
[06/08/2024 14:28:57.691] DEBUG: [SerialCommands.py->read_console_log()] [serial console] slmlauncher : starting slm with slm.xml
[06/08/2024 14:28:57.693] DEBUG: [SerialCommands.py->read_console_log()] [serial console] startup complete
[06/08/2024 14:28:57.696] DEBUG: [SerialCommands.py->read_console_log()] [serial console] [    2.130794]~dlt~139377~info     ~socket /tmp/dlt cannot be opened. retrying later...
[06/08/2024 14:28:57.902] DEBUG: [SerialCommands.py->read_console_log()] [serial console] service is up and running, and ready to receive commands. use echo "help" > /tmp/vpe_cli.txt
[06/08/2024 14:28:57.911]  WARN: [ping_util.py->ping_thread_method()] VCU TCP Connection Is Down!
[06/08/2024 14:28:58.155] DEBUG: [SerialCommands.py->read_console_log()] [serial console] path=0 -
[06/08/2024 14:28:58.157] DEBUG: [SerialCommands.py->read_console_log()] [serial console] target=0 lun=0     direct-access(0) - ram  rev:
[06/08/2024 14:28:58.379] DEBUG: [SerialCommands.py->read_console_log()] [serial console] [    2.821793]~dlt~262268~info     ~socket /tmp/dlt cannot be opened. retrying later...
[06/08/2024 14:28:58.412]  WARN: [ping_util.py->ping_thread_method()] ACP3 TCP Connection Is Down!
[06/08/2024 14:28:58.571] DEBUG: [SerialCommands.py->read_console_log()] [serial console] passed in uclientidx=5
[06/08/2024 14:28:58.587] DEBUG: [SerialCommands.py->read_console_log()] [serial console] wfd_be: dropped abilities successfully
[06/08/2024 14:28:58.590] DEBUG: [SerialCommands.py->read_console_log()] [serial console] swdl_init:549 system banked to "a"
[06/08/2024 14:28:58.732] DEBUG: [SerialCommands.py->read_console_log()] [serial console] pf enabled
[06/08/2024 14:28:58.859] DEBUG: [SerialCommands.py->read_console_log()] [serial console] [ramp][hmic] slog2 info success
[06/08/2024 14:28:58.877] DEBUG: [SerialCommands.py->read_console_log()] [serial console] alogfrontend::readenvbeloglevel:invalid env value. fallback to def(debug2)
[06/08/2024 14:28:58.884] DEBUG: [SerialCommands.py->read_console_log()] [serial console] alogfrontend::readenvbeloglevel:invalid env value. fallback to def(debug2)
[06/08/2024 14:28:58.891] DEBUG: [SerialCommands.py->read_console_log()] [serial console] alogfrontend::readenvgloballoglevel:invalid env value. fallback to def(debug2)
[06/08/2024 14:28:59.373] DEBUG: [SerialCommands.py->read_console_log()] [serial console] register_for_ssr_events ++
[06/08/2024 14:28:59.404] DEBUG: [SerialCommands.py->read_console_log()] [serial console] [linux-la-mid.config:160] vinput: external window position: [5010,0]
[06/08/2024 14:28:59.468] DEBUG: [USBRelay.py->set_relay()] Changed channel Start to Off successfully
[06/08/2024 14:28:59.516] DEBUG: [SerialCommands.py->read_console_log()] [serial console] alogfrontend::readenvbeloglevel:invalid env value. fallback to def(debug2)
[06/08/2024 14:28:59.531] DEBUG: [SerialCommands.py->read_console_log()] [serial console] alogfrontend::readenvbeloglevel:invalid env value. fallback to def(debug2)
[06/08/2024 14:28:59.533] DEBUG: [SerialCommands.py->read_console_log()] [serial console] alogfrontend::readenvgloballoglevel:invalid env value. fallback to def(debug2)
[06/08/2024 14:28:59.547] DEBUG: [SerialCommands.py->read_console_log()] [serial console] alogfrontend::readenvbeloglevel:invalid env value. fallback to def(debug2)
[06/08/2024 14:28:59.550] DEBUG: [SerialCommands.py->read_console_log()] [serial console] alogfrontend::readenvbeloglevel:invalid env value. fallback to def(debug2)
[06/08/2024 14:28:59.553] DEBUG: [SerialCommands.py->read_console_log()] [serial console] alogfrontend::readenvgloballoglevel:invalid env value. fallback to def(debug2)
[06/08/2024 14:28:59.565] DEBUG: [SerialCommands.py->read_console_log()] [serial console] analyzer not enabled. touch /etc/enable_analyzer and reset device to enable analyzer debugging
[06/08/2024 14:28:59.580] DEBUG: [SerialCommands.py->read_console_log()] [serial console] analyzer external not enabled. touch /etc/enable_analyzer_external and reset device to enable analyzer external debugging
[06/08/2024 14:28:59.584] DEBUG: [SerialCommands.py->read_console_log()] [serial console] resource-monitor started with config file[s] : /etc/memoryconfig.cfg
[06/08/2024 14:28:59.707] DEBUG: [SerialCommands.py->read_console_log()] [serial console] qqnxscreen::qqnxscreen : v 5.12.3.1
[06/08/2024 14:28:59.724] DEBUG: [SerialCommands.py->read_console_log()] [serial console] qstandardpaths: error creating runtime directory /dev/shmem/runtime-gm_hmicluster: no such file or directory
[06/08/2024 14:28:59.740] DEBUG: [SerialCommands.py->read_console_log()] [serial console] fontconfig error: cannot load default config file
[06/08/2024 14:28:59.926] DEBUG: [USBRelay.py->set_relay()] Changed channel Brake to Off successfully
[06/08/2024 14:28:59.936] DEBUG: [VSPY_commands.py->check_db_signal_in_current_values()] Actual signal value [Run]. Check DB Signal SysPwrMode_Prtctd_PDU->SPMP_SysPwrModeAuth  with command: [db(db5494).sg(13).value?]
[06/08/2024 14:28:59.943] DEBUG: [VSPY_commands.py->check_db_signal_in_current_values()] Signal value [Run] found in expected values: ['Run', 'Propulsion']
[06/08/2024 14:28:59.948] DEBUG: [SerialCommands.py->read_console_log()] [serial console] swdl_init:549 system banked to "a"
[06/08/2024 14:28:59.950] DEBUG: [VSPY_commands.py->check_db_signal_in_current_values()] Actual signal value [AnimationInit]. Check DB Signal PDU_5062->InfoSysStat  with command: [db(db3324).sg(3).value?]
[06/08/2024 14:29:00.284] DEBUG: [SerialCommands.py->read_console_log()] [serial console] swdl_init:549 system banked to "a"
[06/08/2024 14:29:00.332] DEBUG: [SerialCommands.py->read_console_log()] [serial console] [swu]	update_engine: boot mode=normal_mode, vip mode=vip_app_mode
[06/08/2024 14:29:00.411] DEBUG: [SerialCommands.py->read_console_log()] [serial console] slm: component 'enable_adb' (pid 372887) terminated unexpectedly
[06/08/2024 14:29:00.476] DEBUG: [SerialCommands.py->read_console_log()] [serial console] [    4.915883]~dlt~483499~info     ~socket /tmp/dlt cannot be opened. retrying later...
[06/08/2024 14:29:00.493] DEBUG: [SerialCommands.py->read_console_log()] [serial console] slm: component 'cpu_gpu_dcvs_disable' (pid 528552) terminated unexpectedly
[06/08/2024 14:29:00.495] DEBUG: [SerialCommands.py->read_console_log()] [serial console] swdl_init:549 system banked to "a"
[06/08/2024 14:29:00.507] DEBUG: [SerialCommands.py->read_console_log()] [serial console] swdl_init:549 system banked to "a"
[06/08/2024 14:29:00.523] DEBUG: [SerialCommands.py->read_console_log()] [serial console] lcm_inc_dispatcher system state, current:1, previous:0
[06/08/2024 14:29:00.525] DEBUG: [SerialCommands.py->read_console_log()] [serial console] plc state changed from 1 to 2
[06/08/2024 14:29:00.539] DEBUG: [SerialCommands.py->read_console_log()] [serial console] lcm_inc_dispatcher system state, current:susd_sys_state_animinit
[06/08/2024 14:29:00.636] DEBUG: [SerialCommands.py->read_console_log()] [serial console] [tid=4]invoke_setrunmask:830 setmask no more -1
[06/08/2024 14:29:00.827] DEBUG: [SerialCommands.py->read_console_log()] [serial console] alogfrontend::readenvbeloglevel:invalid env value. fallback to def(debug2)
[06/08/2024 14:29:00.830] DEBUG: [SerialCommands.py->read_console_log()] [serial console] alogfrontend::readenvbeloglevel:invalid env value. fallback to def(debug2)
[06/08/2024 14:29:00.843] DEBUG: [SerialCommands.py->read_console_log()] [serial console] alogfrontend::readenvgloballoglevel:invalid env value. fallback to def(debug2)
[06/08/2024 14:29:00.892] DEBUG: [SerialCommands.py->read_console_log()] [serial console] [    5.331883]~dlt~716834~info     ~socket /tmp/dlt cannot be opened. retrying later...
[06/08/2024 14:29:00.939] DEBUG: [SerialCommands.py->read_console_log()] [serial console] [    5.374550]~dlt~708630~info     ~socket /tmp/dlt cannot be opened. retrying later...
[06/08/2024 14:29:00.995] DEBUG: [ssh_command.py->run_ssh_command()] Caught an exception while running SSH command ". /etc/profile; pidin threads > /var/log/vpe/pidin_threads_None.txt". Retrying attempt 2 of 4
[06/08/2024 14:29:00.996] DEBUG: [testing_logs_utils.py->logged_sleep()] Sleeping for 4 seconds
[06/08/2024 14:29:01.011] DEBUG: [ssh_command.py->run_ssh_command()] Caught an exception while running SSH command "echo telnet_available". Retrying attempt 3 of 4
[06/08/2024 14:29:01.012] DEBUG: [testing_logs_utils.py->logged_sleep()] Sleeping for 4 seconds
[06/08/2024 14:29:01.068] DEBUG: [SerialCommands.py->read_console_log()] [serial console] [    5.509216]~dlt~737348~info     ~socket /tmp/dlt cannot be opened. retrying later...
[06/08/2024 14:29:01.213] DEBUG: [SerialCommands.py->read_console_log()] [serial console] [    5.648897]~dlt~139377~notice   ~logging (re-)enabled!
[06/08/2024 14:29:01.231] DEBUG: [SerialCommands.py->read_console_log()] [serial console] [    5.668785]~dlt~806994~info     ~socket /tmp/dlt cannot be opened. retrying later...
[06/08/2024 14:29:01.390] DEBUG: [SerialCommands.py->read_console_log()] [serial console] [    5.834549]~dlt~716834~notice   ~logging (re-)enabled!
[06/08/2024 14:29:01.438] DEBUG: [SerialCommands.py->read_console_log()] [serial console] [    5.877216]~dlt~708630~notice   ~logging (re-)enabled!
[06/08/2024 14:29:01.484] DEBUG: [SerialCommands.py->read_console_log()] [serial console] [    5.919563]~dlt~483499~notice   ~logging (re-)enabled!
[06/08/2024 14:29:01.487] DEBUG: [SerialCommands.py->read_console_log()] [serial console] send injection message:
[06/08/2024 14:29:01.490] DEBUG: [SerialCommands.py->read_console_log()] [serial console] appid: qsym
[06/08/2024 14:29:01.492] DEBUG: [SerialCommands.py->read_console_log()] [serial console] conid: qsyc
[06/08/2024 14:29:01.495] DEBUG: [SerialCommands.py->read_console_log()] [serial console] serviceid: 4096
[06/08/2024 14:29:01.497] DEBUG: [SerialCommands.py->read_console_log()] [serial console] message: 01
[06/08/2024 14:29:01.499] DEBUG: [SerialCommands.py->read_console_log()] [serial console] [    5.921217]~dlt~122980~notice   ~logging (re-)enabled!
[06/08/2024 14:29:01.515] DEBUG: [SerialCommands.py->read_console_log()] [serial console] swdl_init:549 system banked to "a"
[06/08/2024 14:29:01.563] DEBUG: [SerialCommands.py->read_console_log()] [serial console] [    6.010788]~dlt~737348~notice   ~logging (re-)enabled!
[06/08/2024 14:29:01.724] DEBUG: [SerialCommands.py->read_console_log()] [serial console] [    6.171883]~dlt~806994~notice   ~logging (re-)enabled!
[06/08/2024 14:29:01.757] DEBUG: [SerialCommands.py->read_console_log()] [serial console] remote hmi - version 1.53.1
[06/08/2024 14:29:01.899] DEBUG: [SerialCommands.py->read_console_log()] [serial console] [    6.342550]~dlt~262268~notice   ~logging (re-)enabled!
[06/08/2024 14:29:01.959] DEBUG: [VSPY_commands.py->check_db_signal_in_current_values()] Actual signal value [Run]. Check DB Signal SysPwrMode_Prtctd_PDU->SPMP_SysPwrModeAuth  with command: [db(db5494).sg(13).value?]
[06/08/2024 14:29:01.973] DEBUG: [VSPY_commands.py->check_db_signal_in_current_values()] Signal value [Run] found in expected values: ['Run', 'Propulsion']
[06/08/2024 14:29:01.987] DEBUG: [VSPY_commands.py->check_db_signal_in_current_values()] Actual signal value [AnimationInit]. Check DB Signal PDU_5062->InfoSysStat  with command: [db(db3324).sg(3).value?]
[06/08/2024 14:29:02.078] DEBUG: [SerialCommands.py->read_console_log()] [serial console] urlparser, failed to open file as read only "./data/ff2/gmxml/rhmi_asset_to_skin_mappings.gmxml"
[06/08/2024 14:29:02.172] DEBUG: [SerialCommands.py->read_console_log()] [serial console] alogfrontend::readenvbeloglevel:invalid env value. fallback to def(debug2)
[06/08/2024 14:29:02.174] DEBUG: [SerialCommands.py->read_console_log()] [serial console] alogfrontend::readenvbeloglevel:invalid env value. fallback to def(debug2)
[06/08/2024 14:29:02.188] DEBUG: [SerialCommands.py->read_console_log()] [serial console] alogfrontend::readenvgloballoglevel:invalid env value. fallback to def(debug2)
[06/08/2024 14:29:02.219] DEBUG: [SerialCommands.py->read_console_log()] [serial console] [altia dbg] time to initialize opengl - 469
[06/08/2024 14:29:02.431] DEBUG: [SerialCommands.py->read_console_log()] [serial console] loading strings "./data/assets/strings/values-en-rus/strings.xml"
[06/08/2024 14:29:02.558] DEBUG: [SerialCommands.py->read_console_log()] [serial console] [ramp][rtosappmain] slog2 info success
[06/08/2024 14:29:02.939] DEBUG: [SerialCommands.py->read_console_log()] [serial console] remote hmi - version 1.53.1
[06/08/2024 14:29:03.052] DEBUG: [SerialCommands.py->read_console_log()] [serial console] alogfrontend::readenvbeloglevel:invalid env value. fallback to def(debug2)
[06/08/2024 14:29:03.055] DEBUG: [SerialCommands.py->read_console_log()] [serial console] alogfrontend::readenvbeloglevel:invalid env value. fallback to def(debug2)
[06/08/2024 14:29:03.068] DEBUG: [SerialCommands.py->read_console_log()] [serial console] alogfrontend::readenvgloballoglevel:invalid env value. fallback to def(debug2)
[06/08/2024 14:29:03.403] DEBUG: [SerialCommands.py->read_console_log()] [serial console] [altia dbg] time to initialize opengl - 452
[06/08/2024 14:29:03.564] DEBUG: [SerialCommands.py->read_console_log()] [serial console] exception - infinite loop of null transitions found
[06/08/2024 14:29:03.567] DEBUG: [SerialCommands.py->read_console_log()] [serial console] underflow in omreactive less then 0 null configs
[06/08/2024 14:29:03.571] DEBUG: [SerialCommands.py->read_console_log()] [serial console] exception - infinite loop of null transitions found
[06/08/2024 14:29:03.596] DEBUG: [SerialCommands.py->read_console_log()] [serial console] swdl_init:549 system banked to "a"
[06/08/2024 14:29:03.628] DEBUG: [SerialCommands.py->read_console_log()] [serial console] [hvac_lib_logger_init] entering hvac_lib_logger_init
[06/08/2024 14:29:03.631] DEBUG: [SerialCommands.py->read_console_log()] [serial console] [hvac_lib_logger_init] flag checked
[06/08/2024 14:29:03.643] DEBUG: [SerialCommands.py->read_console_log()] [serial console] error: attempted to show invalid screen | dragselectionactivatescreen()
[06/08/2024 14:29:03.659] DEBUG: [SerialCommands.py->read_console_log()] [serial console] error: attempted to show invalid screen | dragselectionactivatescreen()
[06/08/2024 14:29:03.663] DEBUG: [SerialCommands.py->read_console_log()] [serial console] error: attempted to show invalid screen | dragselectionactivatescreen()
[06/08/2024 14:29:03.665] DEBUG: [SerialCommands.py->read_console_log()] [serial console] error: attempted to show invalid screen | dragselectionactivatescreen()
[06/08/2024 14:29:03.676] DEBUG: [SerialCommands.py->read_console_log()] [serial console] error: attempted to show invalid screen | dragselectionactivatescreen()
[06/08/2024 14:29:03.678] DEBUG: [SerialCommands.py->read_console_log()] [serial console] error: attempted to show invalid screen | dragselectionactivatescreen()
[06/08/2024 14:29:03.691] DEBUG: [SerialCommands.py->read_console_log()] [serial console] error: attempted to show invalid screen | dragselectionactivatescreen()
[06/08/2024 14:29:03.693] DEBUG: [SerialCommands.py->read_console_log()] [serial console] error: attempted to show invalid screen | dragselectionactivatescreen()
[06/08/2024 14:29:03.803] DEBUG: [SerialCommands.py->read_console_log()] [serial console] /dev/pmem/service.rvcvpe: operation not permitted
[06/08/2024 14:29:03.916] DEBUG: [SerialCommands.py->read_console_log()] [serial console] swdl_init:549 system banked to "a"
[06/08/2024 14:29:03.995] DEBUG: [VSPY_commands.py->check_db_signal_in_current_values()] Actual signal value [Run]. Check DB Signal SysPwrMode_Prtctd_PDU->SPMP_SysPwrModeAuth  with command: [db(db5494).sg(13).value?]
[06/08/2024 14:29:04.003] DEBUG: [VSPY_commands.py->check_db_signal_in_current_values()] Signal value [Run] found in expected values: ['Run', 'Propulsion']
[06/08/2024 14:29:04.018] DEBUG: [VSPY_commands.py->check_db_signal_in_current_values()] Actual signal value [AnimationInit]. Check DB Signal PDU_5062->InfoSysStat  with command: [db(db3324).sg(3).value?]
[06/08/2024 14:29:04.139] DEBUG: [SerialCommands.py->read_console_log()] [serial console] send injection message:
[06/08/2024 14:29:04.141] DEBUG: [SerialCommands.py->read_console_log()] [serial console] appid: dlt_
[06/08/2024 14:29:04.142] DEBUG: [SerialCommands.py->read_console_log()] [serial console] conid: core
[06/08/2024 14:29:04.144] DEBUG: [SerialCommands.py->read_console_log()] [serial console] serviceid: 4104
[06/08/2024 14:29:04.149] DEBUG: [SerialCommands.py->read_console_log()] [serial console] message: f1
[06/08/2024 14:29:04.153] DEBUG: [SerialCommands.py->read_console_log()] [serial console] size: 1
[06/08/2024 14:29:04.998] DEBUG: [testing_logs_utils.py->logged_sleep()] Done sleeping
[06/08/2024 14:29:05.014] DEBUG: [testing_logs_utils.py->logged_sleep()] Done sleeping
[06/08/2024 14:29:05.309] DEBUG: [SerialCommands.py->read_console_log()] [serial console] qqnxscreen::newwindowcreated : windowhandle =  0x2132e53aa0
[06/08/2024 14:29:05.313] DEBUG: [SerialCommands.py->read_console_log()] [serial console] qqnxscreen::newwindowcreated : zorder =  -2
[06/08/2024 14:29:05.325] DEBUG: [SerialCommands.py->read_console_log()] [serial console] qqnxscreen::newwindowcreated : windowname =  "qvm_window"
[06/08/2024 14:29:05.332] DEBUG: [SerialCommands.py->read_console_log()] [serial console] qqnxscreen::updatehierarchy:  m_customzorder =   0
[06/08/2024 14:29:05.341] DEBUG: [SerialCommands.py->read_console_log()] [serial console] qqnxscreen::updatehierarchy for underlay :  0x2132e53aa0 z-order =  -1
[06/08/2024 14:29:05.347] DEBUG: [SerialCommands.py->read_console_log()] [serial console] lcm_inc_dispatcher system state, current:2, previous:1
[06/08/2024 14:29:05.350] DEBUG: [SerialCommands.py->read_console_log()] [serial console] vilcm_inc_dispatcher system state, current:susd_sys_state_hmiinit
[06/08/2024 14:29:05.355] DEBUG: [SerialCommands.py->read_console_log()] [serial console] nput: window position has been updated to: [5010,0]
[06/08/2024 14:29:05.357] DEBUG: [SerialCommands.py->read_console_log()] [serial console] vinput: window position has been updated to: [5010,0]
[06/08/2024 14:29:05.436] DEBUG: [ssh_command.py->__run_ssh_command_core()] New Connection has been created to 172.16.1.246
[06/08/2024 14:29:05.451] DEBUG: [SerialCommands.py->read_console_log()] [serial console] error: attempted to show invalid screen | dragselectionactivatescreen()
[06/08/2024 14:29:05.453] DEBUG: [SerialCommands.py->read_console_log()] [serial console] error: attempted to show invalid screen | dragselectionactivatescreen()
[06/08/2024 14:29:05.740] DEBUG: [SerialCommands.py->read_console_log()] [serial console] error: attempted to show invalid screen | dragselectionactivatescreen()
[06/08/2024 14:29:05.745] DEBUG: [SerialCommands.py->read_console_log()] [serial console] error: attempted to show invalid screen | dragselectionactivatescreen()
[06/08/2024 14:29:05.751] DEBUG: [SerialCommands.py->read_console_log()] [serial console] error: attempted to show invalid screen | dragselectionactivatescreen()
[06/08/2024 14:29:05.755] DEBUG: [SerialCommands.py->read_console_log()] [serial console] error: attempted to show invalid screen | dragselectionactivatescreen()
[06/08/2024 14:29:05.758] DEBUG: [SerialCommands.py->read_console_log()] [serial console] error: attempted to show invalid screen | dragselectionactivatescreen()
[06/08/2024 14:29:05.771] DEBUG: [SerialCommands.py->read_console_log()] [serial console] error: attempted to show invalid screen | dragselectionactivatescreen()
[06/08/2024 14:29:05.775] DEBUG: [SerialCommands.py->read_console_log()] [serial console] error: attempted to show invalid screen | dragselectionactivatescreen()
[06/08/2024 14:29:05.780] DEBUG: [SerialCommands.py->read_console_log()] [serial console] error: attempted to show invalid screen | dragselectionactivatescreen()
[06/08/2024 14:29:05.788] DEBUG: [SerialCommands.py->read_console_log()] [serial console] error: attempted to show invalid screen | dragselectionactivatescreen()
[06/08/2024 14:29:05.792] DEBUG: [SerialCommands.py->read_console_log()] [serial console] error: attempted to show invalid screen | dragselectionactivatescreen()
[06/08/2024 14:29:05.803] DEBUG: [SerialCommands.py->read_console_log()] [serial console] error: attempted to show invalid screen | dragselectionactivatescreen()
[06/08/2024 14:29:05.805] DEBUG: [SerialCommands.py->read_console_log()] [serial console] error: attempted to show invalid screen | dragselectionactivatescreen()
[06/08/2024 14:29:05.819] DEBUG: [SerialCommands.py->read_console_log()] [serial console] error: attempted to show invalid screen | dragselectionactivatescreen()
[06/08/2024 14:29:05.821] DEBUG: [SerialCommands.py->read_console_log()] [serial console] error: attempted to show invalid screen | dragselectionactivatescreen()
[06/08/2024 14:29:05.824] DEBUG: [SerialCommands.py->read_console_log()] [serial console] error: attempted to show invalid screen | dragselectionactivatescreen()
[06/08/2024 14:29:05.835] DEBUG: [SerialCommands.py->read_console_log()] [serial console] error: attempted to show invalid screen | dragselectionactivatescreen()
[06/08/2024 14:29:05.839] DEBUG: [SerialCommands.py->read_console_log()] [serial console] error: attempted to show invalid screen | dragselectionactivatescreen()
[06/08/2024 14:29:05.851] DEBUG: [SerialCommands.py->read_console_log()] [serial console] error: attempted to show invalid screen | dragselectionactivatescreen()
[06/08/2024 14:29:05.935] DEBUG: [ssh_command.py->__run_ssh_command_core()] New Connection has been created to 172.16.4.101
[06/08/2024 14:29:06.014] DEBUG: [SerialCommands.py->read_console_log()] [serial console] error: attempted to show invalid screen | dragselectionactivatescreen()
[06/08/2024 14:29:06.018] DEBUG: [SerialCommands.py->read_console_log()] [serial console] error: attempted to show invalid screen | dragselectionactivatescreen()
[06/08/2024 14:29:06.028] DEBUG: [SerialCommands.py->read_console_log()] [serial console] error: attempted to show invalid screen | dragselectionactivatescreen()
[06/08/2024 14:29:06.032] DEBUG: [SerialCommands.py->read_console_log()] [serial console] error: attempted to show invalid screen | dragselectionactivatescreen()
[06/08/2024 14:29:06.043] DEBUG: [SerialCommands.py->read_console_log()] [serial console] error: attempted to show invalid screen | dragselectionactivatescreen()
[06/08/2024 14:29:06.040] DEBUG: [VSPY_commands.py->check_db_signal_in_current_values()] Actual signal value [Run]. Check DB Signal SysPwrMode_Prtctd_PDU->SPMP_SysPwrModeAuth  with command: [db(db5494).sg(13).value?]
[06/08/2024 14:29:06.047] DEBUG: [SerialCommands.py->read_console_log()] [serial console] error: attempted to show invalid screen | dragselectionactivatescreen()
[06/08/2024 14:29:06.048] DEBUG: [VSPY_commands.py->check_db_signal_in_current_values()] Signal value [Run] found in expected values: ['Run', 'Propulsion']
[06/08/2024 14:29:06.055] DEBUG: [VSPY_commands.py->check_db_signal_in_current_values()] Actual signal value [HMI_Init]. Check DB Signal PDU_5062->InfoSysStat  with command: [db(db3324).sg(3).value?]
[06/08/2024 14:29:06.215] DEBUG: [qnx_commands.py->run_qnx_command()] SystemType.VCU shell command returned: telnet_available
[06/08/2024 14:29:06.216]  INFO: [qnx_commands.py->check_qnx_available()] QNX connection [VCU] is Available.
[06/08/2024 14:29:06.217]  INFO: [dlt_ongoing_collector.py->__fetch_logs()] fetching new dlt logs
[06/08/2024 14:29:06.219] DEBUG: [qnx_commands.py->run_qnx_command()] Trying to run: "ls /var/log/dlt_raw | grep .dlt" on VCU
[06/08/2024 14:29:06.235] DEBUG: [SerialCommands.py->read_console_log()] [serial console] alogfrontend::readenvbeloglevel:invalid env value. fallback to def(debug2)
[06/08/2024 14:29:06.251] DEBUG: [SerialCommands.py->read_console_log()] [serial console] alogfrontend::readenvbeloglevel:invalid env value. fallback to def(debug2)
[06/08/2024 14:29:06.253] DEBUG: [SerialCommands.py->read_console_log()] [serial console] alogfrontend::readenvgloballoglevel:invalid env value. fallback to def(debug2)
[06/08/2024 14:29:06.284] DEBUG: [SerialCommands.py->read_console_log()] [serial console] lcm_inc_dispatcher system state, current:5, previous:2
[06/08/2024 14:29:06.299] DEBUG: [SerialCommands.py->read_console_log()] [serial console] lcm_inc_dispatcher system state, current:susd_sys_state_run
[06/08/2024 14:29:06.736] DEBUG: [qnx_commands.py->run_qnx_command()] SystemType.VCU shell command returned: Audio.250.dlt
CriticalSoc.190.dlt
Soc.086.dlt
Soc.087.dlt
Vip.131.dlt
parse_dlt.sh
[06/08/2024 14:29:06.739]  INFO: [dlt_ongoing_collector.py->backup_ongoing_dlt_logs_thread()] About to backup: [{'Soc.086.dlt'}]
[06/08/2024 14:29:08.067] DEBUG: [VSPY_commands.py->check_db_signal_in_current_values()] Actual signal value [Run]. Check DB Signal SysPwrMode_Prtctd_PDU->SPMP_SysPwrModeAuth  with command: [db(db5494).sg(13).value?]
[06/08/2024 14:29:08.082] DEBUG: [VSPY_commands.py->check_db_signal_in_current_values()] Signal value [Run] found in expected values: ['Run', 'Propulsion']
[06/08/2024 14:29:08.096] DEBUG: [VSPY_commands.py->check_db_signal_in_current_values()] Actual signal value [Run]. Check DB Signal PDU_5062->InfoSysStat  with command: [db(db3324).sg(3).value?]
[06/08/2024 14:29:08.109]  INFO: [dlt_ongoing_collector.py->_backup_dlt_files()] finished backup: [Soc.086.dlt]
[06/08/2024 14:29:08.106] DEBUG: [VSPY_commands.py->check_db_signal_in_current_values()] Signal value [Run] found in expected values: ['Run', 'Propulsion']
[06/08/2024 14:29:08.113] DEBUG: [Utils.py->run_action_multiple_times()] Run action name: is_system_in_run_or_propulsion_mode({'self': <Utils.Test_Equipment.VehicleManagerController.VehicleControllerFullBench.VehicleControllerFullBench object at 0x000001CC48897E90>}). Number of retries : 5 .Total time of [10] seconds.
[06/08/2024 14:29:08.117] DEBUG: [VehicleControllerFullBench.py->reset_system()] End - Resets Full Bench.Return value True
[06/08/2024 14:29:08.121]  INFO: [LowLevelTest.py->get_and_print_progress_report()] -------------------Cold Boot Test Progress Report-------------------
[06/08/2024 14:29:08.125]  INFO: [LowLevelTest.py->get_and_print_progress_report()]
Executed iterations: 2
Passed iterations: 0
Failed iterations: 2
Did Not Run: -2

Setting artifact directory to D:\projects\vvi-automation\VPM_Automation_Logs\test_cold_boot_park_vcu_m_AVVP171263-30771
[06/08/2024 14:29:08.128]  INFO: [LowLevelTest.py->init_iteration()] Starting Iteration 3 of 5
Setting artifact directory to D:\projects\vvi-automation\VPM_Automation_Logs\test_cold_boot_park_vcu_m_AVVP171263-30771\iteration_3
Setting artifact directory to D:\projects\vvi-automation\VPM_Automation_Logs\test_cold_boot_park_vcu_m_AVVP171263-30771\iteration_3\expected_views
[06/08/2024 14:29:08.145]  INFO: [ColdBootVcum.py->perform_iteration()] Changing gear to Park at the start of the test
[06/08/2024 14:29:08.153]  INFO: [VSPY_commands.py->send_function_block()] Sending function block for [PARK] via VSPY
[06/08/2024 14:29:08.159] DEBUG: [VSPY_commands.py->get_function_block()] Get function block for [PARK].Command value is [fb(tst0).start]
[06/08/2024 14:29:08.366] DEBUG: [VSPY_commands.py->check_db_signal()] Check DB Signal [SrlDat6_Prtctd_PDU->VMMP_VehMtnMvmtStatAuth] matches value: [Parked] with command: [db(db5466).sg(8).value?]
[06/08/2024 14:29:08.574] DEBUG: [testing_logs_utils.py->logged_sleep()] Sleeping for 3 seconds
[06/08/2024 14:29:08.619] DEBUG: [SerialCommands.py->read_console_log()] [serial console] swdl_init:549 system banked to "a"
[06/08/2024 14:29:11.578] DEBUG: [testing_logs_utils.py->logged_sleep()] Done sleeping
[06/08/2024 14:29:11.587] DEBUG: [CoreDumpEvent.py->is_set()] Check if VPE core dump in process
[06/08/2024 14:29:11.595] DEBUG: [hmi_verify.py->generate_qnx_screenshot_command()] Creating QNX screenshot command
[06/08/2024 14:29:11.601] DEBUG: [hmi_verify.py->qnx_screenshot()] Taking QNX screenshot
[06/08/2024 14:29:11.605] DEBUG: [qnx_commands.py->run_qnx_command()] Trying to run: "rm /var/data//screenshot.bmp" on VCU
[06/08/2024 14:29:11.848] DEBUG: [qnx_commands.py->run_qnx_command()] Trying to run: "screenshot -size=2000x1200 -pos=6230,1 -file=/var/data//screenshot.bmp -display=1" on VCU
[06/08/2024 14:29:11.931] DEBUG: [SerialCommands.py->read_console_log()] [serial console] [   16.369784]~dlt~483499~info     ~control message forwarded : dlt_service_id_set_all_log_level
[06/08/2024 14:29:11.946] DEBUG: [SerialCommands.py->read_console_log()] [serial console] [   16.369784]~dlt~483499~info     ~control message forwarded : dlt_service_id_store_config
[06/08/2024 14:29:16.650] DEBUG: [hmi_verify.py->_copy_screenshot_from_dut()] Copied screenshot from DUT path: /var/data//screenshot.bmp to Host path: D:\projects\vvi-automation\VPM_Automation_Logs\test_cold_boot_park_vcu_m_AVVP171263-30771\iteration_3\expected_views\screenshot.bmp
[06/08/2024 14:29:16.655] DEBUG: [hmi_verify.py->_rename_screenshot()] Trying to rename screenshot
[06/08/2024 14:29:16.674] DEBUG: [hmi_verify.py->_convert_screenshot()] Trying to convert D:\projects\vvi-automation\VPM_Automation_Logs\test_cold_boot_park_vcu_m_AVVP171263-30771\iteration_3\expected_views\expected_android_after_park.bmp to png
[06/08/2024 14:29:17.039] DEBUG: [qnx_commands.py->run_qnx_command()] Trying to run: "pidin -p RtosAppMain -f a | grep -v pid" on VCU
[06/08/2024 14:29:17.472] DEBUG: [qnx_commands.py->run_qnx_command()] SystemType.VCU shell command returned: 1056947
[06/08/2024 14:29:17.475]  WARN: [hmi_service_monitor.py->monitor_pid_change()] HMI PID had Changed from None to 1056947
[06/08/2024 14:29:17.478]  INFO: [hmi_service_monitor.py->monitor_pid_change()] HMI PID Changed counter: 7
[06/08/2024 14:29:18.042] DEBUG: [hmi_verify.py->_convert_screenshot()] Converted D:\projects\vvi-automation\VPM_Automation_Logs\test_cold_boot_park_vcu_m_AVVP171263-30771\iteration_3\expected_views\expected_android_after_park.bmp to D:\projects\vvi-automation\VPM_Automation_Logs\test_cold_boot_park_vcu_m_AVVP171263-30771\iteration_3\expected_views\expected_android_after_park.png
[06/08/2024 14:29:18.047] DEBUG: [hmi_verify.py->_rename_screenshot()] Copied screenshot from D:\projects\vvi-automation\VPM_Automation_Logs\test_cold_boot_park_vcu_m_AVVP171263-30771\iteration_3\expected_views\screenshot.bmp to D:\projects\vvi-automation\VPM_Automation_Logs\test_cold_boot_park_vcu_m_AVVP171263-30771\iteration_3\expected_views\expected_android_after_park.png
[06/08/2024 14:29:18.344]  INFO: [hmi_verify.py->validate_no_green_in_image()]
[06/08/2024 14:29:18.348]  INFO: [web_cam_util.py->start()] Video Capture started
[06/08/2024 14:29:18.348]  INFO: [ColdBootVcum.py->perform_iteration()] Initiating cold boot Procedure
[06/08/2024 14:29:18.354]  INFO: [ClientPowerFullBench.py->set_off_mode()] Set to Off mode in full Bench setup
[06/08/2024 14:29:18.811] DEBUG: [USBRelay.py->set_relay()] Changed channel DisplayFreeForm to Off successfully
[06/08/2024 14:29:19.779] DEBUG: [USBRelay.py->set_relay()] Changed channel DisplayRectangle to Off successfully
[06/08/2024 14:29:20.742] DEBUG: [USBRelay.py->set_relay()] Changed channel CGM to Off successfully
[06/08/2024 14:29:21.711] DEBUG: [USBRelay.py->set_relay()] Changed channel TCP to Off successfully
[06/08/2024 14:29:22.671] DEBUG: [USBRelay.py->set_relay()] Changed channel Brake to Off successfully
[06/08/2024 14:29:23.639] DEBUG: [USBRelay.py->set_relay()] Changed channel Brake_2 to Off successfully
[06/08/2024 14:29:24.598] DEBUG: [USBRelay.py->set_relay()] Changed channel Start to Off successfully
[06/08/2024 14:29:25.566] DEBUG: [USBRelay.py->set_relay()] Changed channel Start_2 to Off successfully
[06/08/2024 14:29:26.525] DEBUG: [USBRelay.py->set_relay()] Changed channel Doors_Ajar to Off successfully
[06/08/2024 14:29:27.338] DEBUG: [SerialCommands.py->read_console_log()] [serial console] underflow in omreactive less then 0 null configs
[06/08/2024 14:29:27.340] DEBUG: [SerialCommands.py->read_console_log()] [serial console] exception - infinite loop of null transitions found
[06/08/2024 14:29:27.353] DEBUG: [SerialCommands.py->read_console_log()] [serial console] plc state changed from 2 to 4
[06/08/2024 14:29:27.491] DEBUG: [USBRelay.py->set_relay()] Changed channel BCM to Off successfully
[06/08/2024 14:29:28.459] DEBUG: [USBRelay.py->set_relay()] Changed channel CSM to Off successfully
[06/08/2024 14:29:29.424] DEBUG: [USBRelay.py->set_relay()] Changed channel ACP3 to Off successfully
[06/08/2024 14:29:30.383] DEBUG: [USBRelay.py->set_relay()] Changed channel Start_3 to Off successfully
[06/08/2024 14:29:31.342] DEBUG: [USBRelay.py->set_relay()] Changed channel Start_4 to Off successfully
[06/08/2024 14:29:32.305] DEBUG: [USBRelay.py->set_relay()] Changed channel Channel_15 to Off successfully
[06/08/2024 14:29:33.274] DEBUG: [USBRelay.py->set_relay()] Changed channel Hardwire_Reverse to Off successfully
[06/08/2024 14:29:33.779]  INFO: [ClientPowerFullBench.py->set_power_mode_on()] Set to Run mode in full Bench setup
[06/08/2024 14:29:33.792] DEBUG: [USBRelay.py->full_start_engine()] full_start_engine() MY24 Full start engine. Perform full start engine via USB relay
[06/08/2024 14:29:33.805] DEBUG: [USBRelay.py->set_all_ecus()] set_all_ecus
[06/08/2024 14:29:34.374] DEBUG: [USBRelay.py->set_relay()] Changed channel ACP3 to On successfully
[06/08/2024 14:29:34.944] DEBUG: [USBRelay.py->set_relay()] Changed channel BCM to On successfully
[06/08/2024 14:29:35.516] DEBUG: [USBRelay.py->set_relay()] Changed channel CGM to On successfully
[06/08/2024 14:29:36.081] DEBUG: [USBRelay.py->set_relay()] Changed channel CSM to On successfully
[06/08/2024 14:29:36.210] DEBUG: [qnx_commands.py->run_qnx_command()] Trying to run: "pidin -p service_vpe -f a | grep -v pid" on ACP3
[06/08/2024 14:29:36.212] DEBUG: [ssh_command.py->__run_ssh_command_core()] Connection to 172.16.1.246 failed.
[06/08/2024 14:29:36.214] DEBUG: [ssh_command.py->__run_ssh_command_core()] Create new Connection to 172.16.1.246, and retry
[06/08/2024 14:29:36.403] DEBUG: [SerialCommands.py->read_console_log()] [serial console]
[06/08/2024 14:29:36.549] DEBUG: [USBRelay.py->set_relay()] Changed channel Doors_Ajar to On successfully
[06/08/2024 14:29:36.713] DEBUG: [SerialCommands.py->read_console_log()] [serial console] read_softsku_pt:135 softsku partition not found, continuing with raw sku id
[06/08/2024 14:29:36.715] DEBUG: [SerialCommands.py->read_console_log()] [serial console] cannot initialize softsku, continue with normal sku id
[06/08/2024 14:29:36.826] DEBUG: [SerialCommands.py->read_console_log()] [serial console] swdl_init:549 system banked to "a"
[06/08/2024 14:29:36.840] DEBUG: [SerialCommands.py->read_console_log()] [serial console] crm: qxa.qa.5.0.r12-00019-sa8155p.hyp-1 (built 2024/05/12-09:33:01-pdt)
[06/08/2024 14:29:36.872] DEBUG: [SerialCommands.py->read_console_log()] [serial console] el2 save/restore init (built: nov  8 2021 19:27:17)
[06/08/2024 14:29:36.874] DEBUG: [SerialCommands.py->read_console_log()] [serial console] exiting bootstrap executable el2-save-restore
[06/08/2024 14:29:36.876] DEBUG: [SerialCommands.py->read_console_log()] [serial console] mmflags=219
[06/08/2024 14:29:36.920] DEBUG: [SerialCommands.py->read_console_log()] [serial console] activating ringbuffer @ 0x80224000 size 16352
[06/08/2024 14:29:36.938] DEBUG: [SerialCommands.py->read_console_log()] [serial console] all clockcycles offsets within tolerance
[06/08/2024 14:29:36.943] DEBUG: [SerialCommands.py->read_console_log()] [serial console] no #1262888 wa needed on cpu0
[06/08/2024 14:29:36.945] DEBUG: [SerialCommands.py->read_console_log()] [serial console] no #1262888 wa needed on cpu1
[06/08/2024 14:29:36.952] DEBUG: [SerialCommands.py->read_console_log()] [serial console] no #1262888 wa needed on cpu2
[06/08/2024 14:29:36.955] DEBUG: [SerialCommands.py->read_console_log()] [serial console] no #1262888 wa needed on cpu3
[06/08/2024 14:29:36.957] DEBUG: [SerialCommands.py->read_console_log()] [serial console] #1262888 wa needed on cpu4
[06/08/2024 14:29:36.959] DEBUG: [SerialCommands.py->read_console_log()] [serial console] #1262888 wa needed on cpu5
[06/08/2024 14:29:36.962] DEBUG: [SerialCommands.py->read_console_log()] [serial console] #1262888 wa needed on cpu6
[06/08/2024 14:29:36.968] DEBUG: [SerialCommands.py->read_console_log()] [serial console] #1262888 wa needed on cpu7
[06/08/2024 14:29:36.970] DEBUG: [SerialCommands.py->read_console_log()] [serial console] hypervisor running
[06/08/2024 14:29:36.984] DEBUG: [SerialCommands.py->read_console_log()] [serial console] slog2_api: cannot connect to slogger2 server...errno=no such file or directory
[06/08/2024 14:29:37.209] DEBUG: [SerialCommands.py->read_console_log()] [serial console] # pps_early: notice: pps initializing
[06/08/2024 14:29:37.215] DEBUG: [SerialCommands.py->read_console_log()] [serial console] pps_early: notice: pps attaching /early_pps
[06/08/2024 14:29:37.224] DEBUG: [SerialCommands.py->read_console_log()] [serial console] pps_early: notice: pps attached /early_pps major 2 minor 4
[06/08/2024 14:29:37.256] DEBUG: [SerialCommands.py->read_console_log()] [serial console] ### starting inc tp layer resource manager ###
[06/08/2024 14:29:37.288] DEBUG: [SerialCommands.py->read_console_log()] [serial console] inc-tp: versions: qnx = 12.0, ar = 12.0
[06/08/2024 14:29:37.305] DEBUG: [SerialCommands.py->read_console_log()] [serial console] start parameter-provider
[06/08/2024 14:29:37.337] DEBUG: [SerialCommands.py->read_console_log()] [serial console] inc-tp: inc tp registered with ham successfully
[06/08/2024 14:29:37.384] DEBUG: [SerialCommands.py->read_console_log()] [serial console] qnx.kern.droproot: 0 -> 1
[06/08/2024 14:29:37.386] DEBUG: [SerialCommands.py->read_console_log()] [serial console] diag_service_launcher : diag_service started
[06/08/2024 14:29:37.518] DEBUG: [USBRelay.py->set_relay()] Changed channel Doors_Ajar to Off successfully
[06/08/2024 14:29:37.592] DEBUG: [SerialCommands.py->read_console_log()] [serial console] libcp configuration_file_read:264: source configuration path: /etc/system/config/fidm/29dbdc45-e0bb-4f2a-9b04-bbfa5aa4962f/gmvcu-topology-17-graphics.conf
[06/08/2024 14:29:37.594] DEBUG: [SerialCommands.py->read_console_log()] [serial console] libcp configuration_file_read:303: 704 of 704 were read
[06/08/2024 14:29:37.640] DEBUG: [SerialCommands.py->read_console_log()] [serial console] slogger_init successful!
[06/08/2024 14:29:37.817] DEBUG: [SerialCommands.py->read_console_log()] [serial console] warn: ssplash[175]: no image to show, will still power on all displays!
[06/08/2024 14:29:37.832] DEBUG: [SerialCommands.py->read_console_log()] [serial console] warn: ssplash[176]: to show image, please refer "use ssplash"
[06/08/2024 14:29:37.848] DEBUG: [SerialCommands.py->read_console_log()] [serial console] slogger_init successful!
[06/08/2024 14:29:37.896] DEBUG: [SerialCommands.py->read_console_log()] [serial console] [audio-/asclauncher] pvmode configuration: 0
[06/08/2024 14:29:37.898] DEBUG: [SerialCommands.py->read_console_log()] [serial console] audio configuration:1
[06/08/2024 14:29:37.986] DEBUG: [USBRelay.py->set_relay()] Changed channel Brake to On successfully
[06/08/2024 14:29:38.009] DEBUG: [SerialCommands.py->read_console_log()] [serial console] openwfd_server: dropped abilities successfully
[06/08/2024 14:29:38.121] DEBUG: [SerialCommands.py->read_console_log()] [serial console] swdl_init:549 system banked to "a"
[06/08/2024 14:29:38.218] DEBUG: [SerialCommands.py->read_console_log()] [serial console] /var/log/ondevice_logging/diagdiridx: no such file or directory
[06/08/2024 14:29:38.235] DEBUG: [SerialCommands.py->read_console_log()] [serial console] alogfrontend::readenvbeloglevel:invalid env value. fallback to def(debug2)
[06/08/2024 14:29:38.242] DEBUG: [SerialCommands.py->read_console_log()] [serial console] alogfrontend::readenvbeloglevel:invalid env value. fallback to def(debug2)
[06/08/2024 14:29:38.248] DEBUG: [SerialCommands.py->read_console_log()] [serial console] alogfrontend::readenvgloballoglevel:invalid env value. fallback to def(debug2)
[06/08/2024 14:29:38.298] DEBUG: [SerialCommands.py->read_console_log()] [serial console] pps_late: notice: pps initializing
[06/08/2024 14:29:38.314] DEBUG: [SerialCommands.py->read_console_log()] [serial console] /var/log/ondevice_logging/logs.txt: no such file or directory
[06/08/2024 14:29:38.363] DEBUG: [SerialCommands.py->read_console_log()] [serial console] pps_late: warning: /etc/pps_late.cfg:60:gm/hmicluster: acl supercedes mode (was 0644 now 0664)
[06/08/2024 14:29:38.366] DEBUG: [SerialCommands.py->read_console_log()] [serial console] pps_late: notice: pps attaching /pps
[06/08/2024 14:29:38.376] DEBUG: [SerialCommands.py->read_console_log()] [serial console] pps_late: notice: pps attached /pps major 2 minor 14
[06/08/2024 14:29:38.393] DEBUG: [SerialCommands.py->read_console_log()] [serial console] alogfrontend::readenvbeloglevel:invalid env value. fallback to def(debug2)
[06/08/2024 14:29:38.396] DEBUG: [SerialCommands.py->read_console_log()] [serial console] alogfrontend::readenvbeloglevel:invalid env value. fallback to def(debug2)
[06/08/2024 14:29:38.408] DEBUG: [SerialCommands.py->read_console_log()] [serial console] alogfrontend::readenvgloballoglevel:invalid env value. fallback to def(debug2)
[06/08/2024 14:29:38.424] DEBUG: [SerialCommands.py->read_console_log()] [serial console] logger init start
[06/08/2024 14:29:38.426] DEBUG: [SerialCommands.py->read_console_log()] [serial console] with slog: log tag: rvc_service
[06/08/2024 14:29:38.441] DEBUG: [SerialCommands.py->read_console_log()] [serial console] [1970-01-01 00:00:02.273] [cli] [info] <t_1>vpmverinfo: 0.1.0-0000 build from head at 852f57f2 by bgm9hi 2024-07-01t15:33:01
[06/08/2024 14:29:38.444] DEBUG: [SerialCommands.py->read_console_log()] [serial console] [1970-01-01 00:00:02.273] [cli] [info] <t_1>vpmverinfo: 0.1.0-0000 build from head at 852f57f2 by bgm9hi 2024-07-01t15:33:01
[06/08/2024 14:29:38.444] DEBUG: [USBRelay.py->set_relay()] Changed channel Start to On successfully
[06/08/2024 14:29:38.456] DEBUG: [SerialCommands.py->read_console_log()] [serial console] loading deva-ctrl-qc version 0.94.0 on [jul  1 2024]...
[06/08/2024 14:29:38.458] DEBUG: [SerialCommands.py->read_console_log()] [serial console] tdm1_adsp_rx_2ch_logging disabled
[06/08/2024 14:29:38.472] DEBUG: [SerialCommands.py->read_console_log()] [serial console] tdm1_adsp_tx_2ch_logging disabled
[06/08/2024 14:29:38.474] DEBUG: [SerialCommands.py->read_console_log()] [serial console] tdm2_mdsp_rx_8ch_logging disabled
[06/08/2024 14:29:38.475] DEBUG: [SerialCommands.py->read_console_log()] [serial console] tdm2_mdsp_tx_8ch_logging disabled
[06/08/2024 14:29:38.477] DEBUG: [SerialCommands.py->read_console_log()] [serial console] tdm3_mdsp_rx_16ch_logging disabled
[06/08/2024 14:29:38.488] DEBUG: [SerialCommands.py->read_console_log()] [serial console] tdm3_adsp_rx_16ch_logging disabled
[06/08/2024 14:29:38.490] DEBUG: [SerialCommands.py->read_console_log()] [serial console] tdm3_adsp_tx_16ch_logging disabled
[06/08/2024 14:29:38.491] DEBUG: [SerialCommands.py->read_console_log()] [serial console] tdm4_adsp_tx_8ch_logging enabled channel_mask=0xff
[06/08/2024 14:29:38.493] DEBUG: [SerialCommands.py->read_console_log()] [serial console] tdm5_mdsp_rx_16ch_logging disabled
[06/08/2024 14:29:38.504] DEBUG: [SerialCommands.py->read_console_log()] [serial console] tdm5_adsp_tx_16ch_logging disabled
[06/08/2024 14:29:38.506] DEBUG: [SerialCommands.py->read_console_log()] [serial console] tdm5_mdsp_tx_16ch_logging disabled
[06/08/2024 14:29:38.507] DEBUG: [SerialCommands.py->read_console_log()] [serial console] loading deva-ctrl-qc version 0.94.0 on [jul  1 2024]...
[06/08/2024 14:29:38.520] DEBUG: [SerialCommands.py->read_console_log()] [serial console] network_mgr_launcher : soc platform : global
[06/08/2024 14:29:38.522] DEBUG: [SerialCommands.py->read_console_log()] [serial console] network_mgr_launcher : starting network_mgr with global config
[06/08/2024 14:29:38.616] DEBUG: [SerialCommands.py->read_console_log()] [serial console] network-mgr started with config file[s] : /etc/network_base_config_global.json;/etc/network_hyp_config_global.json
[06/08/2024 14:29:38.618] DEBUG: [SerialCommands.py->read_console_log()] [serial console] failed to get configuration file data
[06/08/2024 14:29:38.619] DEBUG: [SerialCommands.py->read_console_log()] [serial console] failed to get configuration file data
[06/08/2024 14:29:38.808] DEBUG: [SerialCommands.py->read_console_log()] [serial console] failed to get configuration file data
[06/08/2024 14:29:38.856] DEBUG: [SerialCommands.py->read_console_log()] [serial console] [    1.912558]~dlt~122979~info     ~socket /tmp/dlt cannot be opened. retrying later...
[06/08/2024 14:29:38.936] DEBUG: [SerialCommands.py->read_console_log()] [serial console] swdl_init:549 system banked to "a"
[06/08/2024 14:29:38.953] DEBUG: [SerialCommands.py->read_console_log()] [serial console] #######################################
[06/08/2024 14:29:38.984] DEBUG: [SerialCommands.py->read_console_log()] [serial console] build_id=rb_main_2024.26.7-11-gd9f049d00a-change_798053_2
[06/08/2024 14:29:38.986] DEBUG: [SerialCommands.py->read_console_log()] [serial console] rc_build_id=
[06/08/2024 14:29:39.001] DEBUG: [SerialCommands.py->read_console_log()] [serial console] domain_build_id=multi-aegean_orange-android_user-qnx_user-secboot_false-8155-rb_main_2024.26.7-11-gd9f049d00a-change_798053_2
[06/08/2024 14:29:39.003] DEBUG: [SerialCommands.py->read_console_log()] [serial console] build_timestamp=2024-07-01 12:49:51 +0000
[06/08/2024 14:29:39.016] DEBUG: [SerialCommands.py->read_console_log()] [serial console] manifests_revision=d9f049d00a2bda5f0e2324e4cc966958c5128c5a
[06/08/2024 14:29:39.018] DEBUG: [SerialCommands.py->read_console_log()] [serial console] manifest_file=manifest.xml
[06/08/2024 14:29:39.020] DEBUG: [SerialCommands.py->read_console_log()] [serial console] target_product=aegean_orange
[06/08/2024 14:29:39.021] DEBUG: [SerialCommands.py->read_console_log()] [serial console] target_build_variant=user
[06/08/2024 14:29:39.023] DEBUG: [SerialCommands.py->read_console_log()] [serial console] qnx_target_build_variant=user
[06/08/2024 14:29:39.032] DEBUG: [SerialCommands.py->read_console_log()] [serial console] secure_boot=false
[06/08/2024 14:29:39.033] DEBUG: [SerialCommands.py->read_console_log()] [serial console] generate_fullota_board=null
[06/08/2024 14:29:39.035] DEBUG: [SerialCommands.py->read_console_log()] [serial console] patac_build_number=null
[06/08/2024 14:29:39.037] DEBUG: [SerialCommands.py->read_console_log()] [serial console] qc_distribution=postcs17_0.0.029.1
[06/08/2024 14:29:39.038] DEBUG: [SerialCommands.py->read_console_log()] [serial console] qc_product=snapdragon_auto.hqx.3.1.4.1
[06/08/2024 14:29:39.040] DEBUG: [SerialCommands.py->read_console_log()] [serial console] qc_releasenote=rno-240528105307
[06/08/2024 14:29:39.049] DEBUG: [SerialCommands.py->read_console_log()] [serial console] qnx_plist=exp_gen3_patchset_hqx3_1_4_1_bosch_20230217
[06/08/2024 14:29:39.051] DEBUG: [SerialCommands.py->read_console_log()] [serial console] qxn_plist_hash=b92452c5d69022a6663901f1cdb14f3de68967f4
[06/08/2024 14:29:39.052] DEBUG: [SerialCommands.py->read_console_log()] [serial console] gm.build=sqbm-632
[06/08/2024 14:29:39.054] DEBUG: [SerialCommands.py->read_console_log()] [serial console] gm.ssw.build.id=sqbm-632
[06/08/2024 14:29:39.055] DEBUG: [SerialCommands.py->read_console_log()] [serial console] gm.product=orange
[06/08/2024 14:29:39.064] DEBUG: [SerialCommands.py->read_console_log()] [serial console] gm.platform=gb
[06/08/2024 14:29:39.066] DEBUG: [SerialCommands.py->read_console_log()] [serial console] gm.hwtype=mid
[06/08/2024 14:29:39.068] DEBUG: [SerialCommands.py->read_console_log()] [serial console] gm.security=development
[06/08/2024 14:29:39.070] DEBUG: [SerialCommands.py->read_console_log()] [serial console] gm.gas=1
[06/08/2024 14:29:39.073] DEBUG: [SerialCommands.py->read_console_log()] [serial console] gm.baseline=# integrated bosch release version. rb_main_2024.24.7 qc_distribution=postcs17_0.0.029.1
[06/08/2024 14:29:39.080] DEBUG: [SerialCommands.py->read_console_log()] [serial console] slmlauncher : hw_vehicle_platform_global
[06/08/2024 14:29:39.083] DEBUG: [SerialCommands.py->read_console_log()] [serial console] slmlauncher : starting slm with slm.xml
[06/08/2024 14:29:39.085] DEBUG: [SerialCommands.py->read_console_log()] [serial console] startup complete
[06/08/2024 14:29:39.096] DEBUG: [SerialCommands.py->read_console_log()] [serial console] [    2.150568]~dlt~139376~info     ~socket /tmp/dlt cannot be opened. retrying later...
[06/08/2024 14:29:39.305] DEBUG: [SerialCommands.py->read_console_log()] [serial console] service is up and running, and ready to receive commands. use echo "help" > /tmp/vpe_cli.txt
[06/08/2024 14:29:39.560] DEBUG: [SerialCommands.py->read_console_log()] [serial console] path=0 -
[06/08/2024 14:29:39.562] DEBUG: [SerialCommands.py->read_console_log()] [serial console] target=0 lun=0     direct-access(0) - ram  rev:
[06/08/2024 14:29:39.800] DEBUG: [SerialCommands.py->read_console_log()] [serial console] [    2.853568]~dlt~262267~info     ~socket /tmp/dlt cannot be opened. retrying later...
[06/08/2024 14:29:39.992] DEBUG: [SerialCommands.py->read_console_log()] [serial console] passed in uclientidx=5
[06/08/2024 14:29:39.995] DEBUG: [SerialCommands.py->read_console_log()] [serial console] swdl_init:549 syswfd_be: dropped abilities successfully
[06/08/2024 14:29:39.998] DEBUG: [SerialCommands.py->read_console_log()] [serial console] tem banked to "a"
[06/08/2024 14:29:40.136] DEBUG: [SerialCommands.py->read_console_log()] [serial console] pf enabled
[06/08/2024 14:29:40.264] DEBUG: [SerialCommands.py->read_console_log()] [serial console] [ramp][hmic] slog2 info success
[06/08/2024 14:29:40.297] DEBUG: [SerialCommands.py->read_console_log()] [serial console] alogfrontend::readenvbeloglevel:invalid env value. fallback to def(debug2)
[06/08/2024 14:29:40.312] DEBUG: [SerialCommands.py->read_console_log()] [serial console] alogfrontend::readenvbeloglevel:invalid env value. fallback to def(debug2)
[06/08/2024 14:29:40.315] DEBUG: [SerialCommands.py->read_console_log()] [serial console] alogfrontend::readenvgloballoglevel:invalid env value. fallback to def(debug2)
[06/08/2024 14:29:40.856] DEBUG: [SerialCommands.py->read_console_log()] [serial console] register_for_ssr_events ++
[06/08/2024 14:29:40.905] DEBUG: [SerialCommands.py->read_console_log()] [serial console] [linux-la-mid.config:160] vinput: external window position: [5010,0]
[06/08/2024 14:29:40.904] DEBUG: [USBRelay.py->set_relay()] Changed channel Start to Off successfully
[06/08/2024 14:29:40.936] DEBUG: [SerialCommands.py->read_console_log()] [serial console] alogfrontend::readenvbeloglevel:invalid env value. fallback to def(debug2)
[06/08/2024 14:29:40.939] DEBUG: [SerialCommands.py->read_console_log()] [serial console] alogfrontend::readenvbeloglevel:invalid env value. fallback to def(debug2)
[06/08/2024 14:29:40.942] DEBUG: [SerialCommands.py->read_console_log()] [serial console] alogfrontend::readenvgloballoglevel:invalid env value. fallback to def(debug2)
[06/08/2024 14:29:40.953] DEBUG: [SerialCommands.py->read_console_log()] [serial console] alogfrontend::readenvbeloglevel:invalid env value. fallback to def(debug2)
[06/08/2024 14:29:40.956] DEBUG: [SerialCommands.py->read_console_log()] [serial console] alogfrontend::readenvbeloglevel:invalid env value. fallback to def(debug2)
[06/08/2024 14:29:40.968] DEBUG: [SerialCommands.py->read_console_log()] [serial console] alogfrontend::readenvgloballoglevel:invalid env value. fallback to def(debug2)
[06/08/2024 14:29:40.984] DEBUG: [SerialCommands.py->read_console_log()] [serial console] resource-monitor started with config file[s] : /etc/memoryconfig.cfg
[06/08/2024 14:29:41.000] DEBUG: [SerialCommands.py->read_console_log()] [serial console] analyzer not enabled. touch /etc/enable_analyzer and reset device to enable analyzer debugging
[06/08/2024 14:29:41.003] DEBUG: [SerialCommands.py->read_console_log()] [serial console] analyzer external not enabled. touch /etc/enable_analyzer_external and reset device to enable analyzer external debugging
[06/08/2024 14:29:41.192] DEBUG: [SerialCommands.py->read_console_log()] [serial console] qqnxscreen::qqnxscreen : v 5.12.3.1
[06/08/2024 14:29:41.209] DEBUG: [SerialCommands.py->read_console_log()] [serial console] qstandardpaths: error creating runtime directory /dev/shmem/runtime-gm_hmicluster: no such file or directory
[06/08/2024 14:29:41.211] DEBUG: [SerialCommands.py->read_console_log()] [serial console] fontconfig error: cannot load default config file
[06/08/2024 14:29:41.218] DEBUG: [ssh_command.py->__run_ssh_command_core()] Failed to run SSH command on 172.16.1.246 - resetting all SSH connections.
[06/08/2024 14:29:41.220] DEBUG: [ssh_command.py->run_ssh_command()] Caught an exception while running SSH command ". /etc/profile; pidin -p service_vpe -f a | grep -v pid". Retrying attempt 1 of 1
[06/08/2024 14:29:41.222] DEBUG: [testing_logs_utils.py->logged_sleep()] Sleeping for 4 seconds
[06/08/2024 14:29:41.352] DEBUG: [SerialCommands.py->read_console_log()] [serial console] swdl_init:549 system banked to "a"
[06/08/2024 14:29:41.368] DEBUG: [USBRelay.py->set_relay()] Changed channel Brake to Off successfully
[06/08/2024 14:29:41.374]  INFO: [ColdBootVcum.py->perform_iteration()] Finished cold boot
[06/08/2024 14:29:41.377] DEBUG: [testing_logs_utils.py->logged_sleep()] Sleeping for 3 seconds
[06/08/2024 14:29:41.720] DEBUG: [SerialCommands.py->read_console_log()] [serial console] swdl_init:549 system banked to "a"
[06/08/2024 14:29:41.769] DEBUG: [SerialCommands.py->read_console_log()] [serial console] [swu]	update_engine: boot mode=normal_mode, vip mode=vip_app_mode
[06/08/2024 14:29:41.882] DEBUG: [SerialCommands.py->read_console_log()] [serial console] slm: component 'enable_adb' (pid 372886) terminated unexpectedly
[06/08/2024 14:29:41.946] DEBUG: [SerialCommands.py->read_console_log()] [serial console] [    5.009165]~dlt~487591~info     ~socket /tmp/dlt cannot be opened. retrying later...
[06/08/2024 14:29:41.976] DEBUG: [SerialCommands.py->read_console_log()] [serial console] slm: component 'cpu_gpu_dcvs_disable' (pid 528554) terminated unexpectedly
[06/08/2024 14:29:41.981] DEBUG: [SerialCommands.py->read_console_log()] [serial console] swdl_init:549 system banked to "a"
[06/08/2024 14:29:41.986] DEBUG: [SerialCommands.py->read_console_log()] [serial console] swdl_init:549 system banked to "a"
[06/08/2024 14:29:41.992] DEBUG: [SerialCommands.py->read_console_log()] [serial console] lcm_inc_dispatcher system state, current:1, previous:0
[06/08/2024 14:29:42.008] DEBUG: [SerialCommands.py->read_console_log()] [serial console] lcm_inc_dispatcher system state, current:susd_sys_state_animinit
[06/08/2024 14:29:42.011] DEBUG: [SerialCommands.py->read_console_log()] [serial console] plc state changed from 1 to 2
[06/08/2024 14:29:42.015] DEBUG: [SerialCommands.py->read_console_log()] [serial console] [tid=4]invoke_setrunmask:830 setmask no more -1
[06/08/2024 14:29:42.280] DEBUG: [SerialCommands.py->read_console_log()] [serial console] alogfrontend::readenvbeloglevel:invalid env value. fallback to def(debug2)
[06/08/2024 14:29:42.296] DEBUG: [SerialCommands.py->read_console_log()] [serial console] alogfrontend::readenvbeloglevel:invalid env value. fallback to def(debug2)
[06/08/2024 14:29:42.299] DEBUG: [SerialCommands.py->read_console_log()] [serial console] alogfrontend::readenvgloballoglevel:invalid env value. fallback to def(debug2)
[06/08/2024 14:29:42.328] DEBUG: [SerialCommands.py->read_console_log()] [serial console] [    5.381164]~dlt~720908~info     ~socket /tmp/dlt cannot be opened. retrying later...
[06/08/2024 14:29:42.344] DEBUG: [SerialCommands.py->read_console_log()] [serial console] [    5.402498]~dlt~716808~info     ~socket /tmp/dlt cannot be opened. retrying later...
[06/08/2024 14:29:42.489] DEBUG: [SerialCommands.py->read_console_log()] [serial console] [    5.553165]~dlt~741448~info     ~socket /tmp/dlt cannot be opened. retrying later...
[06/08/2024 14:29:42.602] DEBUG: [SerialCommands.py->read_console_log()] [serial console] [    5.663831]~dlt~139376~notice   ~logging (re-)enabled!
[06/08/2024 14:29:42.652] DEBUG: [SerialCommands.py->read_console_log()] [serial console] [    5.713166]~dlt~802905~info     ~socket /tmp/dlt cannot be opened. retrying later...
[06/08/2024 14:29:42.810] DEBUG: [SerialCommands.py->read_console_log()] [serial console] [    5.866498]~dlt~262267~notice   ~logging (re-)enabled!
[06/08/2024 14:29:42.824] DEBUG: [SerialCommands.py->read_console_log()] [serial console] [    5.883831]~dlt~720908~notice   ~logging (re-)enabled!
[06/08/2024 14:29:42.872] DEBUG: [SerialCommands.py->read_console_log()] [serial console] [    5.929165]~dlt~122979~notice   ~logging (re-)enabled!
[06/08/2024 14:29:42.904] DEBUG: [SerialCommands.py->read_console_log()] [serial console] send injection message:
[06/08/2024 14:29:42.906] DEBUG: [SerialCommands.py->read_console_log()] [serial console] appid: qsym
[06/08/2024 14:29:42.907] DEBUG: [SerialCommands.py->read_console_log()] [serial console] conid: qsyc
[06/08/2024 14:29:42.920] DEBUG: [SerialCommands.py->read_console_log()] [serial console] serviceid: 4096
[06/08/2024 14:29:42.921] DEBUG: [SerialCommands.py->read_console_log()] [serial console] message: 01
[06/08/2024 14:29:42.936] DEBUG: [SerialCommands.py->read_console_log()] [serial console] swdl_init:549 system banked to "a"
[06/08/2024 14:29:42.952] DEBUG: [SerialCommands.py->read_console_log()] [serial console] [    6.014498]~dlt~487591~notice   ~logging (re-)enabled!
[06/08/2024 14:29:43.082] DEBUG: [SerialCommands.py->read_console_log()] [serial console] remote hmi - version 1.53.1
[06/08/2024 14:29:43.146] DEBUG: [SerialCommands.py->read_console_log()] [serial console] [    6.215831]~dlt~802905~notice   ~logging (re-)enabled!
[06/08/2024 14:29:43.272] DEBUG: [SerialCommands.py->read_console_log()] [serial console] urlparser, failed to open file as read only "./data/ff2/gmxml/rhmi_asset_to_skin_mappings.gmxml"
[06/08/2024 14:29:43.352] DEBUG: [SerialCommands.py->read_console_log()] [serial console] [    6.410498]~dlt~716808~notice   ~logging (re-)enabled!
[06/08/2024 14:29:43.498] DEBUG: [SerialCommands.py->read_console_log()] [serial console] [    6.558497]~dlt~741448~notice   ~logging (re-)enabled!
[06/08/2024 14:29:43.528] DEBUG: [SerialCommands.py->read_console_log()] [serial console] [altia dbg] time to initialize opengl - 443
[06/08/2024 14:29:43.688] DEBUG: [SerialCommands.py->read_console_log()] [serial console] alogfrontend::readenvbeloglevel:invalid env value. fallback to def(debug2)
[06/08/2024 14:29:43.692] DEBUG: [SerialCommands.py->read_console_log()] [serial console] alogfrontend::readenvbeloglevel:invalid env value. fallback to def(debug2)
[06/08/2024 14:29:43.697] DEBUG: [SerialCommands.py->read_console_log()] [serial console] alogfrontend::readenvgloballoglevel:invalid env value. fallback to def(debug2)
[06/08/2024 14:29:43.768] DEBUG: [SerialCommands.py->read_console_log()] [serial console] loading strings "./data/assets/strings/values-en-rus/strings.xml"
[06/08/2024 14:29:43.976] DEBUG: [SerialCommands.py->read_console_log()] [serial console] swdl_init:549 system banked to "a"
[06/08/2024 14:29:43.992] DEBUG: [SerialCommands.py->read_console_log()] [serial console] [ramp][rtosappmain] slog2 info success
[06/08/2024 14:29:44.168] DEBUG: [SerialCommands.py->read_console_log()] [serial console] send injection message:
[06/08/2024 14:29:44.170] DEBUG: [SerialCommands.py->read_console_log()] [serial console] appid: dlt_
[06/08/2024 14:29:44.172] DEBUG: [SerialCommands.py->read_console_log()] [serial console] conid: core
[06/08/2024 14:29:44.174] DEBUG: [SerialCommands.py->read_console_log()] [serial console] serviceid: 4104
[06/08/2024 14:29:44.176] DEBUG: [SerialCommands.py->read_console_log()] [serial console] message: f1
[06/08/2024 14:29:44.184] DEBUG: [SerialCommands.py->read_console_log()] [serial console] size: 1
[06/08/2024 14:29:44.376] DEBUG: [SerialCommands.py->read_console_log()] [serial console] remote hmi - version 1.53.1
[06/08/2024 14:29:44.382] DEBUG: [testing_logs_utils.py->logged_sleep()] Done sleeping
[06/08/2024 14:29:44.388] DEBUG: [CoreDumpEvent.py->is_set()] Check if VPE core dump in process
[06/08/2024 14:29:44.395] DEBUG: [hmi_verify.py->generate_qnx_screenshot_command()] Creating QNX screenshot command
[06/08/2024 14:29:44.402] DEBUG: [hmi_verify.py->qnx_screenshot()] Taking QNX screenshot
[06/08/2024 14:29:44.407] DEBUG: [qnx_commands.py->run_qnx_command()] Trying to run: "rm /var/data//screenshot.bmp" on VCU
[06/08/2024 14:29:44.520] DEBUG: [SerialCommands.py->read_console_log()] [serial console] alogfrontend::readenvbeloglevel:invalid env value. fallback to def(debug2)
[06/08/2024 14:29:44.523] DEBUG: [SerialCommands.py->read_console_log()] [serial console] alogfrontend::readenvbeloglevel:invalid env value. fallback to def(debug2)
[06/08/2024 14:29:44.536] DEBUG: [SerialCommands.py->read_console_log()] [serial console] alogfrontend::readenvgloballoglevel:invalid env value. fallback to def(debug2)
[06/08/2024 14:29:44.936] DEBUG: [SerialCommands.py->read_console_log()] [serial console] [altia dbg] time to initialize opengl - 560
[06/08/2024 14:29:44.984] DEBUG: [SerialCommands.py->read_console_log()] [serial console] exception - infinite loop of null transitions found
[06/08/2024 14:29:44.988] DEBUG: [SerialCommands.py->read_console_log()] [serial console] underflow in omreactive less then 0 null configs
[06/08/2024 14:29:44.990] DEBUG: [SerialCommands.py->read_console_log()] [serial console] exception - infinite loop of null transitions found
[06/08/2024 14:29:45.016] DEBUG: [SerialCommands.py->read_console_log()] [serial console] swdl_init:549 system banked to "a"
[06/08/2024 14:29:45.049] DEBUG: [SerialCommands.py->read_console_log()] [serial console] [hvac_lib_logger_init] entering hvac_lib_logger_init
[06/08/2024 14:29:45.052] DEBUG: [SerialCommands.py->read_console_log()] [serial console] [hvac_lib_logger_init] flag checked
[06/08/2024 14:29:45.080] DEBUG: [SerialCommands.py->read_console_log()] [serial console] error: attempted to show invalid screen | dragselectionactivatescreen()
[06/08/2024 14:29:45.082] DEBUG: [SerialCommands.py->read_console_log()] [serial console] error: attempted to show invalid screen | dragselectionactivatescreen()
[06/08/2024 14:29:45.085] DEBUG: [SerialCommands.py->read_console_log()] [serial console] error: attempted to show invalid screen | dragselectionactivatescreen()
[06/08/2024 14:29:45.097] DEBUG: [SerialCommands.py->read_console_log()] [serial console] error: attempted to show invalid screen | dragselectionactivatescreen()
[06/08/2024 14:29:45.100] DEBUG: [SerialCommands.py->read_console_log()] [serial console] error: attempted to show invalid screen | dragselectionactivatescreen()
[06/08/2024 14:29:45.112] DEBUG: [SerialCommands.py->read_console_log()] [serial console] error: attempted to show invalid screen | dragselectionactivatescreen()
[06/08/2024 14:29:45.115] DEBUG: [SerialCommands.py->read_console_log()] [serial console] error: attempted to show invalid screen | dragselectionactivatescreen()
[06/08/2024 14:29:45.128] DEBUG: [SerialCommands.py->read_console_log()] [serial console] error: attempted to show invalid screen | dragselectionactivatescreen()
[06/08/2024 14:29:45.226] DEBUG: [testing_logs_utils.py->logged_sleep()] Done sleeping
[06/08/2024 14:29:45.228]  WARN: [ssh_command.py->run_ssh_command()] All attempts failed while running SSH command ". /etc/profile; pidin -p service_vpe -f a | grep -v pid" on 172.16.1.246. device is down or unreachable for at least 0 sec.
[06/08/2024 14:29:45.229]  INFO: [vpe_service_monitor.py->get_service_pid()] Failed to find process: service_vpe
[06/08/2024 14:29:45.257] DEBUG: [SerialCommands.py->read_console_log()] [serial console] /dev/pmem/service.rvcvpe: operation not permitted
[06/08/2024 14:29:46.696] DEBUG: [SerialCommands.py->read_console_log()] [serial console] alogfrontend::readenvbeloglevel:invalid env value. fallback to def(debug2)
[06/08/2024 14:29:46.712] DEBUG: [SerialCommands.py->read_console_log()] [serial console] alogfrontend::readenvbeloglevel:invalid env value. fallback to def(debug2)
[06/08/2024 14:29:46.715] DEBUG: [SerialCommands.py->read_console_log()] [serial console] alogfrontend::readenvgloballoglevel:invalid env value. fallback to def(debug2)
[06/08/2024 14:29:46.792] DEBUG: [SerialCommands.py->read_console_log()] [serial console] qqnxscreen::newwindowcreated : windowhandle =  0x16fc40faa0
[06/08/2024 14:29:46.795] DEBUG: [SerialCommands.py->read_console_log()] [serial console] qqnxscreen::newwindowcreated : zorder =  -2
[06/08/2024 14:29:46.797] DEBUG: [SerialCommands.py->read_console_log()] [serial console] qqnxscreen::newwindowcreated : windowname =  "qvm_window"
[06/08/2024 14:29:46.808] DEBUG: [SerialCommands.py->read_console_log()] [serial console] qqnxscreen::updatehierarchy:  m_customzorder =   0
[06/08/2024 14:29:46.810] DEBUG: [SerialCommands.py->read_console_log()] [serial console] qqnxscreen::updatehierarchy for underlay :  0x16fc40faa0 z-order =  -1
[06/08/2024 14:29:46.812] DEBUG: [SerialCommands.py->read_console_log()] [serial console] vinput: window position has been updated to: [5010,0]
[06/08/2024 14:29:46.824] DEBUG: [SerialCommands.py->read_console_log()] [serial console] vinput: window position has been updated to: [5010,0]
[06/08/2024 14:29:46.826] DEBUG: [SerialCommands.py->read_console_log()] [serial console] lcm_inc_dispatcher system state, current:2, previous:1
[06/08/2024 14:29:46.840] DEBUG: [SerialCommands.py->read_console_log()] [serial console] lcm_inc_dispatcher system state, current:susd_sys_state_hmiinit
[06/08/2024 14:29:46.938] DEBUG: [SerialCommands.py->read_console_log()] [serial console] error: attempted to show invalid screen | dragselectionactivatescreen()
[06/08/2024 14:29:46.953] DEBUG: [SerialCommands.py->read_console_log()] [serial console] error: attempted to show invalid screen | dragselectionactivatescreen()
[06/08/2024 14:29:47.176] DEBUG: [SerialCommands.py->read_console_log()] [serial console] error: attempted to show invalid screen | dragselectionactivatescreen()
[06/08/2024 14:29:47.192] DEBUG: [SerialCommands.py->read_console_log()] [serial console] error: attempted to show invalid screen | dragselectionactivatescreen()
[06/08/2024 14:29:47.195] DEBUG: [SerialCommands.py->read_console_log()] [serial console] error: attempted to show invalid screen | dragselectionactivatescreen()
[06/08/2024 14:29:47.208] DEBUG: [SerialCommands.py->read_console_log()] [serial console] error: attempted to show invalid screen | dragselectionactivatescreen()
[06/08/2024 14:29:47.210] DEBUG: [SerialCommands.py->read_console_log()] [serial console] error: attempted to show invalid screen | dragselectionactivatescreen()
[06/08/2024 14:29:47.213] DEBUG: [SerialCommands.py->read_console_log()] [serial console] error: attempted to show invalid screen | dragselectionactivatescreen()
[06/08/2024 14:29:47.224] DEBUG: [SerialCommands.py->read_console_log()] [serial console] error: attempted to show invalid screen | dragselectionactivatescreen()
[06/08/2024 14:29:47.226] DEBUG: [SerialCommands.py->read_console_log()] [serial console] error: attempted to show invalid screen | dragselectionactivatescreen()
[06/08/2024 14:29:47.240] DEBUG: [SerialCommands.py->read_console_log()] [serial console] error: attempted to show invalid screen | dragselectionactivatescreen()
[06/08/2024 14:29:47.244] DEBUG: [SerialCommands.py->read_console_log()] [serial console] error: attempted to show invalid screen | dragselectionactivatescreen()
[06/08/2024 14:29:47.256] DEBUG: [SerialCommands.py->read_console_log()] [serial console] error: attempted to show invalid screen | dragselectionactivatescreen()
[06/08/2024 14:29:47.259] DEBUG: [SerialCommands.py->read_console_log()] [serial console] error: attempted to show invalid screen | dragselectionactivatescreen()
[06/08/2024 14:29:47.261] DEBUG: [SerialCommands.py->read_console_log()] [serial console] error: attempted to show invalid screen | dragselectionactivatescreen()
[06/08/2024 14:29:47.272] DEBUG: [SerialCommands.py->read_console_log()] [serial console] error: attempted to show invalid screen | dragselectionactivatescreen()
[06/08/2024 14:29:47.275] DEBUG: [SerialCommands.py->read_console_log()] [serial console] error: attempted to show invalid screen | dragselectionactivatescreen()
[06/08/2024 14:29:47.288] DEBUG: [SerialCommands.py->read_console_log()] [serial console] error: attempted to show invalid screen | dragselectionactivatescreen()
[06/08/2024 14:29:47.290] DEBUG: [SerialCommands.py->read_console_log()] [serial console] error: attempted to show invalid screen | dragselectionactivatescreen()
[06/08/2024 14:29:47.292] DEBUG: [SerialCommands.py->read_console_log()] [serial console] error: attempted to show invalid screen | dragselectionactivatescreen()
[06/08/2024 14:29:47.482] DEBUG: [qnx_commands.py->run_qnx_command()] Trying to run: "pidin -p RtosAppMain -f a | grep -v pid" on VCU
[06/08/2024 14:29:47.513] DEBUG: [SerialCommands.py->read_console_log()] [serial console] error: attempted to show invalid screen | dragselectionactivatescreen()
[06/08/2024 14:29:47.529] DEBUG: [SerialCommands.py->read_console_log()] [serial console] error: attempted to show invalid screen | dragselectionactivatescreen()
[06/08/2024 14:29:47.534] DEBUG: [SerialCommands.py->read_console_log()] [serial console] error: attempted to show invalid screen | dragselectionactivatescreen()
[06/08/2024 14:29:47.544] DEBUG: [SerialCommands.py->read_console_log()] [serial console] error: attempted to show invalid screen | dragselectionactivatescreen()
[06/08/2024 14:29:47.549] DEBUG: [SerialCommands.py->read_console_log()] [serial console] error: attempted to show invalid screen | dragselectionactivatescreen()
[06/08/2024 14:29:47.552] DEBUG: [SerialCommands.py->read_console_log()] [serial console] error: attempted to show invalid screen | dragselectionactivatescreen()
[06/08/2024 14:29:47.816] DEBUG: [SerialCommands.py->read_console_log()] [serial console] lcm_inc_dispatcher system state, current:5, previous:2
[06/08/2024 14:29:47.832] DEBUG: [SerialCommands.py->read_console_log()] [serial console] lcm_inc_dispatcher system state, current:susd_sys_state_run
[06/08/2024 14:29:50.121] DEBUG: [SerialCommands.py->read_console_log()] [serial console] swdl_init:549 system banked to "a"
[06/08/2024 14:29:50.988] DEBUG: [SerialCommands.py->read_console_log()] [serial console] [   14.050496]~dlt~487591~info     ~control message forwarded : dlt_service_id_set_all_log_level
[06/08/2024 14:29:51.002] DEBUG: [SerialCommands.py->read_console_log()] [serial console] [   14.050912]~dlt~487591~info     ~control message forwarded : dlt_service_id_store_config
[06/08/2024 14:30:05.943] DEBUG: [SerialCommands.py->read_console_log()] [serial console] underflow in omreactive less then 0 null configs
[06/08/2024 14:30:05.945] DEBUG: [SerialCommands.py->read_console_log()] [serial console] exception - infinite loop of null transitions found
[06/08/2024 14:30:05.946] DEBUG: [SerialCommands.py->read_console_log()] [serial console] plc state changed from 2 to 4
[06/08/2024 14:30:08.112] DEBUG: [qnx_commands.py->run_qnx_command()] Trying to run: "echo telnet_available" on VCU
[06/08/2024 14:30:15.231] DEBUG: [qnx_commands.py->run_qnx_command()] Trying to run: "pidin -p service_vpe -f a | grep -v pid" on ACP3
[06/08/2024 14:30:16.692] DEBUG: [ssh_command.py->__run_ssh_command_core()] New Connection has been created to 172.16.1.246
[06/08/2024 14:30:16.844] DEBUG: [qnx_commands.py->run_qnx_command()] SystemType.ACP3 shell command returned: 946237
[06/08/2024 14:30:16.850] DEBUG: [vpe_service_monitor.py->monitor_pid_change()] VPE PID was None and now is 946237
[06/08/2024 14:30:16.854] DEBUG: [qnx_commands.py->run_qnx_command()] Trying to run: "pidin threads > /var/log/vpe/pidin_threads_946237.txt" on ACP3
[06/08/2024 14:30:17.481] DEBUG: [ssh_command.py->__run_ssh_command_core()] New Connection has been created to 172.16.4.101
[06/08/2024 14:30:17.486] DEBUG: [ssh_command.py->__run_ssh_command_core()] New Connection has been created to 172.16.4.101
[06/08/2024 14:30:17.521] DEBUG: [ssh_command.py->__run_ssh_command_core()] New Connection has been created to 172.16.4.101
[06/08/2024 14:30:17.797] DEBUG: [qnx_commands.py->run_qnx_command()] SystemType.VCU shell command returned: telnet_available
[06/08/2024 14:30:17.797]  INFO: [qnx_commands.py->check_qnx_available()] QNX connection [VCU] is Available.
[06/08/2024 14:30:17.798]  INFO: [dlt_ongoing_collector.py->__fetch_logs()] fetching new dlt logs
[06/08/2024 14:30:17.799] DEBUG: [qnx_commands.py->run_qnx_command()] Trying to run: "ls /var/log/dlt_raw | grep .dlt" on VCU
[06/08/2024 14:30:17.896] DEBUG: [qnx_commands.py->run_qnx_command()] Trying to run: "screenshot -size=2000x1200 -pos=6230,1 -file=/var/data//screenshot.bmp -display=1" on VCU
[06/08/2024 14:30:18.051] DEBUG: [qnx_commands.py->run_qnx_command()] SystemType.VCU shell command returned: Audio.250.dlt
CriticalSoc.190.dlt
Soc.086.dlt
Soc.087.dlt
Soc.088.dlt
Soc.089.dlt
Vip.131.dlt
parse_dlt.sh
[06/08/2024 14:30:18.055]  INFO: [dlt_ongoing_collector.py->backup_ongoing_dlt_logs_thread()] About to backup: [{'Soc.088.dlt', 'Soc.087.dlt'}]
[06/08/2024 14:30:19.413] DEBUG: [qnx_commands.py->run_qnx_command()] SystemType.VCU shell command returned: 1110178
[06/08/2024 14:30:19.416]  WARN: [hmi_service_monitor.py->monitor_pid_change()] HMI PID had Changed from 1056947 to 1110178
[06/08/2024 14:30:19.417]  INFO: [hmi_service_monitor.py->monitor_pid_change()] HMI PID Changed counter: 8
[06/08/2024 14:30:37.112] DEBUG: [SerialCommands.py->read_console_log()] [serial console] [swu]	hwconfig=hwconfig [0x271000500010000 gb row c2 hwtype_mid tuner_mercurydab_merlin ethernet_yes(es_high) sxm_no gnss_yes ram_12 ufs_128]
[06/08/2024 14:30:37.119] DEBUG: [SerialCommands.py->read_console_log()] [serial console] [swu]	moduleid_t::module_id_vip_app=4vb.175.5.21
[06/08/2024 14:30:37.126] DEBUG: [SerialCommands.py->read_console_log()] [serial console] [swu]	moduleid_t::module_id_gnss=1.0
[06/08/2024 14:30:37.130] DEBUG: [SerialCommands.py->read_console_log()] [serial console] [swu]	moduleid_t::module_id_tuner=090710007821
[06/08/2024 14:30:37.132] DEBUG: [SerialCommands.py->read_console_log()] [serial console] [swu]	moduleid_t::module_id_ethernet_switch=v2.07.1001 (2020-05-07) - :fec89c3f
[06/08/2024 14:30:37.142] DEBUG: [SerialCommands.py->read_console_log()] [serial console] [swu]	moduleid_t::module_id_vip_bootloader=rb_main_2024.24.5
[06/08/2024 14:30:37.145] DEBUG: [SerialCommands.py->read_console_log()] [serial console] [swu]	moduleid_t::module_id_vip_hsm=partnumber [85761962.ab]
[06/08/2024 14:30:37.149] DEBUG: [SerialCommands.py->read_console_log()] [serial console] [swu]	display: config=17
[06/08/2024 14:30:37.157] DEBUG: [SerialCommands.py->read_console_log()] [serial console] [swu]	display: 8960 x 1320
[06/08/2024 14:30:37.335] DEBUG: [SerialCommands.py->read_console_log()] [serial console] [swu]	fidminfo [display id=8, sw verion=0x8, hardware version=0x7, hw_pn=partnumber [53784531.aa]]
[06/08/2024 14:30:37.542] DEBUG: [SerialCommands.py->read_console_log()] [serial console] [swu]	found potential new firmware for moduleid_t::module_id_gnss: current version=1.0, latest firmware version=4.32
[06/08/2024 14:30:37.558] DEBUG: [SerialCommands.py->read_console_log()] [serial console] [swu]	found potential new firmware for moduleid_t::module_id_ethernet_switch: current version=v2.07.1001 (2020-05-07) - :fec89c3f, latest firmware version=v2.09.1000 (2022-05-20) - :34968d23
[06/08/2024 14:30:37.561] DEBUG: [SerialCommands.py->read_console_log()] [serial console] [swu]
[06/08/2024 14:30:37.565] DEBUG: [SerialCommands.py->read_console_log()] [serial console] *************************************************************************
[06/08/2024 14:30:37.573] DEBUG: [SerialCommands.py->read_console_log()] [serial console] use following steps to update firmwares
[06/08/2024 14:30:37.575] DEBUG: [SerialCommands.py->read_console_log()] [serial console] touch /ota_update/recovery/gm_recovery_update_peripherals
[06/08/2024 14:30:37.577] DEBUG: [SerialCommands.py->read_console_log()] [serial console] swu_bootctrl.out -s mode 2
[06/08/2024 14:30:37.579] DEBUG: [SerialCommands.py->read_console_log()] [serial console] reset
[06/08/2024 14:30:37.582] DEBUG: [SerialCommands.py->read_console_log()] [serial console] after power cycle, vcu will enter recovery mode to update firmwares
[06/08/2024 14:30:37.590] DEBUG: [SerialCommands.py->read_console_log()] [serial console] *************************************************************************
[06/08/2024 14:30:37.592] DEBUG: [SerialCommands.py->read_console_log()] [serial console]
[06/08/2024 14:30:40.742] DEBUG: [SerialCommands.py->read_console_log()] [serial console] qnx startup complete
[06/08/2024 14:30:47.076] DEBUG: [qnx_commands.py->run_qnx_command()] Trying to run: "pidin -p service_vpe -f a | grep -v pid" on ACP3
[06/08/2024 14:30:47.185] DEBUG: [qnx_commands.py->run_qnx_command()] SystemType.ACP3 shell command returned: 946237
[06/08/2024 14:30:49.420] DEBUG: [qnx_commands.py->run_qnx_command()] Trying to run: "pidin -p RtosAppMain -f a | grep -v pid" on VCU
[06/08/2024 14:30:49.647] DEBUG: [qnx_commands.py->run_qnx_command()] SystemType.VCU shell command returned: 1110178
Windows fatal exception: access violation

Thread 0x00004774 (most recent call first):
  File "C:\py\Python312\Lib\site-packages\paramiko\packet.py", line 308 in read_all
  File "C:\py\Python312\Lib\site-packages\paramiko\packet.py", line 463 in read_message
  File "C:\py\Python312\Lib\site-packages\paramiko\transport.py", line 2159 in run
  File "C:\py\Python312\Lib\threading.py", line 1073 in _bootstrap_inner
  File "C:\py\Python312\Lib\threading.py", line 1030 in _bootstrap

Thread 0x000048f0 (most recent call first):
  File "C:\py\Python312\Lib\site-packages\paramiko\packet.py", line 308 in read_all
  File "C:\py\Python312\Lib\site-packages\paramiko\packet.py", line 463 in read_message
  File "C:\py\Python312\Lib\site-packages\paramiko\transport.py", line 2159 in run
  File "C:\py\Python312\Lib\threading.py", line 1073 in _bootstrap_inner
  File "C:\py\Python312\Lib\threading.py", line 1030 in _bootstrap

Thread 0x00003728 (most recent call first):
  File "C:\py\Python312\Lib\site-packages\paramiko\packet.py", line 308 in read_all
  File "C:\py\Python312\Lib\site-packages\paramiko\packet.py", line 463 in read_message
  File "C:\py\Python312\Lib\site-packages\paramiko\transport.py", line 2159 in run
  File "C:\py\Python312\Lib\threading.py", line 1073 in _bootstrap_inner
  File "C:\py\Python312\Lib\threading.py", line 1030 in _bootstrap

Thread 0x0000328c (most recent call first):
  File "C:\py\Python312\Lib\site-packages\paramiko\packet.py", line 308 in read_all
  File "C:\py\Python312\Lib\site-packages\paramiko\packet.py", line 463 in read_message
  File "C:\py\Python312\Lib\site-packages\paramiko\transport.py", line 2159 in run
  File "C:\py\Python312\Lib\threading.py", line 1073 in _bootstrap_inner
  File "C:\py\Python312\Lib\threading.py", line 1030 in _bootstrap

Thread 0x00000c20 (most recent call first):
  File "C:\py\Python312\Lib\site-packages\paramiko\packet.py", line 308 in read_all
  File "C:\py\Python312\Lib\site-packages\paramiko\packet.py", line 463 in read_message
  File "C:\py\Python312\Lib\site-packages\paramiko\transport.py", line 2159 in run
  File "C:\py\Python312\Lib\threading.py", line 1073 in _bootstrap_inner
  File "C:\py\Python312\Lib\threading.py", line 1030 in _bootstrap

Thread 0x000046ec (most recent call first):
  File "C:\py\Python312\Lib\site-packages\paramiko\packet.py", line 308 in read_all
  File "C:\py\Python312\Lib\site-packages\paramiko\packet.py", line 463 in read_message
  File "C:\py\Python312\Lib\site-packages\paramiko\transport.py", line 2159 in run
  File "C:\py\Python312\Lib\threading.py", line 1073 in _bootstrap_inner
  File "C:\py\Python312\Lib\threading.py", line 1030 in _bootstrap

Thread 0x0000094c (most recent call first):
  File "D:\projects\vvi-automation\Utils\WebCamUtil\web_cam_util.py", line 240 in _apply_camera_video_settings
  File "D:\projects\vvi-automation\Utils\WebCamUtil\web_cam_util.py", line 262 in start
  File "D:\projects\vvi-automation\Utils\WebCamUtil\web_cam_util.py", line 118 in start_video_capture
  File "D:\projects\vvi-automation\Tests\LowLevel\Scenario.py", line 45 in start_recording
  File "C:\py\Python312\Lib\threading.py", line 1010 in run
  File "C:\py\Python312\Lib\threading.py", line 1073 in _bootstrap_inner
  File "C:\py\Python312\Lib\threading.py", line 1030 in _bootstrap

Thread 0x00002e58 (most recent call first):
  File "C:\py\Python312\Lib\site-packages\paramiko\packet.py", line 308 in read_all
  File "C:\py\Python312\Lib\site-packages\paramiko\packet.py", line 463 in read_message
  File "C:\py\Python312\Lib\site-packages\paramiko\transport.py", line 2159 in run
  File "C:\py\Python312\Lib\threading.py", line 1073 in _bootstrap_inner
  File "C:\py\Python312\Lib\threading.py", line 1030 in _bootstrap

Thread 0x000018e0 (most recent call first):
  File "D:\projects\vvi-automation\Utils\Monitor\hmi_service_monitor.py", line 32 in infra_run
  File "D:\projects\vvi-automation\Utils\General\infra_thread.py", line 19 in run
  File "C:\py\Python312\Lib\threading.py", line 1073 in _bootstrap_inner
  File "C:\py\Python312\Lib\threading.py", line 1030 in _bootstrap

Thread 0x00002394 (most recent call first):
  File "D:\projects\vvi-automation\Utils\Monitor\vpe_service_monitor.py", line 44 in infra_run
  File "D:\projects\vvi-automation\Utils\General\infra_thread.py", line 19 in run
  File "C:\py\Python312\Lib\threading.py", line 1073 in _bootstrap_inner
  File "C:\py\Python312\Lib\threading.py", line 1030 in _bootstrap

Thread 0x000036c8 (most recent call first):
  File "C:\py\Python312\Lib\site-packages\serial\serialwin32.py", line 288 in read
  File "D:\projects\vvi-automation\Utils\General\SerialCommands.py", line 171 in read_console_log
  File "D:\projects\vvi-automation\Utils\General\SerialCommands.py", line 193 in infra_run
  File "D:\projects\vvi-automation\Utils\General\infra_thread.py", line 19 in run
  File "C:\py\Python312\Lib\threading.py", line 1073 in _bootstrap_inner
  File "C:\py\Python312\Lib\threading.py", line 1030 in _bootstrap

Current thread 0x00003ba4 (most recent call first):
  File "D:\projects\vvi-automation\Utils\WebCamUtil\web_cam_util.py", line 80 in display_camera_capture_window
  File "C:\py\Python312\Lib\threading.py", line 1010 in run
  File "C:\py\Python312\Lib\threading.py", line 1073 in _bootstrap_inner
  File "C:\py\Python312\Lib\threading.py", line 1030 in _bootstrap

Thread 0x00004414 (most recent call first):
  File "C:\py\Python312\Lib\subprocess.py", line 1588 in _wait
  File "C:\py\Python312\Lib\subprocess.py", line 1264 in wait
  File "C:\py\Python312\Lib\subprocess.py", line 391 in call
  File "C:\py\Python312\Lib\subprocess.py", line 408 in check_call
  File "D:\projects\vvi-automation\Utils\Monitor\ping_util.py", line 67 in ping_thread_method
  File "C:\py\Python312\Lib\threading.py", line 1010 in run
  File "C:\py\Python312\Lib\threading.py", line 1073 in _bootstrap_inner
  File "C:\py\Python312\Lib\threading.py", line 1030 in _bootstrap

Thread 0x00002644 (most recent call first):
  File "C:\py\Python312\Lib\subprocess.py", line 1588 in _wait
  File "C:\py\Python312\Lib\subprocess.py", line 1264 in wait
  File "C:\py\Python312\Lib\subprocess.py", line 391 in call
  File "C:\py\Python312\Lib\subprocess.py", line 408 in check_call
  File "D:\projects\vvi-automation\Utils\Monitor\ping_util.py", line 67 in ping_thread_method
  File "C:\py\Python312\Lib\threading.py", line 1010 in run
  File "C:\py\Python312\Lib\threading.py", line 1073 in _bootstrap_inner
  File "C:\py\Python312\Lib\threading.py", line 1030 in _bootstrap

Thread 0x00000dcc (most recent call first):
  File "C:\py\Python312\Lib\threading.py", line 359 in wait
  File "C:\py\Python312\Lib\threading.py", line 655 in wait
  File "C:\py\Python312\Lib\site-packages\paramiko\auth_handler.py", line 241 in wait_for_response
  File "C:\py\Python312\Lib\site-packages\paramiko\transport.py", line 1603 in auth_password
  File "C:\py\Python312\Lib\site-packages\paramiko\client.py", line 805 in _auth
  File "C:\py\Python312\Lib\site-packages\paramiko\client.py", line 485 in connect
  File "D:\projects\vvi-automation\Utils\FTP\file_transfer_wrapper.py", line 75 in copy_files_from_host
  File "D:\projects\vvi-automation\Utils\FTP\file_transfer_wrapper.py", line 33 in copy_files_from_vcu
  File "D:\projects\vvi-automation\Infra\Logger\dlt_ongoing_collector.py", line 108 in _backup_dlt_files
  File "D:\projects\vvi-automation\Infra\Logger\dlt_ongoing_collector.py", line 75 in backup_ongoing_dlt_logs_thread
  File "D:\projects\vvi-automation\Infra\Logger\dlt_ongoing_collector.py", line 58 in _start_collecting
  File "C:\py\Python312\Lib\threading.py", line 1010 in run
  File "C:\py\Python312\Lib\threading.py", line 1073 in _bootstrap_inner
  File "C:\py\Python312\Lib\threading.py", line 1030 in _bootstrap

Thread 0x00003b44 (most recent call first):
  File "C:\py\Python312\Lib\threading.py", line 359 in wait
  File "C:\py\Python312\Lib\threading.py", line 655 in wait
  File "C:\py\Python312\Lib\site-packages\paramiko\auth_handler.py", line 241 in wait_for_response
  File "C:\py\Python312\Lib\site-packages\paramiko\transport.py", line 1727 in auth_interactive
  File "C:\py\Python312\Lib\site-packages\paramiko\transport.py", line 1622 in auth_password
  File "C:\py\Python312\Lib\site-packages\paramiko\client.py", line 805 in _auth
  File "C:\py\Python312\Lib\site-packages\paramiko\client.py", line 485 in connect
  File "D:\projects\vvi-automation\Utils\FTP\file_transfer_wrapper.py", line 75 in copy_files_from_host
  File "D:\projects\vvi-automation\Utils\FTP\file_transfer_wrapper.py", line 33 in copy_files_from_vcu
  File "D:\projects\vvi-automation\Utils\HMI_Touch\hmi_verify.py", line 93 in _copy_screenshot_from_dut
  File "D:\projects\vvi-automation\Utils\HMI_Touch\hmi_verify.py", line 241 in fetch_screenshot
  File "D:\projects\vvi-automation\Infra\HMIWrappers\ScreenModelsControllers\hmi_regions\hmi_region.py", line 65 in fetch_screenshot
  File "D:\projects\vvi-automation\Utils\UtilsForTests\low_level\low_level_utils.py", line 21 in android_view_validation
  File "D:\projects\vvi-automation\Tests\LowLevel\cold_boot\ColdBootVcum.py", line 48 in perform_iteration
  File "D:\projects\vvi-automation\Tests\LowLevel\LowLevelTest.py", line 58 in run_loop
  File "D:\projects\vvi-automation\Tests\LowLevel\cold_boot\ColdBootVcum.py", line 82 in cold_boot_sv_vcum_acp3
  File "D:\projects\vvi-automation\Tests\VCU_HIGH\StressTests\test_vcu_mid_cold_boot.py", line 25 in test_cold_boot_park_vcu_m
  File "C:\py\Python312\Lib\site-packages\_pytest\python.py", line 193 in pytest_pyfunc_call
  File "C:\py\Python312\Lib\site-packages\pluggy\_callers.py", line 102 in _multicall
  File "C:\py\Python312\Lib\site-packages\pluggy\_manager.py", line 119 in _hookexec
  File "C:\py\Python312\Lib\site-packages\pluggy\_hooks.py", line 501 in __call__
  File "C:\py\Python312\Lib\site-packages\_pytest\python.py", line 1836 in runtest
  File "C:\py\Python312\Lib\site-packages\_pytest\runner.py", line 173 in pytest_runtest_call
  File "C:\py\Python312\Lib\site-packages\pluggy\_callers.py", line 102 in _multicall
  File "C:\py\Python312\Lib\site-packages\pluggy\_manager.py", line 119 in _hookexec
  File "C:\py\Python312\Lib\site-packages\pluggy\_hooks.py", line 501 in __call__
  File "C:\py\Python312\Lib\site-packages\_pytest\runner.py", line 266 in <lambda>
  File "C:\py\Python312\Lib\site-packages\_pytest\runner.py", line 345 in from_call
  File "C:\py\Python312\Lib\site-packages\_pytest\runner.py", line 265 in call_runtest_hook
  File "C:\py\Python312\Lib\site-packages\_pytest\runner.py", line 226 in call_and_report
  File "C:\py\Python312\Lib\site-packages\_pytest\runner.py", line 133 in runtestprotocol
  File "C:\py\Python312\Lib\site-packages\_pytest\runner.py", line 114 in pytest_runtest_protocol
  File "C:\py\Python312\Lib\site-packages\pluggy\_callers.py", line 102 in _multicall
  File "C:\py\Python312\Lib\site-packages\pluggy\_manager.py", line 119 in _hookexec
  File "C:\py\Python312\Lib\site-packages\pluggy\_hooks.py", line 501 in __call__
  File "C:\py\Python312\Lib\site-packages\_pytest\main.py", line 351 in pytest_runtestloop
  File "C:\py\Python312\Lib\site-packages\pluggy\_callers.py", line 102 in _multicall
  File "C:\py\Python312\Lib\site-packages\pluggy\_manager.py", line 119 in _hookexec
  File "C:\py\Python312\Lib\site-packages\pluggy\_hooks.py", line 501 in __call__
  File "C:\py\Python312\Lib\site-packages\_pytest\main.py", line 326 in _main
  File "C:\py\Python312\Lib\site-packages\_pytest\main.py", line 272 in wrap_session
  File "C:\py\Python312\Lib\site-packages\_pytest\main.py", line 319 in pytest_cmdline_main
  File "C:\py\Python312\Lib\site-packages\pluggy\_callers.py", line 102 in _multicall
  File "C:\py\Python312\Lib\site-packages\pluggy\_manager.py", line 119 in _hookexec
  File "C:\py\Python312\Lib\site-packages\pluggy\_hooks.py", line 501 in __call__
  File "C:\py\Python312\Lib\site-packages\_pytest\config\__init__.py", line 174 in main
  File "D:\Program Files\JetBrains\PyCharm Community Edition 2023.3.4\plugins\python-ce\helpers\pycharm\_jb_pytest_runner.py", line 60 in <module>
[06/08/2024 14:31:17.234] DEBUG: [qnx_commands.py->run_qnx_command()] Trying to run: "pidin -p service_vpe -f a | grep -v pid" on ACP3
[06/08/2024 14:31:17.633] DEBUG: [qnx_commands.py->run_qnx_command()] SystemType.ACP3 shell command returned: 946237
[06/08/2024 14:31:19.654] DEBUG: [qnx_commands.py->run_qnx_command()] Trying to run: "pidin -p RtosAppMain -f a | grep -v pid" on VCU
[06/08/2024 14:31:20.100] DEBUG: [qnx_commands.py->run_qnx_command()] SystemType.VCU shell command returned: 1110178
[06/08/2024 14:31:26.250]  INFO: [dlt_ongoing_collector.py->_backup_dlt_files()] finished backup: [Soc.088.dlt]
[06/08/2024 14:31:27.224] ERROR: [web_cam_util.py->wait_for_first_frame()] Failed to capture the first frame in 10 seconds
NoneType: None
[06/08/2024 14:31:27.227] DEBUG: [testing_logs_utils.py->logged_sleep()] Sleeping for 2 seconds
[06/08/2024 14:31:27.804] DEBUG: [hmi_verify.py->_copy_screenshot_from_dut()] Copied screenshot from DUT path: /var/data//screenshot.bmp to Host path: D:\projects\vvi-automation\VPM_Automation_Logs\test_cold_boot_park_vcu_m_AVVP171263-30771\iteration_3\expected_views\screenshot.bmp
[06/08/2024 14:31:27.811] DEBUG: [hmi_verify.py->_rename_screenshot()] Trying to rename screenshot
[06/08/2024 14:31:27.828] DEBUG: [hmi_verify.py->_convert_screenshot()] Trying to convert D:\projects\vvi-automation\VPM_Automation_Logs\test_cold_boot_park_vcu_m_AVVP171263-30771\iteration_3\expected_views\expected_android.bmp to png
[06/08/2024 14:31:27.897] DEBUG: [hmi_verify.py->_convert_screenshot()] Converted D:\projects\vvi-automation\VPM_Automation_Logs\test_cold_boot_park_vcu_m_AVVP171263-30771\iteration_3\expected_views\expected_android.bmp to D:\projects\vvi-automation\VPM_Automation_Logs\test_cold_boot_park_vcu_m_AVVP171263-30771\iteration_3\expected_views\expected_android.png
[06/08/2024 14:31:27.902] DEBUG: [hmi_verify.py->_rename_screenshot()] Copied screenshot from D:\projects\vvi-automation\VPM_Automation_Logs\test_cold_boot_park_vcu_m_AVVP171263-30771\iteration_3\expected_views\screenshot.bmp to D:\projects\vvi-automation\VPM_Automation_Logs\test_cold_boot_park_vcu_m_AVVP171263-30771\iteration_3\expected_views\expected_android.png
[06/08/2024 14:31:28.172]  INFO: [hmi_verify.py->validate_no_green_in_image()]
[06/08/2024 14:31:28.176] DEBUG: [testing_logs_utils.py->logged_sleep()] Sleeping for 10 seconds
[06/08/2024 14:31:29.230] DEBUG: [testing_logs_utils.py->logged_sleep()] Done sleeping
[06/08/2024 14:31:38.181] DEBUG: [testing_logs_utils.py->logged_sleep()] Done sleeping
[06/08/2024 14:31:38.195]  INFO: [bmetrics_utils.py->get_bmetrics_log_and_first_frame_value()] Skipping BOOT KPI calculation time on VCU-M
[06/08/2024 14:31:38.206]  INFO: [VSPY_commands.py->send_function_block()] Sending function block for [REVERSE] via VSPY
[06/08/2024 14:31:38.214] DEBUG: [VSPY_commands.py->get_function_block()] Get function block for [REVERSE].Command value is [fb(tst2).start]
[06/08/2024 14:31:38.275] DEBUG: [SerialCommands.py->read_console_log()] [serial console] underflow in omreactive less then 0 null configs
[06/08/2024 14:31:38.425] DEBUG: [VSPY_commands.py->check_db_signal()] Check DB Signal [SrlDat6_Prtctd_PDU->VMMP_VehMtnMvmtStatAuth] matches value: [Reverse] with command: [db(db5466).sg(8).value?]
[06/08/2024 14:31:38.450] DEBUG: [SerialCommands.py->read_console_log()] [serial console] inside rvc vpm system model21206
[06/08/2024 14:31:38.452] DEBUG: [SerialCommands.py->read_console_log()] [serial console] inside rvc vpm system model8
[06/08/2024 14:31:38.454] DEBUG: [SerialCommands.py->read_console_log()] [serial console] inside rvc vpm system model43
[06/08/2024 14:31:38.514] DEBUG: [SerialCommands.py->read_console_log()] [serial console] error: attempted to show invalid screen | dragselectionactivatescreen()
[06/08/2024 14:31:38.517] DEBUG: [SerialCommands.py->read_console_log()] [serial console] error: attempted to show invalid screen | dragselectionactivatescreen()
[06/08/2024 14:31:38.638] DEBUG: [CoreDumpEvent.py->is_set()] Check if VPE core dump in process
[06/08/2024 14:31:38.650] DEBUG: [hmi_verify.py->generate_qnx_screenshot_command()] Creating QNX screenshot command
[06/08/2024 14:31:38.661] DEBUG: [hmi_verify.py->qnx_screenshot()] Taking QNX screenshot
[06/08/2024 14:31:38.667] DEBUG: [qnx_commands.py->run_qnx_command()] Trying to run: "rm /var/data//screenshot.bmp" on VCU
[06/08/2024 14:31:38.925] DEBUG: [qnx_commands.py->run_qnx_command()] Trying to run: "screenshot -size=1400x1200 -pos=6830,1 -file=/var/data//screenshot.bmp -display=1" on VCU
[06/08/2024 14:31:38.979] DEBUG: [SerialCommands.py->read_console_log()] [serial console] error: attempted to show invalid screen | dragselectionactivatescreen()
[06/08/2024 14:31:38.994] DEBUG: [SerialCommands.py->read_console_log()] [serial console] error: attempted to show invalid screen | dragselectionactivatescreen()
[06/08/2024 14:31:38.996] DEBUG: [SerialCommands.py->read_console_log()] [serial console] error: attempted to show invalid screen | dragselectionactivatescreen()
[06/08/2024 14:31:39.011] DEBUG: [SerialCommands.py->read_console_log()] [serial console] error: attempted to show invalid screen | dragselectionactivatescreen()
[06/08/2024 14:31:47.736] DEBUG: [qnx_commands.py->run_qnx_command()] Trying to run: "pidin -p service_vpe -f a | grep -v pid" on ACP3
[06/08/2024 14:31:47.846] DEBUG: [qnx_commands.py->run_qnx_command()] SystemType.ACP3 shell command returned: 946237
[06/08/2024 14:31:50.199] DEBUG: [qnx_commands.py->run_qnx_command()] Trying to run: "pidin -p RtosAppMain -f a | grep -v pid" on VCU
[06/08/2024 14:31:50.419] DEBUG: [qnx_commands.py->run_qnx_command()] SystemType.VCU shell command returned: 1110178
[06/08/2024 14:32:17.851] DEBUG: [qnx_commands.py->run_qnx_command()] Trying to run: "pidin -p service_vpe -f a | grep -v pid" on ACP3
[06/08/2024 14:32:17.959] DEBUG: [qnx_commands.py->run_qnx_command()] SystemType.ACP3 shell command returned: 946237
[06/08/2024 14:32:20.421] DEBUG: [qnx_commands.py->run_qnx_command()] Trying to run: "pidin -p RtosAppMain -f a | grep -v pid" on VCU
[06/08/2024 14:32:20.654] DEBUG: [qnx_commands.py->run_qnx_command()] SystemType.VCU shell command returned: 1110178
[06/08/2024 14:32:47.962] DEBUG: [qnx_commands.py->run_qnx_command()] Trying to run: "pidin -p service_vpe -f a | grep -v pid" on ACP3
[06/08/2024 14:32:48.076] DEBUG: [qnx_commands.py->run_qnx_command()] SystemType.ACP3 shell command returned: 946237
[06/08/2024 14:32:50.657] DEBUG: [qnx_commands.py->run_qnx_command()] Trying to run: "pidin -p RtosAppMain -f a | grep -v pid" on VCU
[06/08/2024 14:32:50.891] DEBUG: [qnx_commands.py->run_qnx_command()] SystemType.VCU shell command returned: 1110178
[06/08/2024 14:33:18.080] DEBUG: [qnx_commands.py->run_qnx_command()] Trying to run: "pidin -p service_vpe -f a | grep -v pid" on ACP3
[06/08/2024 14:33:18.190] DEBUG: [qnx_commands.py->run_qnx_command()] SystemType.ACP3 shell command returned: 946237
[06/08/2024 14:33:20.896] DEBUG: [qnx_commands.py->run_qnx_command()] Trying to run: "pidin -p RtosAppMain -f a | grep -v pid" on VCU
[06/08/2024 14:33:21.127] DEBUG: [qnx_commands.py->run_qnx_command()] SystemType.VCU shell command returned: 1110178
[06/08/2024 14:33:48.195] DEBUG: [qnx_commands.py->run_qnx_command()] Trying to run: "pidin -p service_vpe -f a | grep -v pid" on ACP3
[06/08/2024 14:33:48.301] DEBUG: [qnx_commands.py->run_qnx_command()] SystemType.ACP3 shell command returned: 946237
[06/08/2024 14:33:51.130] DEBUG: [qnx_commands.py->run_qnx_command()] Trying to run: "pidin -p RtosAppMain -f a | grep -v pid" on VCU
[06/08/2024 14:33:51.360] DEBUG: [qnx_commands.py->run_qnx_command()] SystemType.VCU shell command returned: 1110178
[06/08/2024 14:34:18.305] DEBUG: [qnx_commands.py->run_qnx_command()] Trying to run: "pidin -p service_vpe -f a | grep -v pid" on ACP3
[06/08/2024 14:34:18.413] DEBUG: [qnx_commands.py->run_qnx_command()] SystemType.ACP3 shell command returned: 946237
[06/08/2024 14:34:21.363] DEBUG: [qnx_commands.py->run_qnx_command()] Trying to run: "pidin -p RtosAppMain -f a | grep -v pid" on VCU
[06/08/2024 14:34:21.600] DEBUG: [qnx_commands.py->run_qnx_command()] SystemType.VCU shell command returned: 1110178
[06/08/2024 14:34:48.415] DEBUG: [qnx_commands.py->run_qnx_command()] Trying to run: "pidin -p service_vpe -f a | grep -v pid" on ACP3
[06/08/2024 14:34:48.525] DEBUG: [qnx_commands.py->run_qnx_command()] SystemType.ACP3 shell command returned: 946237
[06/08/2024 14:34:51.605] DEBUG: [qnx_commands.py->run_qnx_command()] Trying to run: "pidin -p RtosAppMain -f a | grep -v pid" on VCU
[06/08/2024 14:34:51.837] DEBUG: [qnx_commands.py->run_qnx_command()] SystemType.VCU shell command returned: 1110178
[06/08/2024 14:35:18.528] DEBUG: [qnx_commands.py->run_qnx_command()] Trying to run: "pidin -p service_vpe -f a | grep -v pid" on ACP3
[06/08/2024 14:35:18.636] DEBUG: [qnx_commands.py->run_qnx_command()] SystemType.ACP3 shell command returned: 946237
[06/08/2024 14:35:21.841] DEBUG: [qnx_commands.py->run_qnx_command()] Trying to run: "pidin -p RtosAppMain -f a | grep -v pid" on VCU
[06/08/2024 14:35:22.068] DEBUG: [qnx_commands.py->run_qnx_command()] SystemType.VCU shell command returned: 1110178
[06/08/2024 14:35:48.639] DEBUG: [qnx_commands.py->run_qnx_command()] Trying to run: "pidin -p service_vpe -f a | grep -v pid" on ACP3
[06/08/2024 14:35:48.748] DEBUG: [qnx_commands.py->run_qnx_command()] SystemType.ACP3 shell command returned: 946237
[06/08/2024 14:35:52.070] DEBUG: [qnx_commands.py->run_qnx_command()] Trying to run: "pidin -p RtosAppMain -f a | grep -v pid" on VCU
[06/08/2024 14:35:52.299] DEBUG: [qnx_commands.py->run_qnx_command()] SystemType.VCU shell command returned: 1110178
[06/08/2024 14:36:18.750] DEBUG: [qnx_commands.py->run_qnx_command()] Trying to run: "pidin -p service_vpe -f a | grep -v pid" on ACP3
[06/08/2024 14:36:18.856] DEBUG: [qnx_commands.py->run_qnx_command()] SystemType.ACP3 shell command returned: 946237
[06/08/2024 14:36:22.302] DEBUG: [qnx_commands.py->run_qnx_command()] Trying to run: "pidin -p RtosAppMain -f a | grep -v pid" on VCU
[06/08/2024 14:36:22.544] DEBUG: [qnx_commands.py->run_qnx_command()] SystemType.VCU shell command returned: 1110178
[06/08/2024 14:36:48.858] DEBUG: [qnx_commands.py->run_qnx_command()] Trying to run: "pidin -p service_vpe -f a | grep -v pid" on ACP3
[06/08/2024 14:36:48.967] DEBUG: [qnx_commands.py->run_qnx_command()] SystemType.ACP3 shell command returned: 946237
[06/08/2024 14:36:52.547] DEBUG: [qnx_commands.py->run_qnx_command()] Trying to run: "pidin -p RtosAppMain -f a | grep -v pid" on VCU
[06/08/2024 14:36:52.773] DEBUG: [qnx_commands.py->run_qnx_command()] SystemType.VCU shell command returned: 1110178
[06/08/2024 14:37:18.969] DEBUG: [qnx_commands.py->run_qnx_command()] Trying to run: "pidin -p service_vpe -f a | grep -v pid" on ACP3
[06/08/2024 14:37:19.080] DEBUG: [qnx_commands.py->run_qnx_command()] SystemType.ACP3 shell command returned: 946237
[06/08/2024 14:37:22.778] DEBUG: [qnx_commands.py->run_qnx_command()] Trying to run: "pidin -p RtosAppMain -f a | grep -v pid" on VCU
[06/08/2024 14:37:23.007] DEBUG: [qnx_commands.py->run_qnx_command()] SystemType.VCU shell command returned: 1110178
[06/08/2024 14:37:49.082] DEBUG: [qnx_commands.py->run_qnx_command()] Trying to run: "pidin -p service_vpe -f a | grep -v pid" on ACP3
[06/08/2024 14:37:49.190] DEBUG: [qnx_commands.py->run_qnx_command()] SystemType.ACP3 shell command returned: 946237
[06/08/2024 14:37:53.011] DEBUG: [qnx_commands.py->run_qnx_command()] Trying to run: "pidin -p RtosAppMain -f a | grep -v pid" on VCU
[06/08/2024 14:37:53.239] DEBUG: [qnx_commands.py->run_qnx_command()] SystemType.VCU shell command returned: 1110178
[06/08/2024 14:38:19.192] DEBUG: [qnx_commands.py->run_qnx_command()] Trying to run: "pidin -p service_vpe -f a | grep -v pid" on ACP3
[06/08/2024 14:38:19.300] DEBUG: [qnx_commands.py->run_qnx_command()] SystemType.ACP3 shell command returned: 946237
[06/08/2024 14:38:23.244] DEBUG: [qnx_commands.py->run_qnx_command()] Trying to run: "pidin -p RtosAppMain -f a | grep -v pid" on VCU
[06/08/2024 14:38:23.470] DEBUG: [qnx_commands.py->run_qnx_command()] SystemType.VCU shell command returned: 1110178
[06/08/2024 14:38:49.305] DEBUG: [qnx_commands.py->run_qnx_command()] Trying to run: "pidin -p service_vpe -f a | grep -v pid" on ACP3
[06/08/2024 14:38:49.416] DEBUG: [qnx_commands.py->run_qnx_command()] SystemType.ACP3 shell command returned: 946237
[06/08/2024 14:38:53.472] DEBUG: [qnx_commands.py->run_qnx_command()] Trying to run: "pidin -p RtosAppMain -f a | grep -v pid" on VCU
[06/08/2024 14:38:53.705] DEBUG: [qnx_commands.py->run_qnx_command()] SystemType.VCU shell command returned: 1110178
[06/08/2024 14:39:19.420] DEBUG: [qnx_commands.py->run_qnx_command()] Trying to run: "pidin -p service_vpe -f a | grep -v pid" on ACP3
[06/08/2024 14:39:19.531] DEBUG: [qnx_commands.py->run_qnx_command()] SystemType.ACP3 shell command returned: 946237
[06/08/2024 14:39:23.710] DEBUG: [qnx_commands.py->run_qnx_command()] Trying to run: "pidin -p RtosAppMain -f a | grep -v pid" on VCU
[06/08/2024 14:39:23.941] DEBUG: [qnx_commands.py->run_qnx_command()] SystemType.VCU shell command returned: 1110178
[06/08/2024 14:39:49.535] DEBUG: [qnx_commands.py->run_qnx_command()] Trying to run: "pidin -p service_vpe -f a | grep -v pid" on ACP3
[06/08/2024 14:39:49.647] DEBUG: [qnx_commands.py->run_qnx_command()] SystemType.ACP3 shell command returned: 946237
[06/08/2024 14:39:53.943] DEBUG: [qnx_commands.py->run_qnx_command()] Trying to run: "pidin -p RtosAppMain -f a | grep -v pid" on VCU
[06/08/2024 14:39:54.179] DEBUG: [qnx_commands.py->run_qnx_command()] SystemType.VCU shell command returned: 1110178
[06/08/2024 14:40:19.650] DEBUG: [qnx_commands.py->run_qnx_command()] Trying to run: "pidin -p service_vpe -f a | grep -v pid" on ACP3
[06/08/2024 14:40:19.759] DEBUG: [qnx_commands.py->run_qnx_command()] SystemType.ACP3 shell command returned: 946237
[06/08/2024 14:40:24.184] DEBUG: [qnx_commands.py->run_qnx_command()] Trying to run: "pidin -p RtosAppMain -f a | grep -v pid" on VCU
[06/08/2024 14:40:24.416] DEBUG: [qnx_commands.py->run_qnx_command()] SystemType.VCU shell command returned: 1110178
[06/08/2024 14:40:49.766] DEBUG: [qnx_commands.py->run_qnx_command()] Trying to run: "pidin -p service_vpe -f a | grep -v pid" on ACP3
[06/08/2024 14:40:49.882] DEBUG: [qnx_commands.py->run_qnx_command()] SystemType.ACP3 shell command returned: 946237
[06/08/2024 14:40:54.418] DEBUG: [qnx_commands.py->run_qnx_command()] Trying to run: "pidin -p RtosAppMain -f a | grep -v pid" on VCU
[06/08/2024 14:40:54.655] DEBUG: [qnx_commands.py->run_qnx_command()] SystemType.VCU shell command returned: 1110178
[06/08/2024 14:41:19.885] DEBUG: [qnx_commands.py->run_qnx_command()] Trying to run: "pidin -p service_vpe -f a | grep -v pid" on ACP3
[06/08/2024 14:41:19.994] DEBUG: [qnx_commands.py->run_qnx_command()] SystemType.ACP3 shell command returned: 946237
[06/08/2024 14:41:24.660] DEBUG: [qnx_commands.py->run_qnx_command()] Trying to run: "pidin -p RtosAppMain -f a | grep -v pid" on VCU
[06/08/2024 14:41:24.897] DEBUG: [qnx_commands.py->run_qnx_command()] SystemType.VCU shell command returned: 1110178
[06/08/2024 14:41:49.997] DEBUG: [qnx_commands.py->run_qnx_command()] Trying to run: "pidin -p service_vpe -f a | grep -v pid" on ACP3
[06/08/2024 14:41:50.106] DEBUG: [qnx_commands.py->run_qnx_command()] SystemType.ACP3 shell command returned: 946237
[06/08/2024 14:41:54.902] DEBUG: [qnx_commands.py->run_qnx_command()] Trying to run: "pidin -p RtosAppMain -f a | grep -v pid" on VCU
[06/08/2024 14:41:55.028] DEBUG: [qnx_commands.py->run_qnx_command()] SystemType.VCU shell command returned: 1110178
[06/08/2024 14:42:20.110] DEBUG: [qnx_commands.py->run_qnx_command()] Trying to run: "pidin -p service_vpe -f a | grep -v pid" on ACP3
[06/08/2024 14:42:20.219] DEBUG: [qnx_commands.py->run_qnx_command()] SystemType.ACP3 shell command returned: 946237
[06/08/2024 14:42:25.033] DEBUG: [qnx_commands.py->run_qnx_command()] Trying to run: "pidin -p RtosAppMain -f a | grep -v pid" on VCU
[06/08/2024 14:42:25.260] DEBUG: [qnx_commands.py->run_qnx_command()] SystemType.VCU shell command returned: 1110178
[06/08/2024 14:42:50.221] DEBUG: [qnx_commands.py->run_qnx_command()] Trying to run: "pidin -p service_vpe -f a | grep -v pid" on ACP3
[06/08/2024 14:42:50.327] DEBUG: [qnx_commands.py->run_qnx_command()] SystemType.ACP3 shell command returned: 946237
[06/08/2024 14:42:55.262] DEBUG: [qnx_commands.py->run_qnx_command()] Trying to run: "pidin -p RtosAppMain -f a | grep -v pid" on VCU
[06/08/2024 14:42:55.497] DEBUG: [qnx_commands.py->run_qnx_command()] SystemType.VCU shell command returned: 1110178
[06/08/2024 14:43:20.330] DEBUG: [qnx_commands.py->run_qnx_command()] Trying to run: "pidin -p service_vpe -f a | grep -v pid" on ACP3
[06/08/2024 14:43:20.436] DEBUG: [qnx_commands.py->run_qnx_command()] SystemType.ACP3 shell command returned: 946237
[06/08/2024 14:43:25.499] DEBUG: [qnx_commands.py->run_qnx_command()] Trying to run: "pidin -p RtosAppMain -f a | grep -v pid" on VCU
[06/08/2024 14:43:25.723] DEBUG: [qnx_commands.py->run_qnx_command()] SystemType.VCU shell command returned: 1110178
[06/08/2024 14:43:50.441] DEBUG: [qnx_commands.py->run_qnx_command()] Trying to run: "pidin -p service_vpe -f a | grep -v pid" on ACP3
[06/08/2024 14:43:50.551] DEBUG: [qnx_commands.py->run_qnx_command()] SystemType.ACP3 shell command returned: 946237
[06/08/2024 14:43:55.725] DEBUG: [qnx_commands.py->run_qnx_command()] Trying to run: "pidin -p RtosAppMain -f a | grep -v pid" on VCU
[06/08/2024 14:43:55.858] DEBUG: [qnx_commands.py->run_qnx_command()] SystemType.VCU shell command returned: 1110178
[06/08/2024 14:44:18.952]  WARN: [file_transfer_wrapper.py->copy_files_from_host()] Failed running FTP to copy files from host. Exception:
No existing session
[06/08/2024 14:44:18.946]  WARN: [file_transfer_wrapper.py->copy_files_from_host()] Failed running FTP to copy files from host. Exception:

[06/08/2024 14:44:19.958] DEBUG: [file_transfer_wrapper.py->copy_files_from_host()] Failed to FTP copy file to Host, Performing Retry 2 of 3
[06/08/2024 14:44:19.967] DEBUG: [file_transfer_wrapper.py->copy_files_from_host()] Failed to FTP copy file to Host, Performing Retry 2 of 3
[06/08/2024 14:44:20.556] DEBUG: [qnx_commands.py->run_qnx_command()] Trying to run: "pidin -p service_vpe -f a | grep -v pid" on ACP3
[06/08/2024 14:44:20.664] DEBUG: [qnx_commands.py->run_qnx_command()] SystemType.ACP3 shell command returned: 946237
[06/08/2024 14:44:25.863] DEBUG: [qnx_commands.py->run_qnx_command()] Trying to run: "pidin -p RtosAppMain -f a | grep -v pid" on VCU
[06/08/2024 14:44:26.095] DEBUG: [qnx_commands.py->run_qnx_command()] SystemType.VCU shell command returned: 1110178
[06/08/2024 14:44:50.668] DEBUG: [qnx_commands.py->run_qnx_command()] Trying to run: "pidin -p service_vpe -f a | grep -v pid" on ACP3
[06/08/2024 14:44:50.783] DEBUG: [qnx_commands.py->run_qnx_command()] SystemType.ACP3 shell command returned: 946237
[06/08/2024 14:44:56.097] DEBUG: [qnx_commands.py->run_qnx_command()] Trying to run: "pidin -p RtosAppMain -f a | grep -v pid" on VCU
[06/08/2024 14:44:56.324] DEBUG: [qnx_commands.py->run_qnx_command()] SystemType.VCU shell command returned: 1110178
[06/08/2024 14:45:20.787] DEBUG: [qnx_commands.py->run_qnx_command()] Trying to run: "pidin -p service_vpe -f a | grep -v pid" on ACP3
[06/08/2024 14:45:20.895] DEBUG: [qnx_commands.py->run_qnx_command()] SystemType.ACP3 shell command returned: 946237
[06/08/2024 14:45:26.329] DEBUG: [qnx_commands.py->run_qnx_command()] Trying to run: "pidin -p RtosAppMain -f a | grep -v pid" on VCU
[06/08/2024 14:45:29.085] DEBUG: [qnx_commands.py->run_qnx_command()] SystemType.VCU shell command returned: 1110178
[06/08/2024 14:45:32.756]  INFO: [dlt_ongoing_collector.py->_backup_dlt_files()] finished backup: [Soc.087.dlt]
[06/08/2024 14:45:32.998] DEBUG: [hmi_verify.py->_copy_screenshot_from_dut()] Copied screenshot from DUT path: /var/data//screenshot.bmp to Host path: D:\projects\vvi-automation\VPM_Automation_Logs\test_cold_boot_park_vcu_m_AVVP171263-30771\iteration_3\expected_views\screenshot.bmp
[06/08/2024 14:45:33.003] DEBUG: [hmi_verify.py->_rename_screenshot()] Trying to rename screenshot
[06/08/2024 14:45:33.018] DEBUG: [hmi_verify.py->_convert_screenshot()] Trying to convert D:\projects\vvi-automation\VPM_Automation_Logs\test_cold_boot_park_vcu_m_AVVP171263-30771\iteration_3\expected_views\expected_rear_view_before_cold_boot.bmp to png
[06/08/2024 14:45:33.580] DEBUG: [hmi_verify.py->_convert_screenshot()] Converted D:\projects\vvi-automation\VPM_Automation_Logs\test_cold_boot_park_vcu_m_AVVP171263-30771\iteration_3\expected_views\expected_rear_view_before_cold_boot.bmp to D:\projects\vvi-automation\VPM_Automation_Logs\test_cold_boot_park_vcu_m_AVVP171263-30771\iteration_3\expected_views\expected_rear_view_before_cold_boot.png
[06/08/2024 14:45:33.585] DEBUG: [hmi_verify.py->_rename_screenshot()] Copied screenshot from D:\projects\vvi-automation\VPM_Automation_Logs\test_cold_boot_park_vcu_m_AVVP171263-30771\iteration_3\expected_views\screenshot.bmp to D:\projects\vvi-automation\VPM_Automation_Logs\test_cold_boot_park_vcu_m_AVVP171263-30771\iteration_3\expected_views\expected_rear_view_before_cold_boot.png
[06/08/2024 14:45:33.589] DEBUG: [hmi_verify.py->verify_image_by_marker()] Verifying view=<HmiViewSelection.REAR_PERSPECTIVE: 'rear_perspective'> by markers, expected_markers=[20], excluded_markers=(), flip_view=True
[06/08/2024 14:45:33.659]  INFO: [hmi_verify.py->verify_image_by_marker_core()] REAR_PERSPECTIVE view successfully detected!
[06/08/2024 14:45:33.664]  INFO: [hmi_verify.py->verify_rear_perspective()] Camera shown is rear camera!
[06/08/2024 14:45:33.786]  INFO: [hmi_verify.py->validate_no_green_in_image()]
[06/08/2024 14:45:33.792]  INFO: [low_level_utils.py->guideline_check()] Verifying guidelines
[06/08/2024 14:45:33.832] DEBUG: [image_handler.py->validate_guidelines()] Ratio between colored pixels and non-colored pixels in view Perspective is: colored_to_black_pixel_ratio=0.0128375
[06/08/2024 14:45:33.836] DEBUG: [image_handler.py->validate_guidelines()] Minimal ratio to detect guidelines is self.minimal_ratio_of_colored_pixels_for_guidelines=0.001
[06/08/2024 14:45:33.841] DEBUG: [image_handler.py->validate_guidelines()] Guidelines detected in Perspective view!
[06/08/2024 14:45:33.845] DEBUG: [hmi_verify.py->generate_qnx_screenshot_command()] Creating QNX screenshot command
[06/08/2024 14:45:33.849] DEBUG: [hmi_verify.py->qnx_screenshot()] Taking QNX screenshot
[06/08/2024 14:45:33.853] DEBUG: [qnx_commands.py->run_qnx_command()] Trying to run: "rm /var/data//screenshot.bmp" on VCU
[06/08/2024 14:45:33.986] DEBUG: [qnx_commands.py->run_qnx_command()] Trying to run: "screenshot -size=600x1200 -pos=6230,1 -file=/var/data//screenshot.bmp -display=1" on VCU
[06/08/2024 14:45:35.463] DEBUG: [hmi_verify.py->_copy_screenshot_from_dut()] Copied screenshot from DUT path: /var/data//screenshot.bmp to Host path: D:\projects\vvi-automation\VPM_Automation_Logs\test_cold_boot_park_vcu_m_AVVP171263-30771\iteration_3\expected_views\screenshot.bmp
[06/08/2024 14:45:35.475] DEBUG: [hmi_verify.py->_rename_screenshot()] Trying to rename screenshot
[06/08/2024 14:45:35.499] DEBUG: [hmi_verify.py->_convert_screenshot()] Trying to convert D:\projects\vvi-automation\VPM_Automation_Logs\test_cold_boot_park_vcu_m_AVVP171263-30771\iteration_3\expected_views\expected_top_down_view__before_cold_boot.bmp to png
[06/08/2024 14:45:35.736] DEBUG: [hmi_verify.py->_convert_screenshot()] Converted D:\projects\vvi-automation\VPM_Automation_Logs\test_cold_boot_park_vcu_m_AVVP171263-30771\iteration_3\expected_views\expected_top_down_view__before_cold_boot.bmp to D:\projects\vvi-automation\VPM_Automation_Logs\test_cold_boot_park_vcu_m_AVVP171263-30771\iteration_3\expected_views\expected_top_down_view__before_cold_boot.png
[06/08/2024 14:45:35.746] DEBUG: [hmi_verify.py->_rename_screenshot()] Copied screenshot from D:\projects\vvi-automation\VPM_Automation_Logs\test_cold_boot_park_vcu_m_AVVP171263-30771\iteration_3\expected_views\screenshot.bmp to D:\projects\vvi-automation\VPM_Automation_Logs\test_cold_boot_park_vcu_m_AVVP171263-30771\iteration_3\expected_views\expected_top_down_view__before_cold_boot.png
[06/08/2024 14:45:35.755] DEBUG: [hmi_verify.py->verify_image_by_marker()] Verifying view=<HmiViewSelection.TOP_DOWN: 'top_down'> by markers, expected_markers={1, 4, 15, 16, 19, 20}, excluded_markers=(), flip_view=False
[06/08/2024 14:45:35.825]  INFO: [hmi_verify.py->verify_image_by_marker_core()] TOP_DOWN view successfully detected!
[06/08/2024 14:45:35.829]  INFO: [hmi_verify.py->verify_top_down_view()] TOP_DOWN view successfully detected!
[06/08/2024 14:45:35.897]  INFO: [hmi_verify.py->validate_no_green_in_image()]
[06/08/2024 14:45:35.901]  INFO: [low_level_utils.py->guideline_check()] Verifying guidelines
[06/08/2024 14:45:35.925] DEBUG: [image_handler.py->validate_guidelines()] Ratio between colored pixels and non-colored pixels in view Topdown is: colored_to_black_pixel_ratio=0.004798611111111111
[06/08/2024 14:45:35.929] DEBUG: [image_handler.py->validate_guidelines()] Minimal ratio to detect guidelines is self.minimal_ratio_of_colored_pixels_for_guidelines=0.001
[06/08/2024 14:45:35.933] DEBUG: [image_handler.py->validate_guidelines()] Guidelines detected in Topdown view!
[06/08/2024 14:45:35.937] DEBUG: [testing_logs_utils.py->logged_sleep()] Sleeping for 4 seconds
[06/08/2024 14:45:39.941] DEBUG: [testing_logs_utils.py->logged_sleep()] Done sleeping
[06/08/2024 14:45:39.946]  INFO: [web_cam_util.py->stop()] Video Capture Ended
[06/08/2024 14:45:39.951] DEBUG: [web_cam_util.py->_stop_capture_log()] Number frames captured: 0
[06/08/2024 14:45:39.957] DEBUG: [web_cam_util.py->_stop_capture_log()] Elapsed time: 852.72sec
[06/08/2024 14:45:39.962] DEBUG: [web_cam_util.py->_stop_capture_log()] Real rate: 0.0fps
Setting artifact directory to D:\projects\vvi-automation\VPM_Automation_Logs\test_cold_boot_park_vcu_m_AVVP171263-30771\iteration_3
[06/08/2024 14:45:40.228]  INFO: [IterationActions.py->extract_data_after_iteration()] Extracting data after iteration
[06/08/2024 14:45:40.233] DEBUG: [DutLogsHandler.py->export_all_log_files()] Exporting log files
Setting artifact directory to D:\projects\vvi-automation\VPM_Automation_Logs\test_cold_boot_park_vcu_m_AVVP171263-30771\iteration_3\Logs
[06/08/2024 14:45:40.239] DEBUG: [qnx_commands.py->run_qnx_command()] Trying to run: "ls /var/log/dlt_raw" on VCU
[06/08/2024 14:45:40.256]  INFO: [web_cam_util.py->run()] Captured video saved into the filepath: D:\projects\vvi-automation\VPM_Automation_Logs\test_cold_boot_park_vcu_m_AVVP171263-30771\iteration_3\video_capture_iteration_3.mp4
[06/08/2024 14:45:40.372] DEBUG: [qnx_commands.py->run_qnx_command()] SystemType.VCU shell command returned: Audio.250.dlt
CriticalSoc.190.dlt
PARSE_RAW_DLT.README
Soc.086.dlt
Soc.087.dlt
Soc.088.dlt
Soc.089.dlt
Soc.090.dlt
Soc.091.dlt
Vip.131.dlt
dlt_logstorage.conf
parse_dlt.sh
[06/08/2024 14:45:40.379] DEBUG: [qnx_commands.py->run_qnx_command()] Trying to run: "ls /var/log/dlt_raw | wc -l" on VCU
[06/08/2024 14:45:40.629] DEBUG: [web_cam_util.py->apply_camera_settings()] External camera settings applied.
[06/08/2024 14:45:40.646] DEBUG: [qnx_commands.py->run_qnx_command()] SystemType.VCU shell command returned: 12
[06/08/2024 14:45:40.651] DEBUG: [DLTFilesCollector.py->_collect_dlt_from_dut()] Exporting dlt files from VCU on IP [172.16.4.101] to directory [D:\projects\vvi-automation\VPM_Automation_Logs\test_cold_boot_park_vcu_m_AVVP171263-30771\iteration_3\Logs]
[06/08/2024 14:45:40.655] DEBUG: [qnx_commands.py->run_qnx_command()] Trying to run: "ls /var/log/dlt_raw/*" on VCU
[06/08/2024 14:45:40.914] DEBUG: [qnx_commands.py->run_qnx_command()] SystemType.VCU shell command returned: /var/log/dlt_raw/Audio.250.dlt
/var/log/dlt_raw/CriticalSoc.190.dlt
/var/log/dlt_raw/PARSE_RAW_DLT.README
/var/log/dlt_raw/Soc.086.dlt
/var/log/dlt_raw/Soc.087.dlt
/var/log/dlt_raw/Soc.088.dlt
/var/log/dlt_raw/Soc.089.dlt
/var/log/dlt_raw/Soc.090.dlt
/var/log/dlt_raw/Soc.091.dlt
/var/log/dlt_raw/Vip.131.dlt
/var/log/dlt_raw/dlt_logstorage.conf
/var/log/dlt_raw/parse_dlt.sh
[06/08/2024 14:45:40.919] DEBUG: [qnx_commands.py->run_qnx_command()] Trying to run: "tar -czvf /var/data/VCU_dlt_files_20240806144540.tgz /var/log/dlt_raw/Soc*.dlt /var/log/dlt_raw/CriticalSoc*.dlt /var/log/dlt_raw/Vip*.dlt" on VCU
[06/08/2024 14:45:43.804] DEBUG: [qnx_commands.py->run_qnx_command()] SystemType.VCU shell command returned: tar: Removing leading '/' from member names
a var/log/dlt_raw/Soc.086.dlt
a var/log/dlt_raw/Soc.087.dlt
a var/log/dlt_raw/Soc.088.dlt
a var/log/dlt_raw/Soc.089.dlt
a var/log/dlt_raw/Soc.090.dlt
a var/log/dlt_raw/Soc.091.dlt
a var/log/dlt_raw/CriticalSoc.190.dlt
a var/log/dlt_raw/Vip.131.dlt
[06/08/2024 14:45:45.108] DEBUG: [qnx_commands.py->run_qnx_command()] Trying to run: "rm /var/data/*_dlt_files_*.tgz" on VCU
[06/08/2024 14:45:45.246] DEBUG: [DLTFilesCollector.py->collect_and_remove_dlt_files()] Collect dlt files done!
[06/08/2024 14:45:45.250] DEBUG: [DLTFilesCollector.py->collect_and_remove_dlt_files()] remove the dlt file from the device
[06/08/2024 14:45:45.253] DEBUG: [DLTFilesCollector.py->_remove_dlt_files_from_dut()] Delete all files in /var/log/dlt
[06/08/2024 14:45:45.257] DEBUG: [qnx_commands.py->run_qnx_command()] Trying to run: "ls /var/log/dlt" on VCU
[06/08/2024 14:45:45.517] DEBUG: [qnx_commands.py->run_qnx_command()] SystemType.VCU shell command returned: Soc.086.dlt.2024-08-06_12-27-10.log
Soc.087.dlt.2024-08-06_12-28-18.log
Soc.088.dlt.2024-08-06_12-29-17.log
Soc.089.dlt.2024-08-06_12-30-01.log
Soc.090.dlt.2024-08-06_12-34-48.log
[06/08/2024 14:45:45.531] DEBUG: [qnx_commands.py->run_qnx_command()] Trying to run: "ls /var/log/dlt | wc -l" on VCU
[06/08/2024 14:45:45.778] DEBUG: [qnx_commands.py->run_qnx_command()] SystemType.VCU shell command returned: 5
[06/08/2024 14:45:45.792] DEBUG: [qnx_commands.py->run_qnx_command()] Trying to run: "ls /var/log/dlt/Soc.*.dlt" on VCU
[06/08/2024 14:45:46.059] DEBUG: [qnx_commands.py->run_qnx_command()] SystemType.VCU shell command returned: ls: No such file or directory (/var/log/dlt/Soc.*.dlt)
[06/08/2024 14:45:46.073] DEBUG: [qnx_commands.py->run_qnx_command()] Trying to run: "ls /var/log/dlt/Vip.*.dlt" on VCU
[06/08/2024 14:45:46.423] DEBUG: [qnx_commands.py->run_qnx_command()] SystemType.VCU shell command returned: ls: No such file or directory (/var/log/dlt/Vip.*.dlt)
[06/08/2024 14:45:46.427] DEBUG: [qnx_commands.py->run_qnx_command()] Trying to run: "ls /var/log/dlt/CriticalSoc.*.dlt" on VCU
[06/08/2024 14:45:46.672] DEBUG: [qnx_commands.py->run_qnx_command()] SystemType.VCU shell command returned: ls: No such file or directory (/var/log/dlt/CriticalSoc.*.dlt)
[06/08/2024 14:45:46.685] DEBUG: [qnx_commands.py->run_qnx_command()] Trying to run: "ls /var/log/dlt/Audio.*.dlt" on VCU
[06/08/2024 14:45:46.947] DEBUG: [qnx_commands.py->run_qnx_command()] SystemType.VCU shell command returned: ls: No such file or directory (/var/log/dlt/Audio.*.dlt)
[06/08/2024 14:45:46.953] DEBUG: [DLTFilesCollector.py->_remove_dlt_files_from_dut()] the list of files to delete after sorting and remove the latest from each group: []
[06/08/2024 14:45:46.958] DEBUG: [qnx_commands.py->run_qnx_command()] Trying to run: "rm -r " on VCU
[06/08/2024 14:45:47.208] DEBUG: [qnx_commands.py->run_qnx_command()] SystemType.VCU shell command returned: rm: Must specify file[s] for removal.
[06/08/2024 14:45:47.219] DEBUG: [DLTFilesCollector.py->_remove_dlt_files_from_dut()] Delete all files in /var/log/dlt_raw
[06/08/2024 14:45:47.226] DEBUG: [qnx_commands.py->run_qnx_command()] Trying to run: "ls /var/log/dlt_raw" on VCU
[06/08/2024 14:45:47.476] DEBUG: [qnx_commands.py->run_qnx_command()] SystemType.VCU shell command returned: Audio.250.dlt
CriticalSoc.190.dlt
PARSE_RAW_DLT.README
Soc.086.dlt
Soc.087.dlt
Soc.088.dlt
Soc.089.dlt
Soc.090.dlt
Soc.091.dlt
Vip.131.dlt
dlt_logstorage.conf
parse_dlt.sh
[06/08/2024 14:45:47.481] DEBUG: [qnx_commands.py->run_qnx_command()] Trying to run: "ls /var/log/dlt_raw | wc -l" on VCU
[06/08/2024 14:45:47.752] DEBUG: [qnx_commands.py->run_qnx_command()] SystemType.VCU shell command returned: 12
[06/08/2024 14:45:47.765] DEBUG: [qnx_commands.py->run_qnx_command()] Trying to run: "ls /var/log/dlt_raw/Soc.*.dlt" on VCU
[06/08/2024 14:45:48.034] DEBUG: [qnx_commands.py->run_qnx_command()] SystemType.VCU shell command returned: /var/log/dlt_raw/Soc.086.dlt
/var/log/dlt_raw/Soc.087.dlt
/var/log/dlt_raw/Soc.088.dlt
/var/log/dlt_raw/Soc.089.dlt
/var/log/dlt_raw/Soc.090.dlt
/var/log/dlt_raw/Soc.091.dlt
[06/08/2024 14:45:48.048] DEBUG: [qnx_commands.py->run_qnx_command()] Trying to run: "ls /var/log/dlt_raw/Vip.*.dlt" on VCU
[06/08/2024 14:45:48.298] DEBUG: [qnx_commands.py->run_qnx_command()] SystemType.VCU shell command returned: /var/log/dlt_raw/Vip.131.dlt
[06/08/2024 14:45:48.315] DEBUG: [qnx_commands.py->run_qnx_command()] Trying to run: "ls /var/log/dlt_raw/CriticalSoc.*.dlt" on VCU
[06/08/2024 14:45:48.562] DEBUG: [qnx_commands.py->run_qnx_command()] SystemType.VCU shell command returned: /var/log/dlt_raw/CriticalSoc.190.dlt
[06/08/2024 14:45:48.567] DEBUG: [qnx_commands.py->run_qnx_command()] Trying to run: "ls /var/log/dlt_raw/Audio.*.dlt" on VCU
[06/08/2024 14:45:48.838] DEBUG: [qnx_commands.py->run_qnx_command()] SystemType.VCU shell command returned: /var/log/dlt_raw/Audio.250.dlt
[06/08/2024 14:45:48.842] DEBUG: [DLTFilesCollector.py->_remove_dlt_files_from_dut()] the list of files to delete after sorting and remove the latest from each group: ['/var/log/dlt_raw/Soc.086.dlt', '/var/log/dlt_raw/Soc.087.dlt', '/var/log/dlt_raw/Soc.088.dlt', '/var/log/dlt_raw/Soc.089.dlt', '/var/log/dlt_raw/Soc.090.dlt']
[06/08/2024 14:45:48.846] DEBUG: [qnx_commands.py->run_qnx_command()] Trying to run: "rm -r /var/log/dlt_raw/Soc.086.dlt /var/log/dlt_raw/Soc.087.dlt /var/log/dlt_raw/Soc.088.dlt /var/log/dlt_raw/Soc.089.dlt /var/log/dlt_raw/Soc.090.dlt" on VCU
[06/08/2024 14:45:49.104] DEBUG: [DLTFilesCollector.py->collect_and_remove_dlt_files()] Delete dlt files done!
[06/08/2024 14:45:49.117] DEBUG: [DebugInfo.py->collect_bmetrics_log()] collect the bmetrics log file to D:\projects\vvi-automation\VPM_Automation_Logs\test_cold_boot_park_vcu_m_AVVP171263-30771\iteration_3\Logs...
[06/08/2024 14:45:49.131] DEBUG: [qnx_commands.py->run_qnx_command()] Trying to run: "cat /dev/bmetrics > /var/log/bmetrics.log" on VCU
[06/08/2024 14:45:49.369] DEBUG: [DebugInfo.py->collect_bmetrics_log()] bmetrics:

[06/08/2024 14:45:49.976] DEBUG: [DebugInfo.py->collect_slog2info_log()] collect Slog2info log file to D:\projects\vvi-automation\VPM_Automation_Logs\test_cold_boot_park_vcu_m_AVVP171263-30771\iteration_3\Logs...
[06/08/2024 14:45:49.987] DEBUG: [qnx_commands.py->run_qnx_command()] Trying to run: "slog2info > /tmp/slog2info.log" on VCU
[06/08/2024 14:45:50.899] DEBUG: [qnx_commands.py->run_qnx_command()] Trying to run: "pidin -p service_vpe -f a | grep -v pid" on ACP3
[06/08/2024 14:45:51.008] DEBUG: [qnx_commands.py->run_qnx_command()] SystemType.ACP3 shell command returned: 946237
[06/08/2024 14:45:52.948] DEBUG: [qnx_commands.py->run_qnx_command()] Trying to run: "slog2info -c" on VCU
[06/08/2024 14:45:53.590] DEBUG: [DebugInfo.py->collect_slog2info_log()] Slog2info:

[06/08/2024 14:45:56.685] DEBUG: [file_transfer_wrapper.py->copy_files_from_host()] /var/log/vpe/rvc_service.log not exist, skip!
[06/08/2024 14:45:56.691] DEBUG: [qnx_commands.py->run_qnx_command()] Trying to run: "ls /var/log/vpe/rvc_service.log" on VCU
[06/08/2024 14:45:56.823] DEBUG: [qnx_commands.py->run_qnx_command()] SystemType.VCU shell command returned: ls: No such file or directory (/var/log/vpe/rvc_service.log)
[06/08/2024 14:45:56.827] DEBUG: [qnx_commands.py->run_qnx_command()] Trying to run: "tar -czvf /var/data/uc_logs.tgz /var/uc_logs*/* /var/uclogs*/*" on VCU
[06/08/2024 14:45:57.079] DEBUG: [qnx_commands.py->run_qnx_command()] SystemType.VCU shell command returned: tar: /var/uc_logs*/*: Cannot stat: No such file or directory
tar: /var/uclogs*/*: Cannot stat: No such file or directory
tar: Error exit delayed from previous errors.
[06/08/2024 14:45:57.083] DEBUG: [DutLogsHandler.py->tar_files()] Log files zip command output: tar: /var/uc_logs*/*: Cannot stat: No such file or directory
tar: /var/uclogs*/*: Cannot stat: No such file or directory
tar: Error exit delayed from previous errors.
[06/08/2024 14:45:57.414] DEBUG: [file_transfer_wrapper.py->copy_files_from_host()] /var/data/uc_logs.tgz not exist, skip!
[06/08/2024 14:45:57.419] DEBUG: [qnx_commands.py->run_qnx_command()] Trying to run: "rm /var/data/uc_logs.tgz" on VCU
[06/08/2024 14:45:57.585] DEBUG: [qnx_commands.py->run_qnx_command()] Trying to run: "ls /var/uc_logs*/* /var/uclogs*/*" on ACP3
[06/08/2024 14:45:57.696] DEBUG: [qnx_commands.py->run_qnx_command()] SystemType.ACP3 shell command returned: /var/uc_logs/1_Current_Logs
/var/uc_logs/2021-06-01_00-00-02_ShmemKiller_790560.txt
/var/uc_logs/2021-06-01_00-00-03_CameraDriver_946229.txt
/var/uc_logs/2021-06-01_00-00-03_PubSubManager_909364.txt
/var/uc_logs/2021-06-01_00-00-03_early_rvc_790568.txt
/var/uc_logs/2021-06-01_00-00-06_service_vpe_946237.txt
/var/uc_logs/2021-06-01_00-00-07_Acp3S2SGW_1343573.txt
/var/uc_logs/2021-06-01_00-00-07_LogTimeSynchronizer_1343572.txt
/var/uc_logs/2021-06-01_00-00-11_SNSDiagnosticsCameraDMS_1351767.txt
/var/uc_logs/2021-06-01_00-00-11_isp_1351775.txt
/var/uc_logs/2021-06-01_00-00-11_mlt_main_acp3_1351773.txt
/var/uc_logs/2021-06-01_00-00-11_mot_main_1351771.txt
/var/uc_logs/2021-06-01_00-00-11_perception_events_daemon_1351772.txt
/var/uc_logs/2021-06-01_00-00-11_shadow_app_main_1351774.txt
/var/uc_logs/2021-06-01_00-00-12_detector_rear_short_range_1351770.txt
/var/uc_logs/2021-06-01_00-00-13_SNSDiagnosticsCameraMirrorRight_1351755.txt
/var/uc_logs/2021-06-01_00-00-13_SNSDiagnosticsDMSEmitter_1351780.txt
/var/uc_logs/2021-06-01_00-00-13_SNSDiagnosticsSensingXID_1351766.txt
/var/uc_logs/2021-06-01_00-00-14_SNSDiagnosticsCameraGrillFront_1351768.txt
/var/uc_logs/2021-06-01_00-00-14_SNSDiagnosticsCameraLiftGate_1351769.txt
/var/uc_logs/2021-06-01_00-00-14_SNSDiagnosticsCameraMirrorLeft_1351764.txt
/var/uc_logs/2021-06-01_00-00-15_detector_sides_short_range_1433702.txt
/var/uc_logs/2021-06-01_00-00-20_detector_front_short_range_1454187.txt
/var/uc_logs/2021-06-01_00-00-22_PlatformApiAdapter_1474668.txt
/var/uc_logs/2021-06-01_00-00-22_TimeSynchronizer_1474669.txt
/var/uc_logs/2021-06-01_00-00-23_DcuManager_1474670.txt
/var/uc_logs/2021-06-01_00-00-23_alignCamera2Ground_1474671.txt
/var/uc_logsA/2021-06-01_00-00-02_ShmemKiller_790560.txt
/var/uc_logsA/2021-06-01_00-00-03_CameraDriver_946229.txt
/var/uc_logsA/2021-06-01_00-00-03_PubSubManager_892980.txt
/var/uc_logsA/2021-06-01_00-00-03_early_rvc_790570.txt
/var/uc_logsA/2021-06-01_00-00-06_service_vpe_946237.txt
/var/uc_logsA/2021-06-01_00-00-07_Acp3S2SGW_1343573.txt
/var/uc_logsA/2021-06-01_00-00-07_LogTimeSynchronizer_1343572.txt
/var/uc_logsA/2021-06-01_00-00-11_SNSDiagnosticsCameraDMS_1351767.txt
/var/uc_logsA/2021-06-01_00-00-11_isp_1351775.txt
/var/uc_logsA/2021-06-01_00-00-11_mlt_main_acp3_1351773.txt
/var/uc_logsA/2021-06-01_00-00-11_mot_main_1351771.txt
/var/uc_logsA/2021-06-01_00-00-11_perception_events_daemon_1351772.txt
/var/uc_logsA/2021-06-01_00-00-11_shadow_app_main_1351774.txt
/var/uc_logsA/2021-06-01_00-00-12_detector_rear_short_range_1351770.txt
/var/uc_logsA/2021-06-01_00-00-13_SNSDiagnosticsDMSEmitter_1351782.txt
/var/uc_logsA/2021-06-01_00-00-13_SNSDiagnosticsSensingXID_1351766.txt
/var/uc_logsA/2021-06-01_00-00-14_SNSDiagnosticsCameraGrillFront_1351768.txt
/var/uc_logsA/2021-06-01_00-00-14_SNSDiagnosticsCameraLiftGate_1351769.txt
/var/uc_logsA/2021-06-01_00-00-14_SNSDiagnosticsCameraMirrorLeft_1351764.txt
/var/uc_logsA/2021-06-01_00-00-14_SNSDiagnosticsCameraMirrorRight_1351755.txt
/var/uc_logsA/2021-06-01_00-00-16_detector_sides_short_range_1470567.txt
/var/uc_logsA/2021-06-01_00-00-21_detector_front_short_range_1491052.txt
/var/uc_logsA/2021-06-01_00-00-22_PlatformApiAdapter_1511533.txt
/var/uc_logsA/2021-06-01_00-00-22_TimeSynchronizer_1511534.txt
/var/uc_logsA/2021-06-01_00-00-23_DcuManager_1511535.txt
/var/uc_logsA/2021-06-01_00-00-24_alignCamera2Ground_1511536.txt
/var/uc_logsB/1_Current_Logs
/var/uc_logsB/2021-06-01_00-00-02_ShmemKiller_790560.txt
/var/uc_logsB/2021-06-01_00-00-03_CameraDriver_946229.txt
/var/uc_logsB/2021-06-01_00-00-03_PubSubManager_909364.txt
/var/uc_logsB/2021-06-01_00-00-03_early_rvc_790568.txt
/var/uc_logsB/2021-06-01_00-00-06_service_vpe_946237.txt
/var/uc_logsB/2021-06-01_00-00-07_Acp3S2SGW_1343573.txt
/var/uc_logsB/2021-06-01_00-00-07_LogTimeSynchronizer_1343572.txt
/var/uc_logsB/2021-06-01_00-00-11_SNSDiagnosticsCameraDMS_1351767.txt
/var/uc_logsB/2021-06-01_00-00-11_isp_1351775.txt
/var/uc_logsB/2021-06-01_00-00-11_mlt_main_acp3_1351773.txt
/var/uc_logsB/2021-06-01_00-00-11_mot_main_1351771.txt
/var/uc_logsB/2021-06-01_00-00-11_perception_events_daemon_1351772.txt
/var/uc_logsB/2021-06-01_00-00-11_shadow_app_main_1351774.txt
/var/uc_logsB/2021-06-01_00-00-12_detector_rear_short_range_1351770.txt
/var/uc_logsB/2021-06-01_00-00-13_SNSDiagnosticsCameraMirrorRight_1351755.txt
/var/uc_logsB/2021-06-01_00-00-13_SNSDiagnosticsDMSEmitter_1351780.txt
/var/uc_logsB/2021-06-01_00-00-13_SNSDiagnosticsSensingXID_1351766.txt
/var/uc_logsB/2021-06-01_00-00-14_SNSDiagnosticsCameraGrillFront_1351768.txt
/var/uc_logsB/2021-06-01_00-00-14_SNSDiagnosticsCameraLiftGate_1351769.txt
/var/uc_logsB/2021-06-01_00-00-14_SNSDiagnosticsCameraMirrorLeft_1351764.txt
/var/uc_logsB/2021-06-01_00-00-15_detector_sides_short_range_1433702.txt
/var/uc_logsB/2021-06-01_00-00-20_detector_front_short_range_1454187.txt
/var/uc_logsB/2021-06-01_00-00-22_PlatformApiAdapter_1474668.txt
/var/uc_logsB/2021-06-01_00-00-22_TimeSynchronizer_1474669.txt
/var/uc_logsB/2021-06-01_00-00-23_DcuManager_1474670.txt
/var/uc_logsB/2021-06-01_00-00-23_alignCamera2Ground_1474671.txt
/var/uclogs/1_Current_Logs
/var/uclogs/ACP3 DM Manager logger.log
/var/uclogs/ACP3 PassThrough Manager logger.log
/var/uclogs/ACP3 UCM Manager logger.log
/var/uclogs/ASUM_CommDiag.log
/var/uclogs/ASUM_DM_SafetyAgent.log
/var/uclogs/ASUM_Diag.log
/var/uclogs/ASec.log
/var/uclogs/ASpu.log
/var/uclogs/C2GA.log
/var/uclogs/CAMD.log
/var/uclogs/ConD.log
/var/uclogs/DCUM.log
/var/uclogs/DLTD.log
/var/uclogs/DLTR.log
/var/uclogs/DMSCal.log
/var/uclogs/DMS_Manager.log
/var/uclogs/DV.log
/var/uclogs/DiagNetworkIntegration.log
/var/uclogs/DiagnosticsCameraDMS.log
/var/uclogs/DiagnosticsCameraGrillFront.log
/var/uclogs/DiagnosticsCameraLiftGate.log
/var/uclogs/DiagnosticsCameraMirrorLeft.log
/var/uclogs/DiagnosticsCameraMirrorRight.log
/var/uclogs/DiagnosticsDMSEmitter.log
/var/uclogs/DiagnosticsSensingXID.log
/var/uclogs/EM.log
/var/uclogs/EVNT.log
/var/uclogs/ISP.log
/var/uclogs/LogT.log
/var/uclogs/MLT.log
/var/uclogs/MOT.log
/var/uclogs/MapApp.log
/var/uclogs/MapDataLayer.log
/var/uclogs/MapOTA.log
/var/uclogs/MapRedBend.log
/var/uclogs/MapRouteServer.log
/var/uclogs/NMng.log
/var/uclogs/QQQDiagApp.log
/var/uclogs/S2SG.log
/var/uclogs/SHDW.log
/var/uclogs/SMAT.log
/var/uclogs/SysD.log
/var/uclogs/TSYN.log
/var/uclogs/VExc.log
/var/uclogs/VPER.log
/var/uclogs/VPE_SV.log
/var/uclogs/VPhm.log
/var/uclogs/VSom.log
/var/uclogs/VhFn.log
/var/uclogs/gwdc.log
/var/uclogsA/ACP3 DM Manager logger.log
/var/uclogsA/ACP3 PassThrough Manager logger.log
/var/uclogsA/ACP3 UCM Manager logger.log
/var/uclogsA/ASUM_CommDiag.log
/var/uclogsA/ASUM_DM_SafetyAgent.log
/var/uclogsA/ASUM_Diag.log
/var/uclogsA/ASec.log
/var/uclogsA/ASpu.log
/var/uclogsA/C2GA.log
/var/uclogsA/CAMD.log
/var/uclogsA/ConD.log
/var/uclogsA/DCUM.log
/var/uclogsA/DLTD.log
/var/uclogsA/DLTR.log
/var/uclogsA/DMSCal.log
/var/uclogsA/DMS_Manager.log
/var/uclogsA/DV.log
/var/uclogsA/DiagNetworkIntegration.log
/var/uclogsA/DiagnosticsCameraDMS.log
/var/uclogsA/DiagnosticsCameraGrillFront.log
/var/uclogsA/DiagnosticsCameraLiftGate.log
/var/uclogsA/DiagnosticsCameraMirrorLeft.log
/var/uclogsA/DiagnosticsCameraMirrorRight.log
/var/uclogsA/DiagnosticsDMSEmitter.log
/var/uclogsA/DiagnosticsSensingXID.log
/var/uclogsA/EM.log
/var/uclogsA/EVNT.log
/var/uclogsA/ISP.log
/var/uclogsA/LogT.log
/var/uclogsA/MLT.log
/var/uclogsA/MOT.log
/var/uclogsA/MapApp.log
/var/uclogsA/MapDataLayer.log
/var/uclogsA/MapOTA.log
/var/uclogsA/MapRedBend.log
/var/uclogsA/MapRouteServer.log
/var/uclogsA/NMng.log
/var/uclogsA/QQQDiagApp.log
/var/uclogsA/S2SG.log
/var/uclogsA/SHDW.log
/var/uclogsA/SMAT.log
/var/uclogsA/SysD.log
/var/uclogsA/TSYN.log
/var/uclogsA/VExc.log
/var/uclogsA/VPER.log
/var/uclogsA/VPE_SV.log
/var/uclogsA/VPhm.log
/var/uclogsA/VSom.log
/var/uclogsA/VhFn.log
/var/uclogsA/gwdc.log
/var/uclogsB/1_Current_Logs
/var/uclogsB/ACP3 DM Manager logger.log
/var/uclogsB/ACP3 PassThrough Manager logger.log
/var/uclogsB/ACP3 UCM Manager logger.log
/var/uclogsB/ASUM_CommDiag.log
/var/uclogsB/ASUM_DM_SafetyAgent.log
/var/uclogsB/ASUM_Diag.log
/var/uclogsB/ASec.log
/var/uclogsB/ASpu.log
/var/uclogsB/C2GA.log
/var/uclogsB/CAMD.log
/var/uclogsB/ConD.log
/var/uclogsB/DCUM.log
/var/uclogsB/DLTD.log
/var/uclogsB/DLTR.log
/var/uclogsB/DMSCal.log
/var/uclogsB/DMS_Manager.log
/var/uclogsB/DV.log
/var/uclogsB/DiagNetworkIntegration.log
/var/uclogsB/DiagnosticsCameraDMS.log
/var/uclogsB/DiagnosticsCameraGrillFront.log
/var/uclogsB/DiagnosticsCameraLiftGate.log
/var/uclogsB/DiagnosticsCameraMirrorLeft.log
/var/uclogsB/DiagnosticsCameraMirrorRight.log
/var/uclogsB/DiagnosticsDMSEmitter.log
/var/uclogsB/DiagnosticsSensingXID.log
/var/uclogsB/EM.log
/var/uclogsB/EVNT.log
/var/uclogsB/ISP.log
/var/uclogsB/LogT.log
/var/uclogsB/MLT.log
/var/uclogsB/MOT.log
/var/uclogsB/MapApp.log
/var/uclogsB/MapDataLayer.log
/var/uclogsB/MapOTA.log
/var/uclogsB/MapRedBend.log
/var/uclogsB/MapRouteServer.log
/var/uclogsB/NMng.log
/var/uclogsB/QQQDiagApp.log
/var/uclogsB/S2SG.log
/var/uclogsB/SHDW.log
/var/uclogsB/SMAT.log
/var/uclogsB/SysD.log
/var/uclogsB/TSYN.log
/var/uclogsB/VExc.log
/var/uclogsB/VPER.log
/var/uclogsB/VPE_SV.log
/var/uclogsB/VPhm.log
/var/uclogsB/VSom.log
/var/uclogsB/VhFn.log
/var/uclogsB/gwdc.log
[06/08/2024 14:45:57.714] DEBUG: [qnx_commands.py->run_qnx_command()] Trying to run: "tar -czvf /var/data/vpe_service_logs.tgz /var/log/vpe/*" on VCU
[06/08/2024 14:45:58.027] DEBUG: [qnx_commands.py->run_qnx_command()] SystemType.VCU shell command returned: tar: Removing leading '/' from member names
a var/log/vpe/enable_events_csv
a var/log/vpe/enable_signals_buffer
a var/log/vpe/vpe_service.log
[06/08/2024 14:45:58.040] DEBUG: [DutLogsHandler.py->tar_files()] Log files zip command output: tar: Removing leading '/' from member names
a var/log/vpe/enable_events_csv
a var/log/vpe/enable_signals_buffer
a var/log/vpe/vpe_service.log
[06/08/2024 14:45:58.364] DEBUG: [file_transfer_wrapper.py->copy_files_from_host()] /var/data/vpe_service_logs.tgz not exist, skip!
[06/08/2024 14:45:58.374] DEBUG: [qnx_commands.py->run_qnx_command()] Trying to run: "rm /var/data/vpe_service_logs.tgz" on VCU
[06/08/2024 14:45:58.538] DEBUG: [qnx_commands.py->run_qnx_command()] Trying to run: "ls /var/log/vpe/*" on ACP3
[06/08/2024 14:45:58.657] DEBUG: [qnx_commands.py->run_qnx_command()] SystemType.ACP3 shell command returned: /var/log/vpe/early_rvc_service.log
/var/log/vpe/early_rvc_service.sh
/var/log/vpe/early_rvc_service_system_info.log
/var/log/vpe/pidin_threads_946237.txt
/var/log/vpe/pidin_threads_None.txt
/var/log/vpe/vpe_service.log
/var/log/vpe/vpe_service.sh
/var/log/vpe/vpe_service_cfg.log
/var/log/vpe/vpe_service_system_info.log
[06/08/2024 14:45:58.671] DEBUG: [DutLogsHandler.py->clear_log_files_before_test()] Clearing log files
[06/08/2024 14:45:58.681] DEBUG: [qnx_commands.py->run_qnx_command()] Trying to run: "ls /var/log/vpe/rvc_service*.log" on VCU
[06/08/2024 14:45:59.002] DEBUG: [qnx_commands.py->run_qnx_command()] SystemType.VCU shell command returned: ls: No such file or directory (/var/log/vpe/rvc_service*.log)
[06/08/2024 14:45:59.017] DEBUG: [qnx_commands.py->run_qnx_command()] Trying to run: "ls /var/uc_logs*/* /var/uclogs*/*" on ACP3
[06/08/2024 14:45:59.091] DEBUG: [qnx_commands.py->run_qnx_command()] Trying to run: "pidin -p RtosAppMain -f a | grep -v pid" on VCU
[06/08/2024 14:45:59.135] DEBUG: [qnx_commands.py->run_qnx_command()] SystemType.ACP3 shell command returned: /var/uc_logs/1_Current_Logs
/var/uc_logs/2021-06-01_00-00-02_ShmemKiller_790560.txt
/var/uc_logs/2021-06-01_00-00-03_CameraDriver_946229.txt
/var/uc_logs/2021-06-01_00-00-03_PubSubManager_909364.txt
/var/uc_logs/2021-06-01_00-00-03_early_rvc_790568.txt
/var/uc_logs/2021-06-01_00-00-06_service_vpe_946237.txt
/var/uc_logs/2021-06-01_00-00-07_Acp3S2SGW_1343573.txt
/var/uc_logs/2021-06-01_00-00-07_LogTimeSynchronizer_1343572.txt
/var/uc_logs/2021-06-01_00-00-11_SNSDiagnosticsCameraDMS_1351767.txt
/var/uc_logs/2021-06-01_00-00-11_isp_1351775.txt
/var/uc_logs/2021-06-01_00-00-11_mlt_main_acp3_1351773.txt
/var/uc_logs/2021-06-01_00-00-11_mot_main_1351771.txt
/var/uc_logs/2021-06-01_00-00-11_perception_events_daemon_1351772.txt
/var/uc_logs/2021-06-01_00-00-11_shadow_app_main_1351774.txt
/var/uc_logs/2021-06-01_00-00-12_detector_rear_short_range_1351770.txt
/var/uc_logs/2021-06-01_00-00-13_SNSDiagnosticsCameraMirrorRight_1351755.txt
/var/uc_logs/2021-06-01_00-00-13_SNSDiagnosticsDMSEmitter_1351780.txt
/var/uc_logs/2021-06-01_00-00-13_SNSDiagnosticsSensingXID_1351766.txt
/var/uc_logs/2021-06-01_00-00-14_SNSDiagnosticsCameraGrillFront_1351768.txt
/var/uc_logs/2021-06-01_00-00-14_SNSDiagnosticsCameraLiftGate_1351769.txt
/var/uc_logs/2021-06-01_00-00-14_SNSDiagnosticsCameraMirrorLeft_1351764.txt
/var/uc_logs/2021-06-01_00-00-15_detector_sides_short_range_1433702.txt
/var/uc_logs/2021-06-01_00-00-20_detector_front_short_range_1454187.txt
/var/uc_logs/2021-06-01_00-00-22_PlatformApiAdapter_1474668.txt
/var/uc_logs/2021-06-01_00-00-22_TimeSynchronizer_1474669.txt
/var/uc_logs/2021-06-01_00-00-23_DcuManager_1474670.txt
/var/uc_logs/2021-06-01_00-00-23_alignCamera2Ground_1474671.txt
/var/uc_logsA/2021-06-01_00-00-02_ShmemKiller_790560.txt
/var/uc_logsA/2021-06-01_00-00-03_CameraDriver_946229.txt
/var/uc_logsA/2021-06-01_00-00-03_PubSubManager_892980.txt
/var/uc_logsA/2021-06-01_00-00-03_early_rvc_790570.txt
/var/uc_logsA/2021-06-01_00-00-06_service_vpe_946237.txt
/var/uc_logsA/2021-06-01_00-00-07_Acp3S2SGW_1343573.txt
/var/uc_logsA/2021-06-01_00-00-07_LogTimeSynchronizer_1343572.txt
/var/uc_logsA/2021-06-01_00-00-11_SNSDiagnosticsCameraDMS_1351767.txt
/var/uc_logsA/2021-06-01_00-00-11_isp_1351775.txt
/var/uc_logsA/2021-06-01_00-00-11_mlt_main_acp3_1351773.txt
/var/uc_logsA/2021-06-01_00-00-11_mot_main_1351771.txt
/var/uc_logsA/2021-06-01_00-00-11_perception_events_daemon_1351772.txt
/var/uc_logsA/2021-06-01_00-00-11_shadow_app_main_1351774.txt
/var/uc_logsA/2021-06-01_00-00-12_detector_rear_short_range_1351770.txt
/var/uc_logsA/2021-06-01_00-00-13_SNSDiagnosticsDMSEmitter_1351782.txt
/var/uc_logsA/2021-06-01_00-00-13_SNSDiagnosticsSensingXID_1351766.txt
/var/uc_logsA/2021-06-01_00-00-14_SNSDiagnosticsCameraGrillFront_1351768.txt
/var/uc_logsA/2021-06-01_00-00-14_SNSDiagnosticsCameraLiftGate_1351769.txt
/var/uc_logsA/2021-06-01_00-00-14_SNSDiagnosticsCameraMirrorLeft_1351764.txt
/var/uc_logsA/2021-06-01_00-00-14_SNSDiagnosticsCameraMirrorRight_1351755.txt
/var/uc_logsA/2021-06-01_00-00-16_detector_sides_short_range_1470567.txt
/var/uc_logsA/2021-06-01_00-00-21_detector_front_short_range_1491052.txt
/var/uc_logsA/2021-06-01_00-00-22_PlatformApiAdapter_1511533.txt
/var/uc_logsA/2021-06-01_00-00-22_TimeSynchronizer_1511534.txt
/var/uc_logsA/2021-06-01_00-00-23_DcuManager_1511535.txt
/var/uc_logsA/2021-06-01_00-00-24_alignCamera2Ground_1511536.txt
/var/uc_logsB/1_Current_Logs
/var/uc_logsB/2021-06-01_00-00-02_ShmemKiller_790560.txt
/var/uc_logsB/2021-06-01_00-00-03_CameraDriver_946229.txt
/var/uc_logsB/2021-06-01_00-00-03_PubSubManager_909364.txt
/var/uc_logsB/2021-06-01_00-00-03_early_rvc_790568.txt
/var/uc_logsB/2021-06-01_00-00-06_service_vpe_946237.txt
/var/uc_logsB/2021-06-01_00-00-07_Acp3S2SGW_1343573.txt
/var/uc_logsB/2021-06-01_00-00-07_LogTimeSynchronizer_1343572.txt
/var/uc_logsB/2021-06-01_00-00-11_SNSDiagnosticsCameraDMS_1351767.txt
/var/uc_logsB/2021-06-01_00-00-11_isp_1351775.txt
/var/uc_logsB/2021-06-01_00-00-11_mlt_main_acp3_1351773.txt
/var/uc_logsB/2021-06-01_00-00-11_mot_main_1351771.txt
/var/uc_logsB/2021-06-01_00-00-11_perception_events_daemon_1351772.txt
/var/uc_logsB/2021-06-01_00-00-11_shadow_app_main_1351774.txt
/var/uc_logsB/2021-06-01_00-00-12_detector_rear_short_range_1351770.txt
/var/uc_logsB/2021-06-01_00-00-13_SNSDiagnosticsCameraMirrorRight_1351755.txt
/var/uc_logsB/2021-06-01_00-00-13_SNSDiagnosticsDMSEmitter_1351780.txt
/var/uc_logsB/2021-06-01_00-00-13_SNSDiagnosticsSensingXID_1351766.txt
/var/uc_logsB/2021-06-01_00-00-14_SNSDiagnosticsCameraGrillFront_1351768.txt
/var/uc_logsB/2021-06-01_00-00-14_SNSDiagnosticsCameraLiftGate_1351769.txt
/var/uc_logsB/2021-06-01_00-00-14_SNSDiagnosticsCameraMirrorLeft_1351764.txt
/var/uc_logsB/2021-06-01_00-00-15_detector_sides_short_range_1433702.txt
/var/uc_logsB/2021-06-01_00-00-20_detector_front_short_range_1454187.txt
/var/uc_logsB/2021-06-01_00-00-22_PlatformApiAdapter_1474668.txt
/var/uc_logsB/2021-06-01_00-00-22_TimeSynchronizer_1474669.txt
/var/uc_logsB/2021-06-01_00-00-23_DcuManager_1474670.txt
/var/uc_logsB/2021-06-01_00-00-23_alignCamera2Ground_1474671.txt
/var/uclogs/1_Current_Logs
/var/uclogs/ACP3 DM Manager logger.log
/var/uclogs/ACP3 PassThrough Manager logger.log
/var/uclogs/ACP3 UCM Manager logger.log
/var/uclogs/ASUM_CommDiag.log
/var/uclogs/ASUM_DM_SafetyAgent.log
/var/uclogs/ASUM_Diag.log
/var/uclogs/ASec.log
/var/uclogs/ASpu.log
/var/uclogs/C2GA.log
/var/uclogs/CAMD.log
/var/uclogs/ConD.log
/var/uclogs/DCUM.log
/var/uclogs/DLTD.log
/var/uclogs/DLTR.log
/var/uclogs/DMSCal.log
/var/uclogs/DMS_Manager.log
/var/uclogs/DV.log
/var/uclogs/DiagNetworkIntegration.log
/var/uclogs/DiagnosticsCameraDMS.log
/var/uclogs/DiagnosticsCameraGrillFront.log
/var/uclogs/DiagnosticsCameraLiftGate.log
/var/uclogs/DiagnosticsCameraMirrorLeft.log
/var/uclogs/DiagnosticsCameraMirrorRight.log
/var/uclogs/DiagnosticsDMSEmitter.log
/var/uclogs/DiagnosticsSensingXID.log
/var/uclogs/EM.log
/var/uclogs/EVNT.log
/var/uclogs/ISP.log
/var/uclogs/LogT.log
/var/uclogs/MLT.log
/var/uclogs/MOT.log
/var/uclogs/MapApp.log
/var/uclogs/MapDataLayer.log
/var/uclogs/MapOTA.log
/var/uclogs/MapRedBend.log
/var/uclogs/MapRouteServer.log
/var/uclogs/NMng.log
/var/uclogs/QQQDiagApp.log
/var/uclogs/S2SG.log
/var/uclogs/SHDW.log
/var/uclogs/SMAT.log
/var/uclogs/SysD.log
/var/uclogs/TSYN.log
/var/uclogs/VExc.log
/var/uclogs/VPER.log
/var/uclogs/VPE_SV.log
/var/uclogs/VPhm.log
/var/uclogs/VSom.log
/var/uclogs/VhFn.log
/var/uclogs/gwdc.log
/var/uclogsA/ACP3 DM Manager logger.log
/var/uclogsA/ACP3 PassThrough Manager logger.log
/var/uclogsA/ACP3 UCM Manager logger.log
/var/uclogsA/ASUM_CommDiag.log
/var/uclogsA/ASUM_DM_SafetyAgent.log
/var/uclogsA/ASUM_Diag.log
/var/uclogsA/ASec.log
/var/uclogsA/ASpu.log
/var/uclogsA/C2GA.log
/var/uclogsA/CAMD.log
/var/uclogsA/ConD.log
/var/uclogsA/DCUM.log
/var/uclogsA/DLTD.log
/var/uclogsA/DLTR.log
/var/uclogsA/DMSCal.log
/var/uclogsA/DMS_Manager.log
/var/uclogsA/DV.log
/var/uclogsA/DiagNetworkIntegration.log
/var/uclogsA/DiagnosticsCameraDMS.log
/var/uclogsA/DiagnosticsCameraGrillFront.log
/var/uclogsA/DiagnosticsCameraLiftGate.log
/var/uclogsA/DiagnosticsCameraMirrorLeft.log
/var/uclogsA/DiagnosticsCameraMirrorRight.log
/var/uclogsA/DiagnosticsDMSEmitter.log
/var/uclogsA/DiagnosticsSensingXID.log
/var/uclogsA/EM.log
/var/uclogsA/EVNT.log
/var/uclogsA/ISP.log
/var/uclogsA/LogT.log
/var/uclogsA/MLT.log
/var/uclogsA/MOT.log
/var/uclogsA/MapApp.log
/var/uclogsA/MapDataLayer.log
/var/uclogsA/MapOTA.log
/var/uclogsA/MapRedBend.log
/var/uclogsA/MapRouteServer.log
/var/uclogsA/NMng.log
/var/uclogsA/QQQDiagApp.log
/var/uclogsA/S2SG.log
/var/uclogsA/SHDW.log
/var/uclogsA/SMAT.log
/var/uclogsA/SysD.log
/var/uclogsA/TSYN.log
/var/uclogsA/VExc.log
/var/uclogsA/VPER.log
/var/uclogsA/VPE_SV.log
/var/uclogsA/VPhm.log
/var/uclogsA/VSom.log
/var/uclogsA/VhFn.log
/var/uclogsA/gwdc.log
/var/uclogsB/1_Current_Logs
/var/uclogsB/ACP3 DM Manager logger.log
/var/uclogsB/ACP3 PassThrough Manager logger.log
/var/uclogsB/ACP3 UCM Manager logger.log
/var/uclogsB/ASUM_CommDiag.log
/var/uclogsB/ASUM_DM_SafetyAgent.log
/var/uclogsB/ASUM_Diag.log
/var/uclogsB/ASec.log
/var/uclogsB/ASpu.log
/var/uclogsB/C2GA.log
/var/uclogsB/CAMD.log
/var/uclogsB/ConD.log
/var/uclogsB/DCUM.log
/var/uclogsB/DLTD.log
/var/uclogsB/DLTR.log
/var/uclogsB/DMSCal.log
/var/uclogsB/DMS_Manager.log
/var/uclogsB/DV.log
/var/uclogsB/DiagNetworkIntegration.log
/var/uclogsB/DiagnosticsCameraDMS.log
/var/uclogsB/DiagnosticsCameraGrillFront.log
/var/uclogsB/DiagnosticsCameraLiftGate.log
/var/uclogsB/DiagnosticsCameraMirrorLeft.log
/var/uclogsB/DiagnosticsCameraMirrorRight.log
/var/uclogsB/DiagnosticsDMSEmitter.log
/var/uclogsB/DiagnosticsSensingXID.log
/var/uclogsB/EM.log
/var/uclogsB/EVNT.log
/var/uclogsB/ISP.log
/var/uclogsB/LogT.log
/var/uclogsB/MLT.log
/var/uclogsB/MOT.log
/var/uclogsB/MapApp.log
/var/uclogsB/MapDataLayer.log
/var/uclogsB/MapOTA.log
/var/uclogsB/MapRedBend.log
/var/uclogsB/MapRouteServer.log
/var/uclogsB/NMng.log
/var/uclogsB/QQQDiagApp.log
/var/uclogsB/S2SG.log
/var/uclogsB/SHDW.log
/var/uclogsB/SMAT.log
/var/uclogsB/SysD.log
/var/uclogsB/TSYN.log
/var/uclogsB/VExc.log
/var/uclogsB/VPER.log
/var/uclogsB/VPE_SV.log
/var/uclogsB/VPhm.log
/var/uclogsB/VSom.log
/var/uclogsB/VhFn.log
/var/uclogsB/gwdc.log
[06/08/2024 14:45:59.151] DEBUG: [DutLogsHandler.py->clear_uc_logs()] Clear /var/uc_logs*/* /var/uclogs*/* logs files
[06/08/2024 14:45:59.159] DEBUG: [qnx_commands.py->run_qnx_command()] Trying to run: "ls /var/uc_logs*/* /var/uclogs*/*" on ACP3
[06/08/2024 14:45:59.262] DEBUG: [qnx_commands.py->run_qnx_command()] SystemType.VCU shell command returned: 1110178
[06/08/2024 14:45:59.369] DEBUG: [qnx_commands.py->run_qnx_command()] SystemType.ACP3 shell command returned: /var/uc_logs/1_Current_Logs
/var/uc_logs/2021-06-01_00-00-02_ShmemKiller_790560.txt
/var/uc_logs/2021-06-01_00-00-03_CameraDriver_946229.txt
/var/uc_logs/2021-06-01_00-00-03_PubSubManager_909364.txt
/var/uc_logs/2021-06-01_00-00-03_early_rvc_790568.txt
/var/uc_logs/2021-06-01_00-00-06_service_vpe_946237.txt
/var/uc_logs/2021-06-01_00-00-07_Acp3S2SGW_1343573.txt
/var/uc_logs/2021-06-01_00-00-07_LogTimeSynchronizer_1343572.txt
/var/uc_logs/2021-06-01_00-00-11_SNSDiagnosticsCameraDMS_1351767.txt
/var/uc_logs/2021-06-01_00-00-11_isp_1351775.txt
/var/uc_logs/2021-06-01_00-00-11_mlt_main_acp3_1351773.txt
/var/uc_logs/2021-06-01_00-00-11_mot_main_1351771.txt
/var/uc_logs/2021-06-01_00-00-11_perception_events_daemon_1351772.txt
/var/uc_logs/2021-06-01_00-00-11_shadow_app_main_1351774.txt
/var/uc_logs/2021-06-01_00-00-12_detector_rear_short_range_1351770.txt
/var/uc_logs/2021-06-01_00-00-13_SNSDiagnosticsCameraMirrorRight_1351755.txt
/var/uc_logs/2021-06-01_00-00-13_SNSDiagnosticsDMSEmitter_1351780.txt
/var/uc_logs/2021-06-01_00-00-13_SNSDiagnosticsSensingXID_1351766.txt
/var/uc_logs/2021-06-01_00-00-14_SNSDiagnosticsCameraGrillFront_1351768.txt
/var/uc_logs/2021-06-01_00-00-14_SNSDiagnosticsCameraLiftGate_1351769.txt
/var/uc_logs/2021-06-01_00-00-14_SNSDiagnosticsCameraMirrorLeft_1351764.txt
/var/uc_logs/2021-06-01_00-00-15_detector_sides_short_range_1433702.txt
/var/uc_logs/2021-06-01_00-00-20_detector_front_short_range_1454187.txt
/var/uc_logs/2021-06-01_00-00-22_PlatformApiAdapter_1474668.txt
/var/uc_logs/2021-06-01_00-00-22_TimeSynchronizer_1474669.txt
/var/uc_logs/2021-06-01_00-00-23_DcuManager_1474670.txt
/var/uc_logs/2021-06-01_00-00-23_alignCamera2Ground_1474671.txt
/var/uc_logsA/2021-06-01_00-00-02_ShmemKiller_790560.txt
/var/uc_logsA/2021-06-01_00-00-03_CameraDriver_946229.txt
/var/uc_logsA/2021-06-01_00-00-03_PubSubManager_892980.txt
/var/uc_logsA/2021-06-01_00-00-03_early_rvc_790570.txt
/var/uc_logsA/2021-06-01_00-00-06_service_vpe_946237.txt
/var/uc_logsA/2021-06-01_00-00-07_Acp3S2SGW_1343573.txt
/var/uc_logsA/2021-06-01_00-00-07_LogTimeSynchronizer_1343572.txt
/var/uc_logsA/2021-06-01_00-00-11_SNSDiagnosticsCameraDMS_1351767.txt
/var/uc_logsA/2021-06-01_00-00-11_isp_1351775.txt
/var/uc_logsA/2021-06-01_00-00-11_mlt_main_acp3_1351773.txt
/var/uc_logsA/2021-06-01_00-00-11_mot_main_1351771.txt
/var/uc_logsA/2021-06-01_00-00-11_perception_events_daemon_1351772.txt
/var/uc_logsA/2021-06-01_00-00-11_shadow_app_main_1351774.txt
/var/uc_logsA/2021-06-01_00-00-12_detector_rear_short_range_1351770.txt
/var/uc_logsA/2021-06-01_00-00-13_SNSDiagnosticsDMSEmitter_1351782.txt
/var/uc_logsA/2021-06-01_00-00-13_SNSDiagnosticsSensingXID_1351766.txt
/var/uc_logsA/2021-06-01_00-00-14_SNSDiagnosticsCameraGrillFront_1351768.txt
/var/uc_logsA/2021-06-01_00-00-14_SNSDiagnosticsCameraLiftGate_1351769.txt
/var/uc_logsA/2021-06-01_00-00-14_SNSDiagnosticsCameraMirrorLeft_1351764.txt
/var/uc_logsA/2021-06-01_00-00-14_SNSDiagnosticsCameraMirrorRight_1351755.txt
/var/uc_logsA/2021-06-01_00-00-16_detector_sides_short_range_1470567.txt
/var/uc_logsA/2021-06-01_00-00-21_detector_front_short_range_1491052.txt
/var/uc_logsA/2021-06-01_00-00-22_PlatformApiAdapter_1511533.txt
/var/uc_logsA/2021-06-01_00-00-22_TimeSynchronizer_1511534.txt
/var/uc_logsA/2021-06-01_00-00-23_DcuManager_1511535.txt
/var/uc_logsA/2021-06-01_00-00-24_alignCamera2Ground_1511536.txt
/var/uc_logsB/1_Current_Logs
/var/uc_logsB/2021-06-01_00-00-02_ShmemKiller_790560.txt
/var/uc_logsB/2021-06-01_00-00-03_CameraDriver_946229.txt
/var/uc_logsB/2021-06-01_00-00-03_PubSubManager_909364.txt
/var/uc_logsB/2021-06-01_00-00-03_early_rvc_790568.txt
/var/uc_logsB/2021-06-01_00-00-06_service_vpe_946237.txt
/var/uc_logsB/2021-06-01_00-00-07_Acp3S2SGW_1343573.txt
/var/uc_logsB/2021-06-01_00-00-07_LogTimeSynchronizer_1343572.txt
/var/uc_logsB/2021-06-01_00-00-11_SNSDiagnosticsCameraDMS_1351767.txt
/var/uc_logsB/2021-06-01_00-00-11_isp_1351775.txt
/var/uc_logsB/2021-06-01_00-00-11_mlt_main_acp3_1351773.txt
/var/uc_logsB/2021-06-01_00-00-11_mot_main_1351771.txt
/var/uc_logsB/2021-06-01_00-00-11_perception_events_daemon_1351772.txt
/var/uc_logsB/2021-06-01_00-00-11_shadow_app_main_1351774.txt
/var/uc_logsB/2021-06-01_00-00-12_detector_rear_short_range_1351770.txt
/var/uc_logsB/2021-06-01_00-00-13_SNSDiagnosticsCameraMirrorRight_1351755.txt
/var/uc_logsB/2021-06-01_00-00-13_SNSDiagnosticsDMSEmitter_1351780.txt
/var/uc_logsB/2021-06-01_00-00-13_SNSDiagnosticsSensingXID_1351766.txt
/var/uc_logsB/2021-06-01_00-00-14_SNSDiagnosticsCameraGrillFront_1351768.txt
/var/uc_logsB/2021-06-01_00-00-14_SNSDiagnosticsCameraLiftGate_1351769.txt
/var/uc_logsB/2021-06-01_00-00-14_SNSDiagnosticsCameraMirrorLeft_1351764.txt
/var/uc_logsB/2021-06-01_00-00-15_detector_sides_short_range_1433702.txt
/var/uc_logsB/2021-06-01_00-00-20_detector_front_short_range_1454187.txt
/var/uc_logsB/2021-06-01_00-00-22_PlatformApiAdapter_1474668.txt
/var/uc_logsB/2021-06-01_00-00-22_TimeSynchronizer_1474669.txt
/var/uc_logsB/2021-06-01_00-00-23_DcuManager_1474670.txt
/var/uc_logsB/2021-06-01_00-00-23_alignCamera2Ground_1474671.txt
/var/uclogs/1_Current_Logs
/var/uclogs/ACP3 DM Manager logger.log
/var/uclogs/ACP3 PassThrough Manager logger.log
/var/uclogs/ACP3 UCM Manager logger.log
/var/uclogs/ASUM_CommDiag.log
/var/uclogs/ASUM_DM_SafetyAgent.log
/var/uclogs/ASUM_Diag.log
/var/uclogs/ASec.log
/var/uclogs/ASpu.log
/var/uclogs/C2GA.log
/var/uclogs/CAMD.log
/var/uclogs/ConD.log
/var/uclogs/DCUM.log
/var/uclogs/DLTD.log
/var/uclogs/DLTR.log
/var/uclogs/DMSCal.log
/var/uclogs/DMS_Manager.log
/var/uclogs/DV.log
/var/uclogs/DiagNetworkIntegration.log
/var/uclogs/DiagnosticsCameraDMS.log
/var/uclogs/DiagnosticsCameraGrillFront.log
/var/uclogs/DiagnosticsCameraLiftGate.log
/var/uclogs/DiagnosticsCameraMirrorLeft.log
/var/uclogs/DiagnosticsCameraMirrorRight.log
/var/uclogs/DiagnosticsDMSEmitter.log
/var/uclogs/DiagnosticsSensingXID.log
/var/uclogs/EM.log
/var/uclogs/EVNT.log
/var/uclogs/ISP.log
/var/uclogs/LogT.log
/var/uclogs/MLT.log
/var/uclogs/MOT.log
/var/uclogs/MapApp.log
/var/uclogs/MapDataLayer.log
/var/uclogs/MapOTA.log
/var/uclogs/MapRedBend.log
/var/uclogs/MapRouteServer.log
/var/uclogs/NMng.log
/var/uclogs/QQQDiagApp.log
/var/uclogs/S2SG.log
/var/uclogs/SHDW.log
/var/uclogs/SMAT.log
/var/uclogs/SysD.log
/var/uclogs/TSYN.log
/var/uclogs/VExc.log
/var/uclogs/VPER.log
/var/uclogs/VPE_SV.log
/var/uclogs/VPhm.log
/var/uclogs/VSom.log
/var/uclogs/VhFn.log
/var/uclogs/gwdc.log
/var/uclogsA/ACP3 DM Manager logger.log
/var/uclogsA/ACP3 PassThrough Manager logger.log
/var/uclogsA/ACP3 UCM Manager logger.log
/var/uclogsA/ASUM_CommDiag.log
/var/uclogsA/ASUM_DM_SafetyAgent.log
/var/uclogsA/ASUM_Diag.log
/var/uclogsA/ASec.log
/var/uclogsA/ASpu.log
/var/uclogsA/C2GA.log
/var/uclogsA/CAMD.log
/var/uclogsA/ConD.log
/var/uclogsA/DCUM.log
/var/uclogsA/DLTD.log
/var/uclogsA/DLTR.log
/var/uclogsA/DMSCal.log
/var/uclogsA/DMS_Manager.log
/var/uclogsA/DV.log
/var/uclogsA/DiagNetworkIntegration.log
/var/uclogsA/DiagnosticsCameraDMS.log
/var/uclogsA/DiagnosticsCameraGrillFront.log
/var/uclogsA/DiagnosticsCameraLiftGate.log
/var/uclogsA/DiagnosticsCameraMirrorLeft.log
/var/uclogsA/DiagnosticsCameraMirrorRight.log
/var/uclogsA/DiagnosticsDMSEmitter.log
/var/uclogsA/DiagnosticsSensingXID.log
/var/uclogsA/EM.log
/var/uclogsA/EVNT.log
/var/uclogsA/ISP.log
/var/uclogsA/LogT.log
/var/uclogsA/MLT.log
/var/uclogsA/MOT.log
/var/uclogsA/MapApp.log
/var/uclogsA/MapDataLayer.log
/var/uclogsA/MapOTA.log
/var/uclogsA/MapRedBend.log
/var/uclogsA/MapRouteServer.log
/var/uclogsA/NMng.log
/var/uclogsA/QQQDiagApp.log
/var/uclogsA/S2SG.log
/var/uclogsA/SHDW.log
/var/uclogsA/SMAT.log
/var/uclogsA/SysD.log
/var/uclogsA/TSYN.log
/var/uclogsA/VExc.log
/var/uclogsA/VPER.log
/var/uclogsA/VPE_SV.log
/var/uclogsA/VPhm.log
/var/uclogsA/VSom.log
/var/uclogsA/VhFn.log
/var/uclogsA/gwdc.log
/var/uclogsB/1_Current_Logs
/var/uclogsB/ACP3 DM Manager logger.log
/var/uclogsB/ACP3 PassThrough Manager logger.log
/var/uclogsB/ACP3 UCM Manager logger.log
/var/uclogsB/ASUM_CommDiag.log
/var/uclogsB/ASUM_DM_SafetyAgent.log
/var/uclogsB/ASUM_Diag.log
/var/uclogsB/ASec.log
/var/uclogsB/ASpu.log
/var/uclogsB/C2GA.log
/var/uclogsB/CAMD.log
/var/uclogsB/ConD.log
/var/uclogsB/DCUM.log
/var/uclogsB/DLTD.log
/var/uclogsB/DLTR.log
/var/uclogsB/DMSCal.log
/var/uclogsB/DMS_Manager.log
/var/uclogsB/DV.log
/var/uclogsB/DiagNetworkIntegration.log
/var/uclogsB/DiagnosticsCameraDMS.log
/var/uclogsB/DiagnosticsCameraGrillFront.log
/var/uclogsB/DiagnosticsCameraLiftGate.log
/var/uclogsB/DiagnosticsCameraMirrorLeft.log
/var/uclogsB/DiagnosticsCameraMirrorRight.log
/var/uclogsB/DiagnosticsDMSEmitter.log
/var/uclogsB/DiagnosticsSensingXID.log
/var/uclogsB/EM.log
/var/uclogsB/EVNT.log
/var/uclogsB/ISP.log
/var/uclogsB/LogT.log
/var/uclogsB/MLT.log
/var/uclogsB/MOT.log
/var/uclogsB/MapApp.log
/var/uclogsB/MapDataLayer.log
/var/uclogsB/MapOTA.log
/var/uclogsB/MapRedBend.log
/var/uclogsB/MapRouteServer.log
/var/uclogsB/NMng.log
/var/uclogsB/QQQDiagApp.log
/var/uclogsB/S2SG.log
/var/uclogsB/SHDW.log
/var/uclogsB/SMAT.log
/var/uclogsB/SysD.log
/var/uclogsB/TSYN.log
/var/uclogsB/VExc.log
/var/uclogsB/VPER.log
/var/uclogsB/VPE_SV.log
/var/uclogsB/VPhm.log
/var/uclogsB/VSom.log
/var/uclogsB/VhFn.log
/var/uclogsB/gwdc.log
[06/08/2024 14:45:59.389] DEBUG: [qnx_commands.py->run_qnx_command()] Trying to run: "echo | tee  /var/uc_logs/1_Current_Logs /var/uc_logs/2021-06-01_00-00-02_ShmemKiller_790560.txt /var/uc_logs/2021-06-01_00-00-03_CameraDriver_946229.txt /var/uc_logs/2021-06-01_00-00-03_PubSubManager_909364.txt /var/uc_logs/2021-06-01_00-00-03_early_rvc_790568.txt /var/uc_logs/2021-06-01_00-00-06_service_vpe_946237.txt /var/uc_logs/2021-06-01_00-00-07_Acp3S2SGW_1343573.txt /var/uc_logs/2021-06-01_00-00-07_LogTimeSynchronizer_1343572.txt /var/uc_logs/2021-06-01_00-00-11_SNSDiagnosticsCameraDMS_1351767.txt /var/uc_logs/2021-06-01_00-00-11_isp_1351775.txt /var/uc_logs/2021-06-01_00-00-11_mlt_main_acp3_1351773.txt /var/uc_logs/2021-06-01_00-00-11_mot_main_1351771.txt /var/uc_logs/2021-06-01_00-00-11_perception_events_daemon_1351772.txt /var/uc_logs/2021-06-01_00-00-11_shadow_app_main_1351774.txt /var/uc_logs/2021-06-01_00-00-12_detector_rear_short_range_1351770.txt /var/uc_logs/2021-06-01_00-00-13_SNSDiagnosticsCameraMirrorRight_1351755.txt /var/uc_logs/2021-06-01_00-00-13_SNSDiagnosticsDMSEmitter_1351780.txt /var/uc_logs/2021-06-01_00-00-13_SNSDiagnosticsSensingXID_1351766.txt /var/uc_logs/2021-06-01_00-00-14_SNSDiagnosticsCameraGrillFront_1351768.txt /var/uc_logs/2021-06-01_00-00-14_SNSDiagnosticsCameraLiftGate_1351769.txt /var/uc_logs/2021-06-01_00-00-14_SNSDiagnosticsCameraMirrorLeft_1351764.txt /var/uc_logs/2021-06-01_00-00-15_detector_sides_short_range_1433702.txt /var/uc_logs/2021-06-01_00-00-20_detector_front_short_range_1454187.txt /var/uc_logs/2021-06-01_00-00-22_PlatformApiAdapter_1474668.txt /var/uc_logs/2021-06-01_00-00-22_TimeSynchronizer_1474669.txt /var/uc_logs/2021-06-01_00-00-23_DcuManager_1474670.txt /var/uc_logs/2021-06-01_00-00-23_alignCamera2Ground_1474671.txt /var/uc_logsA/2021-06-01_00-00-02_ShmemKiller_790560.txt /var/uc_logsA/2021-06-01_00-00-03_CameraDriver_946229.txt /var/uc_logsA/2021-06-01_00-00-03_PubSubManager_892980.txt /var/uc_logsA/2021-06-01_00-00-03_early_rvc_790570.txt /var/uc_logsA/2021-06-01_00-00-06_service_vpe_946237.txt /var/uc_logsA/2021-06-01_00-00-07_Acp3S2SGW_1343573.txt /var/uc_logsA/2021-06-01_00-00-07_LogTimeSynchronizer_1343572.txt /var/uc_logsA/2021-06-01_00-00-11_SNSDiagnosticsCameraDMS_1351767.txt /var/uc_logsA/2021-06-01_00-00-11_isp_1351775.txt /var/uc_logsA/2021-06-01_00-00-11_mlt_main_acp3_1351773.txt /var/uc_logsA/2021-06-01_00-00-11_mot_main_1351771.txt /var/uc_logsA/2021-06-01_00-00-11_perception_events_daemon_1351772.txt /var/uc_logsA/2021-06-01_00-00-11_shadow_app_main_1351774.txt /var/uc_logsA/2021-06-01_00-00-12_detector_rear_short_range_1351770.txt /var/uc_logsA/2021-06-01_00-00-13_SNSDiagnosticsDMSEmitter_1351782.txt /var/uc_logsA/2021-06-01_00-00-13_SNSDiagnosticsSensingXID_1351766.txt /var/uc_logsA/2021-06-01_00-00-14_SNSDiagnosticsCameraGrillFront_1351768.txt /var/uc_logsA/2021-06-01_00-00-14_SNSDiagnosticsCameraLiftGate_1351769.txt /var/uc_logsA/2021-06-01_00-00-14_SNSDiagnosticsCameraMirrorLeft_1351764.txt /var/uc_logsA/2021-06-01_00-00-14_SNSDiagnosticsCameraMirrorRight_1351755.txt /var/uc_logsA/2021-06-01_00-00-16_detector_sides_short_range_1470567.txt /var/uc_logsA/2021-06-01_00-00-21_detector_front_short_range_1491052.txt /var/uc_logsA/2021-06-01_00-00-22_PlatformApiAdapter_1511533.txt /var/uc_logsA/2021-06-01_00-00-22_TimeSynchronizer_1511534.txt /var/uc_logsA/2021-06-01_00-00-23_DcuManager_1511535.txt /var/uc_logsA/2021-06-01_00-00-24_alignCamera2Ground_1511536.txt /var/uc_logsB/1_Current_Logs /var/uc_logsB/2021-06-01_00-00-02_ShmemKiller_790560.txt /var/uc_logsB/2021-06-01_00-00-03_CameraDriver_946229.txt /var/uc_logsB/2021-06-01_00-00-03_PubSubManager_909364.txt /var/uc_logsB/2021-06-01_00-00-03_early_rvc_790568.txt /var/uc_logsB/2021-06-01_00-00-06_service_vpe_946237.txt /var/uc_logsB/2021-06-01_00-00-07_Acp3S2SGW_1343573.txt /var/uc_logsB/2021-06-01_00-00-07_LogTimeSynchronizer_1343572.txt /var/uc_logsB/2021-06-01_00-00-11_SNSDiagnosticsCameraDMS_1351767.txt /var/uc_logsB/2021-06-01_00-00-11_isp_1351775.txt /var/uc_logsB/2021-06-01_00-00-11_mlt_main_acp3_1351773.txt /var/uc_logsB/2021-06-01_00-00-11_mot_main_1351771.txt /var/uc_logsB/2021-06-01_00-00-11_perception_events_daemon_1351772.txt /var/uc_logsB/2021-06-01_00-00-11_shadow_app_main_1351774.txt /var/uc_logsB/2021-06-01_00-00-12_detector_rear_short_range_1351770.txt /var/uc_logsB/2021-06-01_00-00-13_SNSDiagnosticsCameraMirrorRight_1351755.txt /var/uc_logsB/2021-06-01_00-00-13_SNSDiagnosticsDMSEmitter_1351780.txt /var/uc_logsB/2021-06-01_00-00-13_SNSDiagnosticsSensingXID_1351766.txt /var/uc_logsB/2021-06-01_00-00-14_SNSDiagnosticsCameraGrillFront_1351768.txt /var/uc_logsB/2021-06-01_00-00-14_SNSDiagnosticsCameraLiftGate_1351769.txt /var/uc_logsB/2021-06-01_00-00-14_SNSDiagnosticsCameraMirrorLeft_1351764.txt /var/uc_logsB/2021-06-01_00-00-15_detector_sides_short_range_1433702.txt /var/uc_logsB/2021-06-01_00-00-20_detector_front_short_range_1454187.txt /var/uc_logsB/2021-06-01_00-00-22_PlatformApiAdapter_1474668.txt /var/uc_logsB/2021-06-01_00-00-22_TimeSynchronizer_1474669.txt /var/uc_logsB/2021-06-01_00-00-23_DcuManager_1474670.txt /var/uc_logsB/2021-06-01_00-00-23_alignCamera2Ground_1474671.txt /var/uclogs/1_Current_Logs /var/uclogs/ACP3 DM Manager logger.log /var/uclogs/ACP3 PassThrough Manager logger.log /var/uclogs/ACP3 UCM Manager logger.log /var/uclogs/ASUM_CommDiag.log /var/uclogs/ASUM_DM_SafetyAgent.log /var/uclogs/ASUM_Diag.log /var/uclogs/ASec.log /var/uclogs/ASpu.log /var/uclogs/C2GA.log /var/uclogs/CAMD.log /var/uclogs/ConD.log /var/uclogs/DCUM.log /var/uclogs/DLTD.log /var/uclogs/DLTR.log /var/uclogs/DMSCal.log /var/uclogs/DMS_Manager.log /var/uclogs/DV.log /var/uclogs/DiagNetworkIntegration.log /var/uclogs/DiagnosticsCameraDMS.log /var/uclogs/DiagnosticsCameraGrillFront.log /var/uclogs/DiagnosticsCameraLiftGate.log /var/uclogs/DiagnosticsCameraMirrorLeft.log /var/uclogs/DiagnosticsCameraMirrorRight.log /var/uclogs/DiagnosticsDMSEmitter.log /var/uclogs/DiagnosticsSensingXID.log /var/uclogs/EM.log /var/uclogs/EVNT.log /var/uclogs/ISP.log /var/uclogs/LogT.log /var/uclogs/MLT.log /var/uclogs/MOT.log /var/uclogs/MapApp.log /var/uclogs/MapDataLayer.log /var/uclogs/MapOTA.log /var/uclogs/MapRedBend.log /var/uclogs/MapRouteServer.log /var/uclogs/NMng.log /var/uclogs/QQQDiagApp.log /var/uclogs/S2SG.log /var/uclogs/SHDW.log /var/uclogs/SMAT.log /var/uclogs/SysD.log /var/uclogs/TSYN.log /var/uclogs/VExc.log /var/uclogs/VPER.log /var/uclogs/VPE_SV.log /var/uclogs/VPhm.log /var/uclogs/VSom.log /var/uclogs/VhFn.log /var/uclogs/gwdc.log /var/uclogsA/ACP3 DM Manager logger.log /var/uclogsA/ACP3 PassThrough Manager logger.log /var/uclogsA/ACP3 UCM Manager logger.log /var/uclogsA/ASUM_CommDiag.log /var/uclogsA/ASUM_DM_SafetyAgent.log /var/uclogsA/ASUM_Diag.log /var/uclogsA/ASec.log /var/uclogsA/ASpu.log /var/uclogsA/C2GA.log /var/uclogsA/CAMD.log /var/uclogsA/ConD.log /var/uclogsA/DCUM.log /var/uclogsA/DLTD.log /var/uclogsA/DLTR.log /var/uclogsA/DMSCal.log /var/uclogsA/DMS_Manager.log /var/uclogsA/DV.log /var/uclogsA/DiagNetworkIntegration.log /var/uclogsA/DiagnosticsCameraDMS.log /var/uclogsA/DiagnosticsCameraGrillFront.log /var/uclogsA/DiagnosticsCameraLiftGate.log /var/uclogsA/DiagnosticsCameraMirrorLeft.log /var/uclogsA/DiagnosticsCameraMirrorRight.log /var/uclogsA/DiagnosticsDMSEmitter.log /var/uclogsA/DiagnosticsSensingXID.log /var/uclogsA/EM.log /var/uclogsA/EVNT.log /var/uclogsA/ISP.log /var/uclogsA/LogT.log /var/uclogsA/MLT.log /var/uclogsA/MOT.log /var/uclogsA/MapApp.log /var/uclogsA/MapDataLayer.log /var/uclogsA/MapOTA.log /var/uclogsA/MapRedBend.log /var/uclogsA/MapRouteServer.log /var/uclogsA/NMng.log /var/uclogsA/QQQDiagApp.log /var/uclogsA/S2SG.log /var/uclogsA/SHDW.log /var/uclogsA/SMAT.log /var/uclogsA/SysD.log /var/uclogsA/TSYN.log /var/uclogsA/VExc.log /var/uclogsA/VPER.log /var/uclogsA/VPE_SV.log /var/uclogsA/VPhm.log /var/uclogsA/VSom.log /var/uclogsA/VhFn.log /var/uclogsA/gwdc.log /var/uclogsB/1_Current_Logs /var/uclogsB/ACP3 DM Manager logger.log /var/uclogsB/ACP3 PassThrough Manager logger.log /var/uclogsB/ACP3 UCM Manager logger.log /var/uclogsB/ASUM_CommDiag.log /var/uclogsB/ASUM_DM_SafetyAgent.log /var/uclogsB/ASUM_Diag.log /var/uclogsB/ASec.log /var/uclogsB/ASpu.log /var/uclogsB/C2GA.log /var/uclogsB/CAMD.log /var/uclogsB/ConD.log /var/uclogsB/DCUM.log /var/uclogsB/DLTD.log /var/uclogsB/DLTR.log /var/uclogsB/DMSCal.log /var/uclogsB/DMS_Manager.log /var/uclogsB/DV.log /var/uclogsB/DiagNetworkIntegration.log /var/uclogsB/DiagnosticsCameraDMS.log /var/uclogsB/DiagnosticsCameraGrillFront.log /var/uclogsB/DiagnosticsCameraLiftGate.log /var/uclogsB/DiagnosticsCameraMirrorLeft.log /var/uclogsB/DiagnosticsCameraMirrorRight.log /var/uclogsB/DiagnosticsDMSEmitter.log /var/uclogsB/DiagnosticsSensingXID.log /var/uclogsB/EM.log /var/uclogsB/EVNT.log /var/uclogsB/ISP.log /var/uclogsB/LogT.log /var/uclogsB/MLT.log /var/uclogsB/MOT.log /var/uclogsB/MapApp.log /var/uclogsB/MapDataLayer.log /var/uclogsB/MapOTA.log /var/uclogsB/MapRedBend.log /var/uclogsB/MapRouteServer.log /var/uclogsB/NMng.log /var/uclogsB/QQQDiagApp.log /var/uclogsB/S2SG.log /var/uclogsB/SHDW.log /var/uclogsB/SMAT.log /var/uclogsB/SysD.log /var/uclogsB/TSYN.log /var/uclogsB/VExc.log /var/uclogsB/VPER.log /var/uclogsB/VPE_SV.log /var/uclogsB/VPhm.log /var/uclogsB/VSom.log /var/uclogsB/VhFn.log /var/uclogsB/gwdc.log > /dev/null" on ACP3
[06/08/2024 14:45:59.602] DEBUG: [DutLogsHandler.py->clear_uc_logs()] Clear /var/uc_logs*/* /var/uclogs*/* logs files results:
[06/08/2024 14:45:59.618] DEBUG: [qnx_commands.py->run_qnx_command()] Trying to run: "ls /var/log/vpe/*" on ACP3
[06/08/2024 14:45:59.830] DEBUG: [qnx_commands.py->run_qnx_command()] SystemType.ACP3 shell command returned: /var/log/vpe/early_rvc_service.log
/var/log/vpe/early_rvc_service.sh
/var/log/vpe/early_rvc_service_system_info.log
/var/log/vpe/pidin_threads_946237.txt
/var/log/vpe/pidin_threads_None.txt
/var/log/vpe/vpe_service.log
/var/log/vpe/vpe_service.sh
/var/log/vpe/vpe_service_cfg.log
/var/log/vpe/vpe_service_system_info.log
[06/08/2024 14:45:59.840] DEBUG: [qnx_commands.py->run_qnx_command()] Trying to run: "echo > /var/log/vpe/early_rvc_service.log" on ACP3
[06/08/2024 14:46:00.041] DEBUG: [qnx_commands.py->run_qnx_command()] Trying to run: "chown gm_vpervc:gm_vpervc /tmp/vpe_cli.txt && chmod +w /tmp/vpe_cli.txt" on VCU
[06/08/2024 14:46:00.181] DEBUG: [qnx_commands.py->run_qnx_command()] SystemType.VCU shell command returned: chown: No such file or directory (lstat /tmp/vpe_cli.txt)
[06/08/2024 14:46:00.188] DEBUG: [qnx_commands.py->run_qnx_command()] Trying to run: "echo > /var/log/vpe/early_rvc_service_system_info.log" on ACP3
[06/08/2024 14:46:00.443] DEBUG: [qnx_commands.py->run_qnx_command()] Trying to run: "chown gm_vpervc:gm_vpervc /tmp/vpe_cli.txt && chmod +w /tmp/vpe_cli.txt" on VCU
[06/08/2024 14:46:00.651] DEBUG: [qnx_commands.py->run_qnx_command()] SystemType.VCU shell command returned: chown: No such file or directory (lstat /tmp/vpe_cli.txt)
[06/08/2024 14:46:00.655] DEBUG: [qnx_commands.py->run_qnx_command()] Trying to run: "rm /var/log/vpe/pidin_threads_946237.txt" on ACP3
[06/08/2024 14:46:00.850] DEBUG: [qnx_commands.py->run_qnx_command()] Trying to run: "rm /var/log/vpe/pidin_threads_None.txt" on ACP3
[06/08/2024 14:46:01.062] DEBUG: [qnx_commands.py->run_qnx_command()] Trying to run: "echo > /var/log/vpe/vpe_service.log" on ACP3
[06/08/2024 14:46:01.285] DEBUG: [qnx_commands.py->run_qnx_command()] Trying to run: "chown gm_vpervc:gm_vpervc /tmp/vpe_cli.txt && chmod +w /tmp/vpe_cli.txt" on VCU
[06/08/2024 14:46:01.433] DEBUG: [qnx_commands.py->run_qnx_command()] SystemType.VCU shell command returned: chown: No such file or directory (lstat /tmp/vpe_cli.txt)
[06/08/2024 14:46:01.441] DEBUG: [qnx_commands.py->delete_file()] Deleting file [/var/log/vpe/vpe_service_system_info.log] from QNX os on ACP3
[06/08/2024 14:46:01.448] DEBUG: [qnx_commands.py->run_qnx_command()] Trying to run: "rm /var/log/vpe/vpe_service_system_info.log" on ACP3
[06/08/2024 14:46:01.685] DEBUG: [qnx_commands.py->run_qnx_command()] Trying to run: "ls /var/log/vpe/vpe_service_system_info.log" on ACP3
[06/08/2024 14:46:01.893] DEBUG: [qnx_commands.py->run_qnx_command()] SystemType.ACP3 shell command returned: ls: No such file or directory (/var/log/vpe/vpe_service_system_info.log)
[06/08/2024 14:46:01.901] DEBUG: [qnx_commands.py->delete_file()] Failed Deleting file [/var/log/vpe/vpe_service_system_info.log] from QNX os on ACP3
[06/08/2024 14:46:01.907] DEBUG: [qnx_commands.py->run_qnx_command()] Trying to run: "pidin -F "%a %b %N %h %p %J %B" | grep -e "service.rvcvpe"" on VCU
[06/08/2024 14:46:02.644] DEBUG: [qnx_commands.py->run_qnx_command()] SystemType.VCU shell command returned: 53336   1 bin/service.rvcvpe Main                  15r CONDVAR     (0x3184487298)
   53336   2 bin/service.rvcvpe 2                     15r CONDVAR     (0x3183b69ac0)
   53336   3 bin/service.rvcvpe HAM Monitor           15r NANOSLEEP
   53336   4 bin/service.rvcvpe VPE Timer             15r CONDVAR     (0x31843ad534)
   53336   5 bin/service.rvcvpe PMEM tracking RM       5r RECEIVE     3
   53336   6 bin/service.rvcvpe ais_c_evnt_recv_3     10r REPLY       49193
   53336   7 bin/service.rvcvpe ais_c_evnt_cb_3       10r CONDVAR     (0xb91948a18)
   53336   8 bin/service.rvcvpe c_health              10r NANOSLEEP
   53336   9 bin/service.rvcvpe ais_c_evnt_recv_6     10r REPLY       49193
   53336  10 bin/service.rvcvpe ais_c_evnt_cb_6       10r CONDVAR     (0xb91949020)
   53336  11 bin/service.rvcvpe _LIB_CALLBACK_THREAD  20r RECEIVE     6
   53336  12 bin/service.rvcvpe VPMCanBusNotifier     15r CONDVAR     (0x3183c82da0)
   53336  13 bin/service.rvcvpe 13                    63r RECEIVE     8
   53336  14 bin/service.rvcvpe VcuPowerManager       15r DEAD
   53336  15 bin/service.rvcvpe unctionality to SUSD  15r CONDVAR     (0x20ee7a51b0)
   53336  16 bin/service.rvcvpe ine Message listener  15r CONDVAR     (0x318447b310)
   53336  17 bin/service.rvcvpe RVCCameraFault        15r CONDVAR     (0x318447afc8)
   53336  18 bin/service.rvcvpe DiagMngrCamFault      15r CONDVAR     (0x318447acf8)
   53336  19 bin/service.rvcvpe cuDiagnosticsManager  15r DEAD
   53336  20 bin/service.rvcvpe fier listener thread  15r CONDVAR     (0x318447a568)
   53336  21 bin/service.rvcvpe INPUT_NODE1           15r REPLY       49193
   53336  22 bin/service.rvcvpe 22                    10r RECEIVE     2
   53336  23 bin/service.rvcvpe EGLscrn updater       15r REPLY       49218
   53336  24 bin/service.rvcvpe RVCHmiInterface       10r RECEIVE     12
   53336  25 bin/service.rvcvpe VPE GPIO Device       15r NANOSLEEP
   53336  26 bin/service.rvcvpe rvc-service_cli       15r NANOSLEEP
   53336  27 bin/service.rvcvpe RVCUserPreferences    15r CONDVAR     (0x3184458658)
   53336  28 bin/service.rvcvpe d_plc_state_listener  15r SIGWAITINFO
   53336  29 bin/service.rvcvpe OUTPUT_NODE2          15r CONDVAR     (0x31842e2360)
[06/08/2024 14:46:02.649] DEBUG: [DebugInfo.py->collect_pidin_info()] pidin info: 53336   1 bin/service.rvcvpe Main                  15r CONDVAR     (0x3184487298)
   53336   2 bin/service.rvcvpe 2                     15r CONDVAR     (0x3183b69ac0)
   53336   3 bin/service.rvcvpe HAM Monitor           15r NANOSLEEP
   53336   4 bin/service.rvcvpe VPE Timer             15r CONDVAR     (0x31843ad534)
   53336   5 bin/service.rvcvpe PMEM tracking RM       5r RECEIVE     3
   53336   6 bin/service.rvcvpe ais_c_evnt_recv_3     10r REPLY       49193
   53336   7 bin/service.rvcvpe ais_c_evnt_cb_3       10r CONDVAR     (0xb91948a18)
   53336   8 bin/service.rvcvpe c_health              10r NANOSLEEP
   53336   9 bin/service.rvcvpe ais_c_evnt_recv_6     10r REPLY       49193
   53336  10 bin/service.rvcvpe ais_c_evnt_cb_6       10r CONDVAR     (0xb91949020)
   53336  11 bin/service.rvcvpe _LIB_CALLBACK_THREAD  20r RECEIVE     6
   53336  12 bin/service.rvcvpe VPMCanBusNotifier     15r CONDVAR     (0x3183c82da0)
   53336  13 bin/service.rvcvpe 13                    63r RECEIVE     8
   53336  14 bin/service.rvcvpe VcuPowerManager       15r DEAD
   53336  15 bin/service.rvcvpe unctionality to SUSD  15r CONDVAR     (0x20ee7a51b0)
   53336  16 bin/service.rvcvpe ine Message listener  15r CONDVAR     (0x318447b310)
   53336  17 bin/service.rvcvpe RVCCameraFault        15r CONDVAR     (0x318447afc8)
   53336  18 bin/service.rvcvpe DiagMngrCamFault      15r CONDVAR     (0x318447acf8)
   53336  19 bin/service.rvcvpe cuDiagnosticsManager  15r DEAD
   53336  20 bin/service.rvcvpe fier listener thread  15r CONDVAR     (0x318447a568)
   53336  21 bin/service.rvcvpe INPUT_NODE1           15r REPLY       49193
   53336  22 bin/service.rvcvpe 22                    10r RECEIVE     2
   53336  23 bin/service.rvcvpe EGLscrn updater       15r REPLY       49218
   53336  24 bin/service.rvcvpe RVCHmiInterface       10r RECEIVE     12
   53336  25 bin/service.rvcvpe VPE GPIO Device       15r NANOSLEEP
   53336  26 bin/service.rvcvpe rvc-service_cli       15r NANOSLEEP
   53336  27 bin/service.rvcvpe RVCUserPreferences    15r CONDVAR     (0x3184458658)
   53336  28 bin/service.rvcvpe d_plc_state_listener  15r SIGWAITINFO
   53336  29 bin/service.rvcvpe OUTPUT_NODE2          15r CONDVAR     (0x31842e2360) - stored at D:\projects\vvi-automation\VPM_Automation_Logs\test_cold_boot_park_vcu_m_AVVP171263-30771\iteration_3\Logs + f"\pidin_info.txt"
[06/08/2024 14:46:02.654] DEBUG: [DebugInfo.py->collect_showmem_log()] collect the showmem log file to D:\projects\vvi-automation\VPM_Automation_Logs\test_cold_boot_park_vcu_m_AVVP171263-30771\iteration_3\Logs...
[06/08/2024 14:46:02.659] DEBUG: [qnx_commands.py->run_qnx_command()] Trying to run: "showmem -a > /var/log/showmem.log" on VCU
Setting artifact directory to D:\projects\vvi-automation\VPM_Automation_Logs\test_cold_boot_park_vcu_m_AVVP171263-30771\iteration_3
[06/08/2024 14:46:10.178] DEBUG: [IterationActions.py->check_for_core_dumps_after_iteration()] looking for ANY core dump after iteration..
[06/08/2024 14:46:10.182] DEBUG: [CoreDumpCollector.py->check_for_core_dumps()] Looking for core dumps at /persist/em/coredumpdir/*.core*
[06/08/2024 14:46:10.186] DEBUG: [qnx_commands.py->run_qnx_command()] Trying to run: "ls /persist/em/coredumpdir/*.core*" on VCU
[06/08/2024 14:46:10.313] DEBUG: [qnx_commands.py->run_qnx_command()] SystemType.VCU shell command returned: ls: No such file or directory (/persist/em/coredumpdir/*.core*)
[06/08/2024 14:46:10.319] DEBUG: [CoreDumpCollector.py->check_for_core_dumps()] List of files on /persist/em/coredumpdir/*.core* is: ls: No such file or directory (/persist/em/coredumpdir/*.core*)
[06/08/2024 14:46:10.325] DEBUG: [qnx_commands.py->run_qnx_command()] Trying to run: "ls /persist/em/coredumpdir/*.core*" on VCU
[06/08/2024 14:46:10.586] DEBUG: [qnx_commands.py->run_qnx_command()] SystemType.VCU shell command returned: ls: No such file or directory (/persist/em/coredumpdir/*.core*)
[06/08/2024 14:46:10.592]  INFO: [LowLevelTest.py->post_iteration_actions()] Iteration 0 Passed.
[06/08/2024 14:46:10.595]  INFO: [LowLevelTest.py->get_and_print_progress_report()] -------------------Cold Boot Test Progress Report-------------------
[06/08/2024 14:46:10.600]  INFO: [LowLevelTest.py->get_and_print_progress_report()]
Executed iterations: 3
Passed iterations: 1
Failed iterations: 2
Did Not Run: -3

Setting artifact directory to D:\projects\vvi-automation\VPM_Automation_Logs\test_cold_boot_park_vcu_m_AVVP171263-30771
[06/08/2024 14:46:10.604]  INFO: [LowLevelTest.py->init_iteration()] Starting Iteration 4 of 5
Setting artifact directory to D:\projects\vvi-automation\VPM_Automation_Logs\test_cold_boot_park_vcu_m_AVVP171263-30771\iteration_4
Setting artifact directory to D:\projects\vvi-automation\VPM_Automation_Logs\test_cold_boot_park_vcu_m_AVVP171263-30771\iteration_4\expected_views
[06/08/2024 14:46:10.609]  INFO: [ColdBootVcum.py->perform_iteration()] Changing gear to Park at the start of the test
[06/08/2024 14:46:10.612]  INFO: [VSPY_commands.py->send_function_block()] Sending function block for [PARK] via VSPY
[06/08/2024 14:46:10.616] DEBUG: [VSPY_commands.py->get_function_block()] Get function block for [PARK].Command value is [fb(tst0).start]
[06/08/2024 14:46:10.676] DEBUG: [SerialCommands.py->read_console_log()] [serial console] inside rvc vpm system model21217
[06/08/2024 14:46:10.823] DEBUG: [VSPY_commands.py->check_db_signal()] Check DB Signal [SrlDat6_Prtctd_PDU->VMMP_VehMtnMvmtStatAuth] matches value: [Parked] with command: [db(db5466).sg(8).value?]
[06/08/2024 14:46:11.037] DEBUG: [testing_logs_utils.py->logged_sleep()] Sleeping for 3 seconds
[06/08/2024 14:46:11.431] DEBUG: [SerialCommands.py->read_console_log()] [serial console] exception - infinite loop of null transitions found
[06/08/2024 14:46:14.053] DEBUG: [testing_logs_utils.py->logged_sleep()] Done sleeping
[06/08/2024 14:46:14.058] DEBUG: [CoreDumpEvent.py->is_set()] Check if VPE core dump in process
[06/08/2024 14:46:14.062] DEBUG: [hmi_verify.py->generate_qnx_screenshot_command()] Creating QNX screenshot command
[06/08/2024 14:46:14.066] DEBUG: [hmi_verify.py->qnx_screenshot()] Taking QNX screenshot
[06/08/2024 14:46:14.071] DEBUG: [qnx_commands.py->run_qnx_command()] Trying to run: "rm /var/data//screenshot.bmp" on VCU
[06/08/2024 14:46:14.191] DEBUG: [qnx_commands.py->run_qnx_command()] Trying to run: "screenshot -size=2000x1200 -pos=6230,1 -file=/var/data//screenshot.bmp -display=1" on VCU
[06/08/2024 14:46:18.418] DEBUG: [hmi_verify.py->_copy_screenshot_from_dut()] Copied screenshot from DUT path: /var/data//screenshot.bmp to Host path: D:\projects\vvi-automation\VPM_Automation_Logs\test_cold_boot_park_vcu_m_AVVP171263-30771\iteration_4\expected_views\screenshot.bmp
[06/08/2024 14:46:18.424] DEBUG: [hmi_verify.py->_rename_screenshot()] Trying to rename screenshot
[06/08/2024 14:46:18.447] DEBUG: [hmi_verify.py->_convert_screenshot()] Trying to convert D:\projects\vvi-automation\VPM_Automation_Logs\test_cold_boot_park_vcu_m_AVVP171263-30771\iteration_4\expected_views\expected_android_after_park.bmp to png
[06/08/2024 14:46:18.540] DEBUG: [hmi_verify.py->_convert_screenshot()] Converted D:\projects\vvi-automation\VPM_Automation_Logs\test_cold_boot_park_vcu_m_AVVP171263-30771\iteration_4\expected_views\expected_android_after_park.bmp to D:\projects\vvi-automation\VPM_Automation_Logs\test_cold_boot_park_vcu_m_AVVP171263-30771\iteration_4\expected_views\expected_android_after_park.png
[06/08/2024 14:46:18.549] DEBUG: [hmi_verify.py->_rename_screenshot()] Copied screenshot from D:\projects\vvi-automation\VPM_Automation_Logs\test_cold_boot_park_vcu_m_AVVP171263-30771\iteration_4\expected_views\screenshot.bmp to D:\projects\vvi-automation\VPM_Automation_Logs\test_cold_boot_park_vcu_m_AVVP171263-30771\iteration_4\expected_views\expected_android_after_park.png
[06/08/2024 14:46:18.879]  INFO: [hmi_verify.py->validate_no_green_in_image()]
[06/08/2024 14:46:18.886]  INFO: [web_cam_util.py->start()] Video Capture started
[06/08/2024 14:46:18.887]  INFO: [ColdBootVcum.py->perform_iteration()] Initiating cold boot Procedure
[06/08/2024 14:46:18.894]  INFO: [ClientPowerFullBench.py->set_off_mode()] Set to Off mode in full Bench setup
[06/08/2024 14:46:19.354] DEBUG: [USBRelay.py->set_relay()] Changed channel DisplayFreeForm to Off successfully
[06/08/2024 14:46:20.394] DEBUG: [USBRelay.py->set_relay()] Changed channel DisplayRectangle to Off successfully
[06/08/2024 14:46:21.014] DEBUG: [qnx_commands.py->run_qnx_command()] Trying to run: "pidin -p service_vpe -f a | grep -v pid" on ACP3
[06/08/2024 14:46:21.301] DEBUG: [qnx_commands.py->run_qnx_command()] SystemType.ACP3 shell command returned: 946237
[06/08/2024 14:46:21.682] DEBUG: [USBRelay.py->set_relay()] Changed channel CGM to Off successfully
[06/08/2024 14:46:22.944] DEBUG: [USBRelay.py->set_relay()] Changed channel TCP to Off successfully
[06/08/2024 14:46:24.218] DEBUG: [USBRelay.py->set_relay()] Changed channel Brake to Off successfully
[06/08/2024 14:46:25.554] DEBUG: [USBRelay.py->set_relay()] Changed channel Brake_2 to Off successfully
[06/08/2024 14:46:26.850] DEBUG: [USBRelay.py->set_relay()] Changed channel Start to Off successfully
[06/08/2024 14:46:28.151] DEBUG: [USBRelay.py->set_relay()] Changed channel Start_2 to Off successfully
[06/08/2024 14:46:29.272] DEBUG: [qnx_commands.py->run_qnx_command()] Trying to run: "pidin -p RtosAppMain -f a | grep -v pid" on VCU
[06/08/2024 14:46:29.411] DEBUG: [USBRelay.py->set_relay()] Changed channel Doors_Ajar to Off successfully
[06/08/2024 14:46:29.698] DEBUG: [qnx_commands.py->run_qnx_command()] SystemType.VCU shell command returned: 1110178
[06/08/2024 14:46:29.868] ERROR: [web_cam_util.py->wait_for_first_frame()] Failed to capture the first frame in 10 seconds
NoneType: None
[06/08/2024 14:46:29.869] DEBUG: [testing_logs_utils.py->logged_sleep()] Sleeping for 2 seconds
[06/08/2024 14:46:30.676] DEBUG: [USBRelay.py->set_relay()] Changed channel BCM to Off successfully
[06/08/2024 14:46:31.636] DEBUG: [USBRelay.py->set_relay()] Changed channel CSM to Off successfully
[06/08/2024 14:46:31.871] DEBUG: [testing_logs_utils.py->logged_sleep()] Done sleeping
[06/08/2024 14:46:32.605] DEBUG: [USBRelay.py->set_relay()] Changed channel ACP3 to Off successfully
[06/08/2024 14:46:32.759] DEBUG: [qnx_commands.py->run_qnx_command()] Trying to run: "echo telnet_available" on VCU
[06/08/2024 14:46:33.564] DEBUG: [USBRelay.py->set_relay()] Changed channel Start_3 to Off successfully
[06/08/2024 14:46:34.524] DEBUG: [USBRelay.py->set_relay()] Changed channel Start_4 to Off successfully
[06/08/2024 14:46:35.485] DEBUG: [USBRelay.py->set_relay()] Changed channel Channel_15 to Off successfully
[06/08/2024 14:46:35.905]  WARN: [ping_util.py->ping_thread_method()] ACP3 TCP Connection Is Down!
[06/08/2024 14:46:35.905]  WARN: [ping_util.py->ping_thread_method()] VCU TCP Connection Is Down!
[06/08/2024 14:46:36.446] DEBUG: [USBRelay.py->set_relay()] Changed channel Hardwire_Reverse to Off successfully
[06/08/2024 14:46:36.961]  INFO: [ClientPowerFullBench.py->set_power_mode_on()] Set to Run mode in full Bench setup
[06/08/2024 14:46:36.966] DEBUG: [USBRelay.py->full_start_engine()] full_start_engine() MY24 Full start engine. Perform full start engine via USB relay
[06/08/2024 14:46:36.971] DEBUG: [USBRelay.py->set_all_ecus()] set_all_ecus
[06/08/2024 14:46:37.531] DEBUG: [USBRelay.py->set_relay()] Changed channel ACP3 to On successfully
[06/08/2024 14:46:38.093] DEBUG: [USBRelay.py->set_relay()] Changed channel BCM to On successfully
[06/08/2024 14:46:38.656] DEBUG: [USBRelay.py->set_relay()] Changed channel CGM to On successfully
[06/08/2024 14:46:39.228] DEBUG: [USBRelay.py->set_relay()] Changed channel CSM to On successfully
[06/08/2024 14:46:39.550] DEBUG: [SerialCommands.py->read_console_log()] [serial console]
[06/08/2024 14:46:39.686] DEBUG: [USBRelay.py->set_relay()] Changed channel Doors_Ajar to On successfully
[06/08/2024 14:46:39.892] DEBUG: [SerialCommands.py->read_console_log()] [serial console] read_softsku_pt:135 softsku partition not found, continuing with raw sku id
[06/08/2024 14:46:39.907] DEBUG: [SerialCommands.py->read_console_log()] [serial console] cannot initialize softsku, continue with normal sku id
[06/08/2024 14:46:40.005] DEBUG: [SerialCommands.py->read_console_log()] [serial console] swdl_init:549 system banked to "a"
[06/08/2024 14:46:40.020] DEBUG: [SerialCommands.py->read_console_log()] [serial console] crm: qxa.qa.5.0.r12-00019-sa8155p.hyp-1 (built 2024/05/12-09:33:01-pdt)
[06/08/2024 14:46:40.051] DEBUG: [SerialCommands.py->read_console_log()] [serial console] el2 save/restore init (built: nov  8 2021 19:27:17)
[06/08/2024 14:46:40.053] DEBUG: [SerialCommands.py->read_console_log()] [serial console] exiting bootstrap executable el2-save-restore
[06/08/2024 14:46:40.055] DEBUG: [SerialCommands.py->read_console_log()] [serial console] mmflags=219
[06/08/2024 14:46:40.115] DEBUG: [SerialCommands.py->read_console_log()] [serial console] activating ringbuffer @ 0x80224000 size 16352
[06/08/2024 14:46:40.117] DEBUG: [SerialCommands.py->read_console_log()] [serial console] all clockcycles offsets within tolerance
[06/08/2024 14:46:40.119] DEBUG: [SerialCommands.py->read_console_log()] [serial console] no #1262888 wa needed on cpu0
[06/08/2024 14:46:40.131] DEBUG: [SerialCommands.py->read_console_log()] [serial console] no #1262888 wa needed on cpu1
[06/08/2024 14:46:40.133] DEBUG: [SerialCommands.py->read_console_log()] [serial console] no #1262888 wa needed on cpu2
[06/08/2024 14:46:40.134] DEBUG: [SerialCommands.py->read_console_log()] [serial console] no #1262888 wa needed on cpu3
[06/08/2024 14:46:40.136] DEBUG: [SerialCommands.py->read_console_log()] [serial console] #1262888 wa needed on cpu4
[06/08/2024 14:46:40.138] DEBUG: [SerialCommands.py->read_console_log()] [serial console] #1262888 wa needed on cpu5
[06/08/2024 14:46:40.147] DEBUG: [SerialCommands.py->read_console_log()] [serial console] #1262888 wa needed on cpu6
[06/08/2024 14:46:40.149] DEBUG: [SerialCommands.py->read_console_log()] [serial console] #1262888 wa needed on cpu7
[06/08/2024 14:46:40.150] DEBUG: [SerialCommands.py->read_console_log()] [serial console] hypervisor running
[06/08/2024 14:46:40.163] DEBUG: [SerialCommands.py->read_console_log()] [serial console] slog2_api: cannot connect to slogger2 server...errno=no such file or directory
[06/08/2024 14:46:40.387] DEBUG: [SerialCommands.py->read_console_log()] [serial console] # pps_early: notice: pps initializing
[06/08/2024 14:46:40.403] DEBUG: [SerialCommands.py->read_console_log()] [serial console] pps_early: notice: pps attaching /early_pps
[06/08/2024 14:46:40.419] DEBUG: [SerialCommands.py->read_console_log()] [serial console] pps_early: notice: pps attached /early_pps major 2 minor 4
[06/08/2024 14:46:40.435] DEBUG: [SerialCommands.py->read_console_log()] [serial console] ### starting inc tp layer resource manager ###
[06/08/2024 14:46:40.452] DEBUG: [SerialCommands.py->read_console_log()] [serial console] inc-tp: versions: qnx = 12.0, ar = 12.0
[06/08/2024 14:46:40.484] DEBUG: [SerialCommands.py->read_console_log()] [serial console] start parameter-provider
[06/08/2024 14:46:40.516] DEBUG: [SerialCommands.py->read_console_log()] [serial console] inc-tp: inc tp registered with ham successfully
[06/08/2024 14:46:40.548] DEBUG: [SerialCommands.py->read_console_log()] [serial console] qnx.kern.droproot: 0 -> 1
[06/08/2024 14:46:40.564] DEBUG: [SerialCommands.py->read_console_log()] [serial console] diag_service_launcher : diag_service started
[06/08/2024 14:46:40.646] DEBUG: [USBRelay.py->set_relay()] Changed channel Doors_Ajar to Off successfully
[06/08/2024 14:46:40.757] DEBUG: [SerialCommands.py->read_console_log()] [serial console] libcp configuration_file_read:264: source configuration path: /etc/system/config/fidm/29dbdc45-e0bb-4f2a-9b04-bbfa5aa4962f/gmvcu-topology-17-graphics.conf
[06/08/2024 14:46:40.763] DEBUG: [SerialCommands.py->read_console_log()] [serial console] libcp configuration_file_read:303: 704 of 704 were read
[06/08/2024 14:46:40.788] DEBUG: [SerialCommands.py->read_console_log()] [serial console] slogger_init successful!
[06/08/2024 14:46:40.905]  WARN: [ping_util.py->ping_thread_method()] ACP3 TCP Connection Is Down!
[06/08/2024 14:46:40.907]  WARN: [ping_util.py->ping_thread_method()] VCU TCP Connection Is Down!
[06/08/2024 14:46:40.979] DEBUG: [SerialCommands.py->read_console_log()] [serial console] warn: ssplash[175]: no image to show, will still power on all displays!
[06/08/2024 14:46:40.984] DEBUG: [SerialCommands.py->read_console_log()] [serial console] warn: ssplash[176]: to show image, please refer "use ssplash"
[06/08/2024 14:46:40.996] DEBUG: [SerialCommands.py->read_console_log()] [serial console] slogger_init successful!
[06/08/2024 14:46:41.044] DEBUG: [SerialCommands.py->read_console_log()] [serial console] [audio-/asclauncher] pvmode configuration: 0
[06/08/2024 14:46:41.047] DEBUG: [SerialCommands.py->read_console_log()] [serial console] audio configuration:1
[06/08/2024 14:46:41.105] DEBUG: [USBRelay.py->set_relay()] Changed channel Brake to On successfully
[06/08/2024 14:46:41.251] DEBUG: [SerialCommands.py->read_console_log()] [serial console] openwfd_server: dropped abilities successfully
[06/08/2024 14:46:41.267] DEBUG: [SerialCommands.py->read_console_log()] [serial console] swdl_init:549 system banked to "a"
[06/08/2024 14:46:41.347] DEBUG: [SerialCommands.py->read_console_log()] [serial console] alogfrontend::readenvbeloglevel:invalid env value. fallback to def(debug2)
[06/08/2024 14:46:41.363] DEBUG: [SerialCommands.py->read_console_log()] [serial console] alogfrontend::readenvbeloglevel:invalid env value. fallback to def(debug2)
[06/08/2024 14:46:41.366] DEBUG: [SerialCommands.py->read_console_log()] [serial console] alogfrontend::readenvgloballoglevel:invalid env value. fallback to def(debug2)
[06/08/2024 14:46:41.382] DEBUG: [SerialCommands.py->read_console_log()] [serial console] /var/log/ondevice_logging/diagdiridx: no such file or directory
[06/08/2024 14:46:41.459] DEBUG: [SerialCommands.py->read_console_log()] [serial console] pps_late: notice: pps initializing
[06/08/2024 14:46:41.476] DEBUG: [SerialCommands.py->read_console_log()] [serial console] /var/log/ondevice_logging/logs.txt: no such file or directory
[06/08/2024 14:46:41.539] DEBUG: [SerialCommands.py->read_console_log()] [serial console] pps_late: warning: /etc/pps_late.cfg:60:gm/hmicluster: acl supercedes mode (was 0644 now 0664)
[06/08/2024 14:46:41.540] DEBUG: [SerialCommands.py->read_console_log()] [serial console] pps_late: notice: pps attaching /pps
[06/08/2024 14:46:41.555] DEBUG: [SerialCommands.py->read_console_log()] [serial console] pps_late: notice: pps attached /pps major 2 minor 14
[06/08/2024 14:46:41.572] DEBUG: [SerialCommands.py->read_console_log()] [serial console] loading deva-ctrl-qc version 0.94.0 on [jul  1 2024]...
[06/08/2024 14:46:41.568] DEBUG: [USBRelay.py->set_relay()] Changed channel Start to On successfully
[06/08/2024 14:46:41.574] DEBUG: [SerialCommands.py->read_console_log()] [serial console] logger init start
[06/08/2024 14:46:41.576] DEBUG: [SerialCommands.py->read_console_log()] [serial console] with slog: log tag: rvc_service
[06/08/2024 14:46:41.587] DEBUG: [SerialCommands.py->read_console_log()] [serial console] [1970-01-01 00:00:02.274] [cli] [info] <t_1>vpmverinfo: 0.1.0-0000 build from head at 852f57f2 by bgm9hi 2024-07-01t15:33:01
[06/08/2024 14:46:41.603] DEBUG: [SerialCommands.py->read_console_log()] [serial console] [1970-01-01 00:00:02.274] [cli] [info] <t_1>vpmverinfo: 0.1.0-0000 build from head at 852f57f2 by bgm9hi 2024-07-01t15:33:01
[06/08/2024 14:46:41.606] DEBUG: [SerialCommands.py->read_console_log()] [serial console] alogfrontend::readenvbeloglevel:invalid env value. fallback to def(debug2)
[06/08/2024 14:46:41.619] DEBUG: [SerialCommands.py->read_console_log()] [serial console] alogfrontend::readenvbeloglevel:invalid env value. fallback to def(debug2)
[06/08/2024 14:46:41.622] DEBUG: [SerialCommands.py->read_console_log()] [serial console] alogfrontend::readenvgloballoglevel:invalid env value. fallback to def(debug2)
[06/08/2024 14:46:41.624] DEBUG: [SerialCommands.py->read_console_log()] [serial console] tdm1_adsp_rx_2ch_logging disabled
[06/08/2024 14:46:41.627] DEBUG: [SerialCommands.py->read_console_log()] [serial console] tdm1_adsp_tx_2ch_logging disabled
[06/08/2024 14:46:41.635] DEBUG: [SerialCommands.py->read_console_log()] [serial console] tdm2_mdsp_rx_8ch_logging disabled
[06/08/2024 14:46:41.637] DEBUG: [SerialCommands.py->read_console_log()] [serial console] tdm2_mdsp_tx_8ch_logging disabled
[06/08/2024 14:46:41.638] DEBUG: [SerialCommands.py->read_console_log()] [serial console] tdm3_mdsp_rx_16ch_logging disabled
[06/08/2024 14:46:41.641] DEBUG: [SerialCommands.py->read_console_log()] [serial console] tdm3_adsp_rx_16ch_logging disabled
[06/08/2024 14:46:41.651] DEBUG: [SerialCommands.py->read_console_log()] [serial console] tdm3_adsp_tx_16ch_logging disabled
[06/08/2024 14:46:41.653] DEBUG: [SerialCommands.py->read_console_log()] [serial console] tdm4_adsp_tx_8ch_logging enabled channel_mask=0xff
[06/08/2024 14:46:41.654] DEBUG: [SerialCommands.py->read_console_log()] [serial console] tdm5_mdsp_rx_16ch_logging disabled
[06/08/2024 14:46:41.656] DEBUG: [SerialCommands.py->read_console_log()] [serial console] tdm5_adsp_tx_16ch_logging disabled
[06/08/2024 14:46:41.658] DEBUG: [SerialCommands.py->read_console_log()] [serial console] tdm5_mdsp_tx_16ch_logging disabled
[06/08/2024 14:46:41.667] DEBUG: [SerialCommands.py->read_console_log()] [serial console] loading deva-ctrl-qc version 0.94.0 on [jul  1 2024]...
[06/08/2024 14:46:41.731] DEBUG: [SerialCommands.py->read_console_log()] [serial console] network_mgr_launcher : soc platform : global
[06/08/2024 14:46:41.734] DEBUG: [SerialCommands.py->read_console_log()] [serial console] network_mgr_launcher : starting network_mgr with global config
[06/08/2024 14:46:41.763] DEBUG: [SerialCommands.py->read_console_log()] [serial console] failed to get configuration file data
[06/08/2024 14:46:41.779] DEBUG: [SerialCommands.py->read_console_log()] [serial console] network-mgr started with config file[s] : /etc/network_base_config_global.json;/etc/network_hyp_config_global.json
[06/08/2024 14:46:41.781] DEBUG: [SerialCommands.py->read_console_log()] [serial console] failed to get configuration file data
[06/08/2024 14:46:41.955] DEBUG: [SerialCommands.py->read_console_log()] [serial console] failed to get configuration file data
[06/08/2024 14:46:42.019] DEBUG: [SerialCommands.py->read_console_log()] [serial console] [    1.899300]~dlt~122979~info     ~socket /tmp/dlt cannot be opened. retrying later...
[06/08/2024 14:46:42.083] DEBUG: [SerialCommands.py->read_console_log()] [serial console] swdl_init:549 system banked to "a"
[06/08/2024 14:46:42.115] DEBUG: [SerialCommands.py->read_console_log()] [serial console] #######################################
[06/08/2024 14:46:42.179] DEBUG: [SerialCommands.py->read_console_log()] [serial console] build_id=rb_main_2024.26.7-11-gd9f049d00a-change_798053_2
[06/08/2024 14:46:42.181] DEBUG: [SerialCommands.py->read_console_log()] [serial console] rc_build_id=
[06/08/2024 14:46:42.195] DEBUG: [SerialCommands.py->read_console_log()] [serial console] domain_build_id=multi-aegean_orange-android_user-qnx_user-secboot_false-8155-rb_main_2024.26.7-11-gd9f049d00a-change_798053_2
[06/08/2024 14:46:42.197] DEBUG: [SerialCommands.py->read_console_log()] [serial console] build_timestamp=2024-07-01 12:49:51 +0000
[06/08/2024 14:46:42.210] DEBUG: [SerialCommands.py->read_console_log()] [serial console] manifests_revision=d9f049d00a2bda5f0e2324e4cc966958c5128c5a
[06/08/2024 14:46:42.213] DEBUG: [SerialCommands.py->read_console_log()] [serial console] manifest_file=manifest.xml
[06/08/2024 14:46:42.215] DEBUG: [SerialCommands.py->read_console_log()] [serial console] target_product=aegean_orange
[06/08/2024 14:46:42.217] DEBUG: [SerialCommands.py->read_console_log()] [serial console] target_build_variant=user
[06/08/2024 14:46:42.219] DEBUG: [SerialCommands.py->read_console_log()] [serial console] qnx_target_build_variant=user
[06/08/2024 14:46:42.222] DEBUG: [SerialCommands.py->read_console_log()] [serial console] secure_boot=false
[06/08/2024 14:46:42.223] DEBUG: [SerialCommands.py->read_console_log()] [serial console] generate_fullota_board=null
[06/08/2024 14:46:42.226] DEBUG: [SerialCommands.py->read_console_log()] [serial console] patac_build_number=null
[06/08/2024 14:46:42.228] DEBUG: [SerialCommands.py->read_console_log()] [serial console] qc_distribution=postcs17_0.0.029.1
[06/08/2024 14:46:42.230] DEBUG: [SerialCommands.py->read_console_log()] [serial console] qc_product=snapdragon_auto.hqx.3.1.4.1
[06/08/2024 14:46:42.233] DEBUG: [SerialCommands.py->read_console_log()] [serial console] qc_releasenote=rno-240528105307
[06/08/2024 14:46:42.242] DEBUG: [SerialCommands.py->read_console_log()] [serial console] qnx_plist=exp_gen3_patchset_hqx3_1_4_1_bosch_20230217
[06/08/2024 14:46:42.244] DEBUG: [SerialCommands.py->read_console_log()] [serial console] qxn_plist_hash=b92452c5d69022a6663901f1cdb14f3de68967f4
[06/08/2024 14:46:42.246] DEBUG: [SerialCommands.py->read_console_log()] [serial console] gm.build=sqbm-632
[06/08/2024 14:46:42.247] DEBUG: [SerialCommands.py->read_console_log()] [serial console] gm.ssw.build.id=sqbm-632
[06/08/2024 14:46:42.249] DEBUG: [SerialCommands.py->read_console_log()] [serial console] gm.product=orange
[06/08/2024 14:46:42.251] DEBUG: [SerialCommands.py->read_console_log()] [serial console] gm.platform=gb
[06/08/2024 14:46:42.252] DEBUG: [SerialCommands.py->read_console_log()] [serial console] gm.hwtype=mid
[06/08/2024 14:46:42.258] DEBUG: [SerialCommands.py->read_console_log()] [serial console] gm.security=development
[06/08/2024 14:46:42.260] DEBUG: [SerialCommands.py->read_console_log()] [serial console] gm.gas=1
[06/08/2024 14:46:42.263] DEBUG: [SerialCommands.py->read_console_log()] [serial console] gm.baseline=# integrated bosch release version. rb_main_2024.24.7 qc_distribution=postcs17_0.0.029.1
[06/08/2024 14:46:42.265] DEBUG: [SerialCommands.py->read_console_log()] [serial console] slmlauncher : hw_vehicle_platform_global
[06/08/2024 14:46:42.274] DEBUG: [SerialCommands.py->read_console_log()] [serial console] slmlauncher : starting slm with slm.xml
[06/08/2024 14:46:42.277] DEBUG: [SerialCommands.py->read_console_log()] [serial console] startup complete
[06/08/2024 14:46:42.307] DEBUG: [SerialCommands.py->read_console_log()] [serial console] [    2.191301]~dlt~143473~info     ~socket /tmp/dlt cannot be opened. retrying later...
[06/08/2024 14:46:42.466] DEBUG: [SerialCommands.py->read_console_log()] [serial console] service is up and running, and ready to receive commands. use echo "help" > /tmp/vpe_cli.txt
[06/08/2024 14:46:42.722] DEBUG: [SerialCommands.py->read_console_log()] [serial console] path=0 -
[06/08/2024 14:46:42.726] DEBUG: [SerialCommands.py->read_console_log()] [serial console] target=0 lun=0     direct-access(0) - ram  rev:
[06/08/2024 14:46:42.806] DEBUG: [SerialCommands.py->read_console_log()] [serial console] [    2.683301]~dlt~258173~info     ~socket /tmp/dlt cannot be opened. retrying later...
[06/08/2024 14:46:42.981] DEBUG: [SerialCommands.py->read_console_log()] [serial console] swdl_init:549 system banked to "a"
[06/08/2024 14:46:42.986] DEBUG: [SerialCommands.py->read_console_log()] [serial console] passed in uclientidx=5
[06/08/2024 14:46:42.995] DEBUG: [SerialCommands.py->read_console_log()] [serial console] wfd_be: dropped abilities successfully
[06/08/2024 14:46:43.219] DEBUG: [SerialCommands.py->read_console_log()] [serial console] pf enabled
[06/08/2024 14:46:43.333] DEBUG: [SerialCommands.py->read_console_log()] [serial console] alogfrontend::readenvbeloglevel:invalid env value. fallback to def(debug2)
[06/08/2024 14:46:43.340] DEBUG: [SerialCommands.py->read_console_log()] [serial console] alogfrontend::readenvbeloglevel:invalid env value. fallback to def(debug2)
[06/08/2024 14:46:43.348] DEBUG: [SerialCommands.py->read_console_log()] [serial console] alogfrontend::readenvgloballoglevel:invalid env value. fallback to def(debug2)
[06/08/2024 14:46:43.522] DEBUG: [SerialCommands.py->read_console_log()] [serial console] [ramp][hmic] slog2 info success
[06/08/2024 14:46:43.906] DEBUG: [SerialCommands.py->read_console_log()] [serial console] register_for_ssr_events ++
[06/08/2024 14:46:43.923] DEBUG: [SerialCommands.py->read_console_log()] [serial console] alogfrontend::readenvbeloglevel:invalid env value. fallback to def(debug2)
[06/08/2024 14:46:43.938] DEBUG: [SerialCommands.py->read_console_log()] [serial console] alogfrontend::readenvbeloglevel:invalid env value. fallback to def(debug2)
[06/08/2024 14:46:43.941] DEBUG: [SerialCommands.py->read_console_log()] [serial console] alogfrontend::readenvgloballoglevel:invalid env value. fallback to def(debug2)
[06/08/2024 14:46:43.954] DEBUG: [SerialCommands.py->read_console_log()] [serial console] [linux-la-mid.config:160] vinput: external window position: [5010,0]
[06/08/2024 14:46:43.956] DEBUG: [SerialCommands.py->read_console_log()] [serial console] alogfrontend::readenvbeloglevel:invalid env value. fallback to def(debug2)
[06/08/2024 14:46:43.959] DEBUG: [SerialCommands.py->read_console_log()] [serial console] alogfrontend::readenvbeloglevel:invalid env value. fallback to def(debug2)
[06/08/2024 14:46:43.971] DEBUG: [SerialCommands.py->read_console_log()] [serial console] alogfrontend::readenvgloballoglevel:invalid env value. fallback to def(debug2)
[06/08/2024 14:46:44.003] DEBUG: [SerialCommands.py->read_console_log()] [serial console] resource-monitor started with config file[s] : /etc/memoryconfig.cfg
[06/08/2024 14:46:44.019] DEBUG: [SerialCommands.py->read_console_log()] [serial console] analyzer not enabled. touch /etc/enable_analyzer and reset device to enable analyzer debugging
[06/08/2024 14:46:44.037] DEBUG: [SerialCommands.py->read_console_log()] [serial console] analyzer external not enabled. touch /etc/enable_analyzer_external and reset device to enable analyzer external debugging
[06/08/2024 14:46:44.029] DEBUG: [USBRelay.py->set_relay()] Changed channel Start to Off successfully
[06/08/2024 14:46:44.339] DEBUG: [SerialCommands.py->read_console_log()] [serial console] swdl_init:549 system banked to "a"
[06/08/2024 14:46:44.496] DEBUG: [USBRelay.py->set_relay()] Changed channel Brake to Off successfully
[06/08/2024 14:46:44.500]  INFO: [ColdBootVcum.py->perform_iteration()] Finished cold boot
[06/08/2024 14:46:44.503] DEBUG: [testing_logs_utils.py->logged_sleep()] Sleeping for 3 seconds
[06/08/2024 14:46:44.770] DEBUG: [SerialCommands.py->read_console_log()] [serial console] swdl_init:549 system banked to "a"
[06/08/2024 14:46:44.820] DEBUG: [SerialCommands.py->read_console_log()] [serial console] qqnxscreen::qqnxscreen : v 5.12.3.1
[06/08/2024 14:46:44.834] DEBUG: [SerialCommands.py->read_console_log()] [serial console] qstandardpaths: error creating runtime directory /dev/shmem/runtime-gm_hmicluster: no such file or directory
[06/08/2024 14:46:44.837] DEBUG: [SerialCommands.py->read_console_log()] [serial console] [swu]	update_engine: boot mode=normal_mode, vip mode=vip_app_mode
[06/08/2024 14:46:44.839] DEBUG: [SerialCommands.py->read_console_log()] [serial console] fontconfig error: cannot load default config file
[06/08/2024 14:46:44.914] DEBUG: [SerialCommands.py->read_console_log()] [serial console] slm: component 'enable_adb' (pid 372885) terminated unexpectedly
[06/08/2024 14:46:44.996] DEBUG: [SerialCommands.py->read_console_log()] [serial console] [    4.870669]~dlt~483497~info     ~socket /tmp/dlt cannot be opened. retrying later...
[06/08/2024 14:46:45.003] DEBUG: [SerialCommands.py->read_console_log()] [serial console] slm: component 'cpu_gpu_dcvs_disable' (pid 528550) terminated unexpectedly
[06/08/2024 14:46:45.008] DEBUG: [SerialCommands.py->read_console_log()] [serial console] swdl_init:549 system banked to "a"
[06/08/2024 14:46:45.028] DEBUG: [SerialCommands.py->read_console_log()] [serial console] lcm_inc_dispatcher system state, current:1, previous:0
[06/08/2024 14:46:45.035] DEBUG: [SerialCommands.py->read_console_log()] [serial console] lcm_inc_dispatcher system state, current:susd_sys_state_animinit
[06/08/2024 14:46:45.040] DEBUG: [SerialCommands.py->read_console_log()] [serial console] plc state changed from 1 to 2
[06/08/2024 14:46:45.045] DEBUG: [SerialCommands.py->read_console_log()] [serial console] swdl_init:549 system banked to "a"
[06/08/2024 14:46:45.186] DEBUG: [SerialCommands.py->read_console_log()] [serial console] [tid=4]invoke_setrunmask:830 setmask no more -1
[06/08/2024 14:46:45.332] DEBUG: [SerialCommands.py->read_console_log()] [serial console] alogfrontend::readenvbeloglevel:invalid env value. fallback to def(debug2)
[06/08/2024 14:46:45.337] DEBUG: [SerialCommands.py->read_console_log()] [serial console] alogfrontend::readenvbeloglevel:invalid env value. fallback to def(debug2)
[06/08/2024 14:46:45.347] DEBUG: [SerialCommands.py->read_console_log()] [serial console] alogfrontend::readenvgloballoglevel:invalid env value. fallback to def(debug2)
[06/08/2024 14:46:45.351] DEBUG: [SerialCommands.py->read_console_log()] [serial console] [    5.225337]~dlt~720904~info     ~socket /tmp/dlt cannot be opened. retrying later...
[06/08/2024 14:46:45.378] DEBUG: [SerialCommands.py->read_console_log()] [serial console] [    5.250667]~dlt~716806~info     ~socket /tmp/dlt cannot be opened. retrying later...
[06/08/2024 14:46:45.543] DEBUG: [SerialCommands.py->read_console_log()] [serial console] [    5.424326]~dlt~749590~info     ~socket /tmp/dlt cannot be opened. retrying later...
[06/08/2024 14:46:45.810] DEBUG: [SerialCommands.py->read_console_log()] [serial console] [    5.697660]~dlt~258173~notice   ~logging (re-)enabled!
[06/08/2024 14:46:45.826] DEBUG: [SerialCommands.py->read_console_log()] [serial console] [    5.706994]~dlt~143473~notice   ~logging (re-)enabled!
[06/08/2024 14:46:45.874] DEBUG: [SerialCommands.py->read_console_log()] [serial console] [    5.746670]~dlt~856139~info     ~socket /tmp/dlt cannot be opened. retrying later...
[06/08/2024 14:46:45.910]  WARN: [ping_util.py->ping_thread_method()] VCU TCP Connection Is Down!
[06/08/2024 14:46:45.970] DEBUG: [SerialCommands.py->read_console_log()] [serial console] send injection message:
[06/08/2024 14:46:45.972] DEBUG: [SerialCommands.py->read_console_log()] [serial console] appid: qsym
[06/08/2024 14:46:45.973] DEBUG: [SerialCommands.py->read_console_log()] [serial console] conid: qsyc
[06/08/2024 14:46:45.975] DEBUG: [SerialCommands.py->read_console_log()] [serial console] serviceid: 4096
[06/08/2024 14:46:45.976] DEBUG: [SerialCommands.py->read_console_log()] [serial console] message: 01
[06/08/2024 14:46:46.002] DEBUG: [SerialCommands.py->read_console_log()] [serial console] [    5.877660]~dlt~483497~notice   ~logging (re-)enabled!
[06/08/2024 14:46:46.004] DEBUG: [SerialCommands.py->read_console_log()] [serial console] swdl_init:549 system banked to "a"
[06/08/2024 14:46:46.034] DEBUG: [SerialCommands.py->read_console_log()] [serial console] [    5.920326]~dlt~122979~notice   ~logging (re-)enabled!
[06/08/2024 14:46:46.052] DEBUG: [SerialCommands.py->read_console_log()] [serial console] [    5.926993]~dlt~749590~notice   ~logging (re-)enabled!
[06/08/2024 14:46:46.162] DEBUG: [SerialCommands.py->read_console_log()] [serial console] remote hmi - version 1.53.1
[06/08/2024 14:46:46.338] DEBUG: [SerialCommands.py->read_console_log()] [serial console] urlparser, failed to open file as read only "./data/ff2/gmxml/rhmi_asset_to_skin_mappings.gmxml"
[06/08/2024 14:46:46.354] DEBUG: [SerialCommands.py->read_console_log()] [serial console] [    6.229660]~dlt~720904~notice   ~logging (re-)enabled!
[06/08/2024 14:46:46.372] DEBUG: [SerialCommands.py->read_console_log()] [serial console] [    6.250668]~dlt~856139~notice   ~logging (re-)enabled!
[06/08/2024 14:46:46.546] DEBUG: [SerialCommands.py->read_console_log()] [serial console] [altia dbg] time to initialize opengl - 391
[06/08/2024 14:46:46.771] DEBUG: [SerialCommands.py->read_console_log()] [serial console] alogfrontend::readenvbeloglevel:invalid env value. fallback to def(debug2)
[06/08/2024 14:46:46.786] DEBUG: [SerialCommands.py->read_console_log()] [serial console] alogfrontend::readenvbeloglevel:invalid env value. fallback to def(debug2)
[06/08/2024 14:46:46.789] DEBUG: [SerialCommands.py->read_console_log()] [serial console] alogfrontend::readenvgloballoglevel:invalid env value. fallback to def(debug2)
[06/08/2024 14:46:46.802] DEBUG: [SerialCommands.py->read_console_log()] [serial console] loading strings "./data/assets/strings/values-en-rus/strings.xml"
[06/08/2024 14:46:46.884] DEBUG: [SerialCommands.py->read_console_log()] [serial console] [    6.760003]~dlt~716806~notice   ~logging (re-)enabled!
[06/08/2024 14:46:47.058] DEBUG: [SerialCommands.py->read_console_log()] [serial console] swdl_init:549 system banked to "a"
[06/08/2024 14:46:47.122] DEBUG: [SerialCommands.py->read_console_log()] [serial console] [ramp][rtosappmain] slog2 info success
[06/08/2024 14:46:47.138] DEBUG: [SerialCommands.py->read_console_log()] [serial console] send injection message:
[06/08/2024 14:46:47.140] DEBUG: [SerialCommands.py->read_console_log()] [serial console] appid: dlt_
[06/08/2024 14:46:47.142] DEBUG: [SerialCommands.py->read_console_log()] [serial console] conid: core
[06/08/2024 14:46:47.144] DEBUG: [SerialCommands.py->read_console_log()] [serial console] serviceid: 4104
[06/08/2024 14:46:47.146] DEBUG: [SerialCommands.py->read_console_log()] [serial console] message: f1
[06/08/2024 14:46:47.147] DEBUG: [SerialCommands.py->read_console_log()] [serial console] size: 1
[06/08/2024 14:46:47.508] DEBUG: [testing_logs_utils.py->logged_sleep()] Done sleeping
[06/08/2024 14:46:47.512] DEBUG: [CoreDumpEvent.py->is_set()] Check if VPE core dump in process
[06/08/2024 14:46:47.516] DEBUG: [hmi_verify.py->generate_qnx_screenshot_command()] Creating QNX screenshot command
[06/08/2024 14:46:47.520] DEBUG: [hmi_verify.py->qnx_screenshot()] Taking QNX screenshot
[06/08/2024 14:46:47.523] DEBUG: [qnx_commands.py->run_qnx_command()] Trying to run: "rm /var/data//screenshot.bmp" on VCU
[06/08/2024 14:46:47.554] DEBUG: [SerialCommands.py->read_console_log()] [serial console] remote hmi - version 1.53.1
[06/08/2024 14:46:47.683] DEBUG: [SerialCommands.py->read_console_log()] [serial console] alogfrontend::readenvbeloglevel:invalid env value. fallback to def(debug2)
[06/08/2024 14:46:47.689] DEBUG: [SerialCommands.py->read_console_log()] [serial console] alogfrontend::readenvbeloglevel:invalid env value. fallback to def(debug2)
[06/08/2024 14:46:47.698] DEBUG: [SerialCommands.py->read_console_log()] [serial console] alogfrontend::readenvgloballoglevel:invalid env value. fallback to def(debug2)
[06/08/2024 14:46:47.729] DEBUG: [ssh_command.py->__run_ssh_command_core()] Connection to 172.16.4.101 failed.
[06/08/2024 14:46:47.733] DEBUG: [ssh_command.py->__run_ssh_command_core()] Create new Connection to 172.16.4.101, and retry
[06/08/2024 14:46:47.729] DEBUG: [ssh_command.py->__run_ssh_command_core()] Connection to 172.16.4.101 failed.
[06/08/2024 14:46:47.742] DEBUG: [ssh_command.py->__run_ssh_command_core()] Create new Connection to 172.16.4.101, and retry
[06/08/2024 14:46:47.749] DEBUG: [ssh_command.py->__run_ssh_command_core()] Failed to run SSH command on 172.16.4.101 - resetting all SSH connections.
[06/08/2024 14:46:47.755] DEBUG: [ssh_command.py->run_ssh_command()] Caught an exception while running SSH command "rm /var/data//screenshot.bmp". Retrying attempt 1 of 4
[06/08/2024 14:46:47.764] DEBUG: [testing_logs_utils.py->logged_sleep()] Sleeping for 4 seconds
[06/08/2024 14:46:48.067] DEBUG: [SerialCommands.py->read_console_log()] [serial console] [altia dbg] time to initialize opengl - 508
[06/08/2024 14:46:48.116] DEBUG: [SerialCommands.py->read_console_log()] [serial console] exception - infinite loop of null transitions found
[06/08/2024 14:46:48.131] DEBUG: [SerialCommands.py->read_console_log()] [serial console] underflow in omreactive less then 0 null configs
[06/08/2024 14:46:48.136] DEBUG: [SerialCommands.py->read_console_log()] [serial console] exception - infinite loop of null transitions found
[06/08/2024 14:46:48.146] DEBUG: [SerialCommands.py->read_console_log()] [serial console] swdl_init:549 system banked to "a"
[06/08/2024 14:46:48.194] DEBUG: [SerialCommands.py->read_console_log()] [serial console] [hvac_lib_logger_init] entering hvac_lib_logger_init
[06/08/2024 14:46:48.196] DEBUG: [SerialCommands.py->read_console_log()] [serial console] [hvac_lib_logger_init] flag checked
[06/08/2024 14:46:48.210] DEBUG: [SerialCommands.py->read_console_log()] [serial console] error: attempted to show invalid screen | dragselectionactivatescreen()
[06/08/2024 14:46:48.228] DEBUG: [SerialCommands.py->read_console_log()] [serial console] error: attempted to show invalid screen | dragselectionactivatescreen()
[06/08/2024 14:46:48.233] DEBUG: [SerialCommands.py->read_console_log()] [serial console] error: attempted to show invalid screen | dragselectionactivatescreen()
[06/08/2024 14:46:48.242] DEBUG: [SerialCommands.py->read_console_log()] [serial console] error: attempted to show invalid screen | dragselectionactivatescreen()
[06/08/2024 14:46:48.245] DEBUG: [SerialCommands.py->read_console_log()] [serial console] error: attempted to show invalid screen | dragselectionactivatescreen()
[06/08/2024 14:46:48.248] DEBUG: [SerialCommands.py->read_console_log()] [serial console] error: attempted to show invalid screen | dragselectionactivatescreen()
[06/08/2024 14:46:48.259] DEBUG: [SerialCommands.py->read_console_log()] [serial console] error: attempted to show invalid screen | dragselectionactivatescreen()
[06/08/2024 14:46:48.262] DEBUG: [SerialCommands.py->read_console_log()] [serial console] error: attempted to show invalid screen | dragselectionactivatescreen()
[06/08/2024 14:46:48.354] DEBUG: [SerialCommands.py->read_console_log()] [serial console] /dev/pmem/service.rvcvpe: operation not permitted
[06/08/2024 14:46:48.922] DEBUG: [qnx_commands.py->run_qnx_command()] SystemType.VCU shell command returned: telnet_available
[06/08/2024 14:46:48.926]  INFO: [qnx_commands.py->check_qnx_available()] QNX connection [VCU] is Available.
[06/08/2024 14:46:48.929]  INFO: [dlt_ongoing_collector.py->__fetch_logs()] fetching new dlt logs
[06/08/2024 14:46:48.933] DEBUG: [qnx_commands.py->run_qnx_command()] Trying to run: "ls /var/log/dlt_raw | grep .dlt" on VCU
[06/08/2024 14:46:49.388] DEBUG: [qnx_commands.py->run_qnx_command()] SystemType.VCU shell command returned: Audio.250.dlt
CriticalSoc.190.dlt
Soc.091.dlt
Vip.131.dlt
parse_dlt.sh
[06/08/2024 14:46:49.911]  WARN: [ping_util.py->ping_thread_method()] ACP3 TCP Connection Is Down!
[06/08/2024 14:46:49.939] DEBUG: [SerialCommands.py->read_console_log()] [serial console] qqnxscreen::newwindowcreated : windowhandle =  0x166eb12aa0
[06/08/2024 14:46:49.942] DEBUG: [SerialCommands.py->read_console_log()] [serial console] qqnxscreen::newwindowcreated : zorder =  -2
[06/08/2024 14:46:49.954] DEBUG: [SerialCommands.py->read_console_log()] [serial console] qqnxscreen::newwindowcreated : windowname =  "qvm_window"
[06/08/2024 14:46:49.956] DEBUG: [SerialCommands.py->read_console_log()] [serial console] qqnxscreen::updatehierarchy:  m_customzorder =   0
[06/08/2024 14:46:49.958] DEBUG: [SerialCommands.py->read_console_log()] [serial console] qqnxscreen::updatehierarchy for underlay :  0x166eb12aa0 z-order =  -1
[06/08/2024 14:46:49.970] DEBUG: [SerialCommands.py->read_console_log()] [serial console] vinput: window position has been updated to: [5010,0]
[06/08/2024 14:46:49.974] DEBUG: [SerialCommands.py->read_console_log()] [serial console] vinput: window position has been updated to: [5010,0]
[06/08/2024 14:46:49.976] DEBUG: [SerialCommands.py->read_console_log()] [serial console] lcm_inc_dispatcher system state, current:2, previous:1
[06/08/2024 14:46:49.986] DEBUG: [SerialCommands.py->read_console_log()] [serial console] lcm_inc_dispatcher system state, current:susd_sys_state_hmiinit
[06/08/2024 14:46:50.100] DEBUG: [SerialCommands.py->read_console_log()] [serial console] error: attempted to show invalid screen | dragselectionactivatescreen()
[06/08/2024 14:46:50.107] DEBUG: [SerialCommands.py->read_console_log()] [serial console] error: attempted to show invalid screen | dragselectionactivatescreen()
[06/08/2024 14:46:50.213] DEBUG: [SerialCommands.py->read_console_log()] [serial console] alogfrontend::readenvbeloglevel:invalid env value. fallback to def(debug2)
[06/08/2024 14:46:50.227] DEBUG: [SerialCommands.py->read_console_log()] [serial console] alogfrontend::readenvbeloglevel:invalid env value. fallback to def(debug2)
[06/08/2024 14:46:50.232] DEBUG: [SerialCommands.py->read_console_log()] [serial console] alogfrontend::readenvgloballoglevel:invalid env value. fallback to def(debug2)
[06/08/2024 14:46:50.258] DEBUG: [SerialCommands.py->read_console_log()] [serial console] error: attempted to show invalid screen | dragselectionactivatescreen()
[06/08/2024 14:46:50.274] DEBUG: [SerialCommands.py->read_console_log()] [serial console] error: attempted to show invalid screen | dragselectionactivatescreen()
[06/08/2024 14:46:50.279] DEBUG: [SerialCommands.py->read_console_log()] [serial console] error: attempted to show invalid screen | dragselectionactivatescreen()
[06/08/2024 14:46:50.290] DEBUG: [SerialCommands.py->read_console_log()] [serial console] error: attempted to show invalid screen | dragselectionactivatescreen()
[06/08/2024 14:46:50.295] DEBUG: [SerialCommands.py->read_console_log()] [serial console] error: attempted to show invalid screen | dragselectionactivatescreen()
[06/08/2024 14:46:50.299] DEBUG: [SerialCommands.py->read_console_log()] [serial console] error: attempted to show invalid screen | dragselectionactivatescreen()
[06/08/2024 14:46:50.306] DEBUG: [SerialCommands.py->read_console_log()] [serial console] error: attempted to show invalid screen | dragselectionactivatescreen()
[06/08/2024 14:46:50.308] DEBUG: [SerialCommands.py->read_console_log()] [serial console] error: attempted to show invalid screen | dragselectionactivatescreen()
[06/08/2024 14:46:50.322] DEBUG: [SerialCommands.py->read_console_log()] [serial console] error: attempted to show invalid screen | dragselectionactivatescreen()
[06/08/2024 14:46:50.325] DEBUG: [SerialCommands.py->read_console_log()] [serial console] error: attempted to show invalid screen | dragselectionactivatescreen()
[06/08/2024 14:46:50.327] DEBUG: [SerialCommands.py->read_console_log()] [serial console] error: attempted to show invalid screen | dragselectionactivatescreen()
[06/08/2024 14:46:50.338] DEBUG: [SerialCommands.py->read_console_log()] [serial console] error: attempted to show invalid screen | dragselectionactivatescreen()
[06/08/2024 14:46:50.340] DEBUG: [SerialCommands.py->read_console_log()] [serial console] error: attempted to show invalid screen | dragselectionactivatescreen()
[06/08/2024 14:46:50.354] DEBUG: [SerialCommands.py->read_console_log()] [serial console] error: attempted to show invalid screen | dragselectionactivatescreen()
[06/08/2024 14:46:50.356] DEBUG: [SerialCommands.py->read_console_log()] [serial console] error: attempted to show invalid screen | dragselectionactivatescreen()
[06/08/2024 14:46:50.358] DEBUG: [SerialCommands.py->read_console_log()] [serial console] error: attempted to show invalid screen | dragselectionactivatescreen()
[06/08/2024 14:46:50.373] DEBUG: [SerialCommands.py->read_console_log()] [serial console] error: attempted to show invalid screen | dragselectionactivatescreen()
[06/08/2024 14:46:50.377] DEBUG: [SerialCommands.py->read_console_log()] [serial console] error: attempted to show invalid screen | dragselectionactivatescreen()
[06/08/2024 14:46:50.468] DEBUG: [SerialCommands.py->read_console_log()] [serial console] error: attempted to show invalid screen | dragselectionactivatescreen()
[06/08/2024 14:46:50.475] DEBUG: [SerialCommands.py->read_console_log()] [serial console] error: attempted to show invalid screen | dragselectionactivatescreen()
[06/08/2024 14:46:50.482] DEBUG: [SerialCommands.py->read_console_log()] [serial console] error: attempted to show invalid screen | dragselectionactivatescreen()
[06/08/2024 14:46:50.485] DEBUG: [SerialCommands.py->read_console_log()] [serial console] error: attempted to show invalid screen | dragselectionactivatescreen()
[06/08/2024 14:46:50.487] DEBUG: [SerialCommands.py->read_console_log()] [serial console] error: attempted to show invalid screen | dragselectionactivatescreen()
[06/08/2024 14:46:50.498] DEBUG: [SerialCommands.py->read_console_log()] [serial console] error: attempted to show invalid screen | dragselectionactivatescreen()
[06/08/2024 14:46:50.907]  WARN: [ping_util.py->ping_thread_method()] VCU TCP Connection Is Down!
[06/08/2024 14:46:50.962] DEBUG: [SerialCommands.py->read_console_log()] [serial console] lcm_inc_dispatcher system state, current:5, previous:2
[06/08/2024 14:46:50.978] DEBUG: [SerialCommands.py->read_console_log()] [serial console] lcm_inc_dispatcher system state, current:susd_sys_state_run
[06/08/2024 14:46:51.385] DEBUG: [qnx_commands.py->run_qnx_command()] Trying to run: "pidin -p service_vpe -f a | grep -v pid" on ACP3
[06/08/2024 14:46:51.774] DEBUG: [testing_logs_utils.py->logged_sleep()] Done sleeping
[06/08/2024 14:46:51.934] DEBUG: [ssh_command.py->__run_ssh_command_core()] New Connection has been created to 172.16.1.246
[06/08/2024 14:46:52.019] DEBUG: [qnx_commands.py->run_qnx_command()] Trying to run: "screenshot -size=2000x1200 -pos=6230,1 -file=/var/data//screenshot.bmp -display=1" on VCU
[06/08/2024 14:46:52.301] DEBUG: [qnx_commands.py->run_qnx_command()] SystemType.ACP3 shell command returned: 946237
[06/08/2024 14:46:53.252] DEBUG: [SerialCommands.py->read_console_log()] [serial console] swdl_init:549 system banked to "a"
[06/08/2024 14:46:55.442] DEBUG: [SerialCommands.py->read_console_log()] [serial console] [   15.312324]~dlt~483497~info     ~control message forwarded : dlt_service_id_set_all_log_level
[06/08/2024 14:46:55.450] DEBUG: [SerialCommands.py->read_console_log()] [serial console] [   15.313657]~dlt~483497~info     ~control message forwarded : dlt_service_id_store_config
[06/08/2024 14:46:57.613] DEBUG: [hmi_verify.py->_copy_screenshot_from_dut()] Copied screenshot from DUT path: /var/data//screenshot.bmp to Host path: D:\projects\vvi-automation\VPM_Automation_Logs\test_cold_boot_park_vcu_m_AVVP171263-30771\iteration_4\expected_views\screenshot.bmp
[06/08/2024 14:46:57.623] DEBUG: [hmi_verify.py->_rename_screenshot()] Trying to rename screenshot
[06/08/2024 14:46:57.654] DEBUG: [hmi_verify.py->_convert_screenshot()] Trying to convert D:\projects\vvi-automation\VPM_Automation_Logs\test_cold_boot_park_vcu_m_AVVP171263-30771\iteration_4\expected_views\expected_android.bmp to png
[06/08/2024 14:46:58.976] DEBUG: [hmi_verify.py->_convert_screenshot()] Converted D:\projects\vvi-automation\VPM_Automation_Logs\test_cold_boot_park_vcu_m_AVVP171263-30771\iteration_4\expected_views\expected_android.bmp to D:\projects\vvi-automation\VPM_Automation_Logs\test_cold_boot_park_vcu_m_AVVP171263-30771\iteration_4\expected_views\expected_android.png
[06/08/2024 14:46:58.981] DEBUG: [hmi_verify.py->_rename_screenshot()] Copied screenshot from D:\projects\vvi-automation\VPM_Automation_Logs\test_cold_boot_park_vcu_m_AVVP171263-30771\iteration_4\expected_views\screenshot.bmp to D:\projects\vvi-automation\VPM_Automation_Logs\test_cold_boot_park_vcu_m_AVVP171263-30771\iteration_4\expected_views\expected_android.png
[06/08/2024 14:46:59.318]  INFO: [hmi_verify.py->validate_no_green_in_image()]
[06/08/2024 14:46:59.322] DEBUG: [testing_logs_utils.py->logged_sleep()] Sleeping for 10 seconds
[06/08/2024 14:46:59.783] DEBUG: [qnx_commands.py->run_qnx_command()] Trying to run: "pidin -p RtosAppMain -f a | grep -v pid" on VCU
[06/08/2024 14:47:00.108] DEBUG: [qnx_commands.py->run_qnx_command()] SystemType.VCU shell command returned: 1130601
[06/08/2024 14:47:00.109]  WARN: [hmi_service_monitor.py->monitor_pid_change()] HMI PID had Changed from 1110178 to 1130601
[06/08/2024 14:47:00.110]  INFO: [hmi_service_monitor.py->monitor_pid_change()] HMI PID Changed counter: 9
[06/08/2024 14:47:09.327] DEBUG: [testing_logs_utils.py->logged_sleep()] Done sleeping
[06/08/2024 14:47:09.336]  INFO: [bmetrics_utils.py->get_bmetrics_log_and_first_frame_value()] Skipping BOOT KPI calculation time on VCU-M
[06/08/2024 14:47:09.343]  INFO: [VSPY_commands.py->send_function_block()] Sending function block for [REVERSE] via VSPY
[06/08/2024 14:47:09.351] DEBUG: [VSPY_commands.py->get_function_block()] Get function block for [REVERSE].Command value is [fb(tst2).start]
[06/08/2024 14:47:09.443] DEBUG: [SerialCommands.py->read_console_log()] [serial console] underflow in omreactive less then 0 null configs
[06/08/2024 14:47:09.557] DEBUG: [VSPY_commands.py->check_db_signal()] Check DB Signal [SrlDat6_Prtctd_PDU->VMMP_VehMtnMvmtStatAuth] matches value: [Reverse] with command: [db(db5466).sg(8).value?]
[06/08/2024 14:47:09.762] DEBUG: [CoreDumpEvent.py->is_set()] Check if VPE core dump in process
[06/08/2024 14:47:09.766] DEBUG: [hmi_verify.py->generate_qnx_screenshot_command()] Creating QNX screenshot command
[06/08/2024 14:47:09.770] DEBUG: [hmi_verify.py->qnx_screenshot()] Taking QNX screenshot
[06/08/2024 14:47:09.783] DEBUG: [qnx_commands.py->run_qnx_command()] Trying to run: "rm /var/data//screenshot.bmp" on VCU
[06/08/2024 14:47:09.987] DEBUG: [SerialCommands.py->read_console_log()] [serial console] inside rvc vpm system model21206
[06/08/2024 14:47:09.993] DEBUG: [SerialCommands.py->read_console_log()] [serial console] inside rvc vpm system model8
[06/08/2024 14:47:10.062] DEBUG: [qnx_commands.py->run_qnx_command()] Trying to run: "screenshot -size=1400x1200 -pos=6830,1 -file=/var/data//screenshot.bmp -display=1" on VCU
[06/08/2024 14:47:10.097] DEBUG: [SerialCommands.py->read_console_log()] [serial console] error: attempted to show invalid screen | dragselectionactivatescreen()
[06/08/2024 14:47:10.099] DEBUG: [SerialCommands.py->read_console_log()] [serial console] error: attempted to show invalid screen | dragselectionactivatescreen()
[06/08/2024 14:47:10.866] DEBUG: [SerialCommands.py->read_console_log()] [serial console] error: attempted to show invalid screen | dragselectionactivatescreen()
[06/08/2024 14:47:10.868] DEBUG: [SerialCommands.py->read_console_log()] [serial console] error: attempted to show invalid screen | dragselectionactivatescreen()
[06/08/2024 14:47:10.881] DEBUG: [SerialCommands.py->read_console_log()] [serial console] error: attempted to show invalid screen | dragselectionactivatescreen()
[06/08/2024 14:47:10.883] DEBUG: [SerialCommands.py->read_console_log()] [serial console] error: attempted to show invalid screen | dragselectionactivatescreen()
[06/08/2024 14:47:12.226] DEBUG: [SerialCommands.py->read_console_log()] [serial console] inside rvc vpm system model43
[06/08/2024 14:47:13.361] DEBUG: [SerialCommands.py->read_console_log()] [serial console] inside rvc vpm system model21404
[06/08/2024 14:47:13.377] DEBUG: [SerialCommands.py->read_console_log()] [serial console] inside rvc vpm system model21306
[06/08/2024 14:47:13.379] DEBUG: [SerialCommands.py->read_console_log()] [serial console] plc state changed from 2 to 4
[06/08/2024 14:47:19.131] DEBUG: [hmi_verify.py->_copy_screenshot_from_dut()] Copied screenshot from DUT path: /var/data//screenshot.bmp to Host path: D:\projects\vvi-automation\VPM_Automation_Logs\test_cold_boot_park_vcu_m_AVVP171263-30771\iteration_4\expected_views\screenshot.bmp
[06/08/2024 14:47:19.145] DEBUG: [hmi_verify.py->_rename_screenshot()] Trying to rename screenshot
[06/08/2024 14:47:19.170] DEBUG: [hmi_verify.py->_convert_screenshot()] Trying to convert D:\projects\vvi-automation\VPM_Automation_Logs\test_cold_boot_park_vcu_m_AVVP171263-30771\iteration_4\expected_views\expected_rear_view_before_cold_boot.bmp to png
[06/08/2024 14:47:20.026] DEBUG: [hmi_verify.py->_convert_screenshot()] Converted D:\projects\vvi-automation\VPM_Automation_Logs\test_cold_boot_park_vcu_m_AVVP171263-30771\iteration_4\expected_views\expected_rear_view_before_cold_boot.bmp to D:\projects\vvi-automation\VPM_Automation_Logs\test_cold_boot_park_vcu_m_AVVP171263-30771\iteration_4\expected_views\expected_rear_view_before_cold_boot.png
[06/08/2024 14:47:20.032] DEBUG: [hmi_verify.py->_rename_screenshot()] Copied screenshot from D:\projects\vvi-automation\VPM_Automation_Logs\test_cold_boot_park_vcu_m_AVVP171263-30771\iteration_4\expected_views\screenshot.bmp to D:\projects\vvi-automation\VPM_Automation_Logs\test_cold_boot_park_vcu_m_AVVP171263-30771\iteration_4\expected_views\expected_rear_view_before_cold_boot.png
[06/08/2024 14:47:20.036] DEBUG: [hmi_verify.py->verify_image_by_marker()] Verifying view=<HmiViewSelection.REAR_PERSPECTIVE: 'rear_perspective'> by markers, expected_markers=[20], excluded_markers=(), flip_view=True
[06/08/2024 14:47:20.087]  INFO: [hmi_verify.py->verify_image_by_marker_core()] REAR_PERSPECTIVE expected markers not found! expected markers: {20}, captured markers: None, missing_markers={20}
[06/08/2024 14:47:20.129]  INFO: [hmi_verify.py->verify_image_by_marker_core()] REAR_PERSPECTIVE expected markers not found! expected markers: {20}, captured markers: None, missing_markers={20}
[06/08/2024 14:47:20.134] ERROR: [hmi_verify.py->verify_rear_perspective()] Camera shown is not rear camera!
NoneType: None
[06/08/2024 14:47:20.250]  FAIL: [Scenario.py->fail_iteration()] Iteration 4 Failed.
NoneType: None
[06/08/2024 14:47:20.255]  FAIL: [Scenario.py->fail_iteration()] Unable to verify rear perspective after cold boot and reverse
NoneType: None
[06/08/2024 14:47:20.260] DEBUG: [testing_logs_utils.py->logged_sleep()] Sleeping for 4 seconds
[06/08/2024 14:47:22.303] DEBUG: [qnx_commands.py->run_qnx_command()] Trying to run: "pidin -p service_vpe -f a | grep -v pid" on ACP3
[06/08/2024 14:47:22.408] DEBUG: [qnx_commands.py->run_qnx_command()] SystemType.ACP3 shell command returned: 946237
[06/08/2024 14:47:24.266] DEBUG: [testing_logs_utils.py->logged_sleep()] Done sleeping
[06/08/2024 14:47:24.271]  INFO: [web_cam_util.py->stop()] Video Capture Ended
[06/08/2024 14:47:24.277] DEBUG: [web_cam_util.py->_stop_capture_log()] Number frames captured: 0
[06/08/2024 14:47:24.282] DEBUG: [web_cam_util.py->_stop_capture_log()] Elapsed time: 54.41sec
[06/08/2024 14:47:24.287] DEBUG: [web_cam_util.py->_stop_capture_log()] Real rate: 0.0fps
Setting artifact directory to D:\projects\vvi-automation\VPM_Automation_Logs\test_cold_boot_park_vcu_m_AVVP171263-30771\iteration_4
[06/08/2024 14:47:24.513]  INFO: [IterationActions.py->extract_data_after_iteration()] Extracting data after iteration
[06/08/2024 14:47:24.518] DEBUG: [DutLogsHandler.py->export_all_log_files()] Exporting log files
Setting artifact directory to D:\projects\vvi-automation\VPM_Automation_Logs\test_cold_boot_park_vcu_m_AVVP171263-30771\iteration_4\Logs
[06/08/2024 14:47:24.523] DEBUG: [qnx_commands.py->run_qnx_command()] Trying to run: "ls /var/log/dlt_raw" on VCU
[06/08/2024 14:47:24.538]  INFO: [web_cam_util.py->run()] Captured video saved into the filepath: D:\projects\vvi-automation\VPM_Automation_Logs\test_cold_boot_park_vcu_m_AVVP171263-30771\iteration_4\video_capture_iteration_4.mp4
[06/08/2024 14:47:24.782] DEBUG: [qnx_commands.py->run_qnx_command()] SystemType.VCU shell command returned: Audio.250.dlt
Audio.251.dlt
CriticalSoc.190.dlt
PARSE_RAW_DLT.README
Soc.091.dlt
Soc.092.dlt
Vip.131.dlt
dlt_logstorage.conf
parse_dlt.sh
[06/08/2024 14:47:24.786] DEBUG: [qnx_commands.py->run_qnx_command()] Trying to run: "ls /var/log/dlt_raw | wc -l" on VCU
[06/08/2024 14:47:25.024] DEBUG: [web_cam_util.py->apply_camera_settings()] External camera settings applied.
[06/08/2024 14:47:25.231] DEBUG: [qnx_commands.py->run_qnx_command()] SystemType.VCU shell command returned: 9
[06/08/2024 14:47:25.246] DEBUG: [DLTFilesCollector.py->_collect_dlt_from_dut()] Exporting dlt files from VCU on IP [172.16.4.101] to directory [D:\projects\vvi-automation\VPM_Automation_Logs\test_cold_boot_park_vcu_m_AVVP171263-30771\iteration_4\Logs]
[06/08/2024 14:47:25.256] DEBUG: [qnx_commands.py->run_qnx_command()] Trying to run: "ls /var/log/dlt_raw/*" on VCU
[06/08/2024 14:47:25.631] DEBUG: [qnx_commands.py->run_qnx_command()] SystemType.VCU shell command returned: /var/log/dlt_raw/Audio.250.dlt
/var/log/dlt_raw/Audio.251.dlt
/var/log/dlt_raw/CriticalSoc.190.dlt
/var/log/dlt_raw/PARSE_RAW_DLT.README
/var/log/dlt_raw/Soc.091.dlt
/var/log/dlt_raw/Soc.092.dlt
/var/log/dlt_raw/Vip.131.dlt
/var/log/dlt_raw/dlt_logstorage.conf
/var/log/dlt_raw/parse_dlt.sh
[06/08/2024 14:47:25.639] DEBUG: [qnx_commands.py->run_qnx_command()] Trying to run: "tar -czvf /var/data/VCU_dlt_files_20240806144725.tgz /var/log/dlt_raw/Soc*.dlt /var/log/dlt_raw/CriticalSoc*.dlt /var/log/dlt_raw/Vip*.dlt" on VCU
[06/08/2024 14:47:30.112] DEBUG: [qnx_commands.py->run_qnx_command()] Trying to run: "pidin -p RtosAppMain -f a | grep -v pid" on VCU
[06/08/2024 14:47:31.026] DEBUG: [qnx_commands.py->run_qnx_command()] SystemType.VCU shell command returned: tar: Removing leading '/' from member names
a var/log/dlt_raw/Soc.091.dlt
a var/log/dlt_raw/Soc.092.dlt
a var/log/dlt_raw/CriticalSoc.190.dlt
a var/log/dlt_raw/Vip.131.dlt
[06/08/2024 14:47:32.051] DEBUG: [qnx_commands.py->run_qnx_command()] SystemType.VCU shell command returned: 1130601
[06/08/2024 14:47:33.879] DEBUG: [qnx_commands.py->run_qnx_command()] Trying to run: "rm /var/data/*_dlt_files_*.tgz" on VCU
[06/08/2024 14:47:34.140] DEBUG: [DLTFilesCollector.py->collect_and_remove_dlt_files()] Collect dlt files done!
[06/08/2024 14:47:34.145] DEBUG: [DLTFilesCollector.py->collect_and_remove_dlt_files()] remove the dlt file from the device
[06/08/2024 14:47:34.149] DEBUG: [DLTFilesCollector.py->_remove_dlt_files_from_dut()] Delete all files in /var/log/dlt
[06/08/2024 14:47:34.153] DEBUG: [qnx_commands.py->run_qnx_command()] Trying to run: "ls /var/log/dlt" on VCU
[06/08/2024 14:47:34.587] DEBUG: [qnx_commands.py->run_qnx_command()] SystemType.VCU shell command returned: Soc.086.dlt.2024-08-06_12-27-10.log
Soc.087.dlt.2024-08-06_12-28-18.log
Soc.088.dlt.2024-08-06_12-29-17.log
Soc.089.dlt.2024-08-06_12-30-01.log
Soc.090.dlt.2024-08-06_12-34-48.log
[06/08/2024 14:47:34.596] DEBUG: [qnx_commands.py->run_qnx_command()] Trying to run: "ls /var/log/dlt | wc -l" on VCU
[06/08/2024 14:47:35.068] DEBUG: [qnx_commands.py->run_qnx_command()] SystemType.VCU shell command returned: 5
[06/08/2024 14:47:35.074] DEBUG: [qnx_commands.py->run_qnx_command()] Trying to run: "ls /var/log/dlt/Soc.*.dlt" on VCU
[06/08/2024 14:47:35.692] DEBUG: [qnx_commands.py->run_qnx_command()] SystemType.VCU shell command returned: ls: No such file or directory (/var/log/dlt/Soc.*.dlt)
[06/08/2024 14:47:35.696] DEBUG: [qnx_commands.py->run_qnx_command()] Trying to run: "ls /var/log/dlt/Vip.*.dlt" on VCU
[06/08/2024 14:47:36.195] DEBUG: [qnx_commands.py->run_qnx_command()] SystemType.VCU shell command returned: ls: No such file or directory (/var/log/dlt/Vip.*.dlt)
[06/08/2024 14:47:36.209] DEBUG: [qnx_commands.py->run_qnx_command()] Trying to run: "ls /var/log/dlt/CriticalSoc.*.dlt" on VCU
[06/08/2024 14:47:36.719] DEBUG: [qnx_commands.py->run_qnx_command()] SystemType.VCU shell command returned: ls: No such file or directory (/var/log/dlt/CriticalSoc.*.dlt)
[06/08/2024 14:47:36.732] DEBUG: [qnx_commands.py->run_qnx_command()] Trying to run: "ls /var/log/dlt/Audio.*.dlt" on VCU
[06/08/2024 14:47:37.066] DEBUG: [qnx_commands.py->run_qnx_command()] SystemType.VCU shell command returned: ls: No such file or directory (/var/log/dlt/Audio.*.dlt)
[06/08/2024 14:47:37.070] DEBUG: [DLTFilesCollector.py->_remove_dlt_files_from_dut()] the list of files to delete after sorting and remove the latest from each group: []
[06/08/2024 14:47:37.074] DEBUG: [qnx_commands.py->run_qnx_command()] Trying to run: "rm -r " on VCU
[06/08/2024 14:47:37.703] DEBUG: [qnx_commands.py->run_qnx_command()] SystemType.VCU shell command returned: rm: Must specify file[s] for removal.
[06/08/2024 14:47:37.718] DEBUG: [DLTFilesCollector.py->_remove_dlt_files_from_dut()] Delete all files in /var/log/dlt_raw
[06/08/2024 14:47:37.728] DEBUG: [qnx_commands.py->run_qnx_command()] Trying to run: "ls /var/log/dlt_raw" on VCU
[06/08/2024 14:47:38.185] DEBUG: [qnx_commands.py->run_qnx_command()] SystemType.VCU shell command returned: Audio.250.dlt
Audio.251.dlt
CriticalSoc.190.dlt
PARSE_RAW_DLT.README
Soc.091.dlt
Soc.092.dlt
Vip.131.dlt
dlt_logstorage.conf
parse_dlt.sh
[06/08/2024 14:47:38.199] DEBUG: [qnx_commands.py->run_qnx_command()] Trying to run: "ls /var/log/dlt_raw | wc -l" on VCU
[06/08/2024 14:47:38.721] DEBUG: [qnx_commands.py->run_qnx_command()] SystemType.VCU shell command returned: 9
[06/08/2024 14:47:38.725] DEBUG: [qnx_commands.py->run_qnx_command()] Trying to run: "ls /var/log/dlt_raw/Soc.*.dlt" on VCU
[06/08/2024 14:47:39.128] DEBUG: [qnx_commands.py->run_qnx_command()] SystemType.VCU shell command returned: /var/log/dlt_raw/Soc.091.dlt
/var/log/dlt_raw/Soc.092.dlt
[06/08/2024 14:47:39.141] DEBUG: [qnx_commands.py->run_qnx_command()] Trying to run: "ls /var/log/dlt_raw/Vip.*.dlt" on VCU
[06/08/2024 14:47:39.560] DEBUG: [qnx_commands.py->run_qnx_command()] SystemType.VCU shell command returned: /var/log/dlt_raw/Vip.131.dlt
[06/08/2024 14:47:39.565] DEBUG: [qnx_commands.py->run_qnx_command()] Trying to run: "ls /var/log/dlt_raw/CriticalSoc.*.dlt" on VCU
[06/08/2024 14:47:40.089] DEBUG: [qnx_commands.py->run_qnx_command()] SystemType.VCU shell command returned: /var/log/dlt_raw/CriticalSoc.190.dlt
[06/08/2024 14:47:40.096] DEBUG: [qnx_commands.py->run_qnx_command()] Trying to run: "ls /var/log/dlt_raw/Audio.*.dlt" on VCU
[06/08/2024 14:47:40.504] DEBUG: [qnx_commands.py->run_qnx_command()] SystemType.VCU shell command returned: /var/log/dlt_raw/Audio.250.dlt
/var/log/dlt_raw/Audio.251.dlt
[06/08/2024 14:47:40.511] DEBUG: [DLTFilesCollector.py->_remove_dlt_files_from_dut()] the list of files to delete after sorting and remove the latest from each group: ['/var/log/dlt_raw/Soc.091.dlt', '/var/log/dlt_raw/Audio.250.dlt']
[06/08/2024 14:47:40.518] DEBUG: [qnx_commands.py->run_qnx_command()] Trying to run: "rm -r /var/log/dlt_raw/Soc.091.dlt /var/log/dlt_raw/Audio.250.dlt" on VCU
[06/08/2024 14:47:41.079] DEBUG: [DLTFilesCollector.py->collect_and_remove_dlt_files()] Delete dlt files done!
[06/08/2024 14:47:41.086] DEBUG: [DebugInfo.py->collect_bmetrics_log()] collect the bmetrics log file to D:\projects\vvi-automation\VPM_Automation_Logs\test_cold_boot_park_vcu_m_AVVP171263-30771\iteration_4\Logs...
[06/08/2024 14:47:41.092] DEBUG: [qnx_commands.py->run_qnx_command()] Trying to run: "cat /dev/bmetrics > /var/log/bmetrics.log" on VCU
[06/08/2024 14:47:41.436] DEBUG: [DebugInfo.py->collect_bmetrics_log()] bmetrics:

[06/08/2024 14:47:42.760] DEBUG: [DebugInfo.py->collect_slog2info_log()] collect Slog2info log file to D:\projects\vvi-automation\VPM_Automation_Logs\test_cold_boot_park_vcu_m_AVVP171263-30771\iteration_4\Logs...
[06/08/2024 14:47:42.765] DEBUG: [qnx_commands.py->run_qnx_command()] Trying to run: "slog2info > /tmp/slog2info.log" on VCU
[06/08/2024 14:47:44.112] DEBUG: [SerialCommands.py->read_console_log()] [serial console] qnx startup complete
[06/08/2024 14:47:44.544] DEBUG: [SerialCommands.py->read_console_log()] [serial console] [swu]	hwconfig=hwconfig [0x271000500010000 gb row c2 hwtype_mid tuner_mercurydab_merlin ethernet_yes(es_high) sxm_no gnss_yes ram_12 ufs_128]
[06/08/2024 14:47:44.547] DEBUG: [SerialCommands.py->read_console_log()] [serial console] [swu]	moduleid_t::module_id_vip_app=4vb.175.5.21
[06/08/2024 14:47:44.560] DEBUG: [SerialCommands.py->read_console_log()] [serial console] [swu]	moduleid_t::module_id_gnss=1.0
[06/08/2024 14:47:44.563] DEBUG: [SerialCommands.py->read_console_log()] [serial console] [swu]	moduleid_t::module_id_tuner=090710007821
[06/08/2024 14:47:44.576] DEBUG: [SerialCommands.py->read_console_log()] [serial console] [swu]	moduleid_t::module_id_ethernet_switch=v2.07.1001 (2020-05-07) - :fec89c3f
[06/08/2024 14:47:44.580] DEBUG: [SerialCommands.py->read_console_log()] [serial console] [swu]	moduleid_t::module_id_vip_bootloader=rb_main_2024.24.5
[06/08/2024 14:47:44.586] DEBUG: [SerialCommands.py->read_console_log()] [serial console] [swu]	moduleid_t::module_id_vip_hsm=partnumber [85761962.ab]
[06/08/2024 14:47:44.592] DEBUG: [SerialCommands.py->read_console_log()] [serial console] [swu]	display: config=17
[06/08/2024 14:47:44.595] DEBUG: [SerialCommands.py->read_console_log()] [serial console] [swu]	display: 8960 x 1320
[06/08/2024 14:47:44.882] DEBUG: [SerialCommands.py->read_console_log()] [serial console] [swu]	fidminfo [display id=8, sw verion=0x8, hardware version=0x7, hw_pn=partnumber [53784531.aa]]
[06/08/2024 14:47:45.040] DEBUG: [SerialCommands.py->read_console_log()] [serial console] [swu]	found potential new firmware for moduleid_t::module_id_gnss: current version=1.0, latest firmware version=4.32
[06/08/2024 14:47:45.072] DEBUG: [SerialCommands.py->read_console_log()] [serial console] [swu]	found potential new firmware for moduleid_t::module_id_ethernet_switch: current version=v2.07.1001 (2020-05-07) - :fec89c3f, latest firmware version=v2.09.1000 (2022-05-20) - :34968d23
[06/08/2024 14:47:45.074] DEBUG: [SerialCommands.py->read_console_log()] [serial console] [swu]
[06/08/2024 14:47:45.076] DEBUG: [SerialCommands.py->read_console_log()] [serial console] *************************************************************************
[06/08/2024 14:47:45.088] DEBUG: [SerialCommands.py->read_console_log()] [serial console] use following steps to update firmwares
[06/08/2024 14:47:45.090] DEBUG: [SerialCommands.py->read_console_log()] [serial console] touch /ota_update/recovery/gm_recovery_update_peripherals
[06/08/2024 14:47:45.093] DEBUG: [SerialCommands.py->read_console_log()] [serial console] swu_bootctrl.out -s mode 2
[06/08/2024 14:47:45.094] DEBUG: [SerialCommands.py->read_console_log()] [serial console] reset
[06/08/2024 14:47:45.105] DEBUG: [SerialCommands.py->read_console_log()] [serial console] after power cycle, vcu will enter recovery mode to update firmwares
[06/08/2024 14:47:45.112] DEBUG: [SerialCommands.py->read_console_log()] [serial console] *************************************************************************
[06/08/2024 14:47:45.117] DEBUG: [SerialCommands.py->read_console_log()] [serial console]
[06/08/2024 14:47:49.393] DEBUG: [qnx_commands.py->run_qnx_command()] Trying to run: "echo telnet_available" on VCU
[06/08/2024 14:47:52.412] DEBUG: [qnx_commands.py->run_qnx_command()] Trying to run: "pidin -p service_vpe -f a | grep -v pid" on ACP3
[06/08/2024 14:47:52.521] DEBUG: [qnx_commands.py->run_qnx_command()] SystemType.ACP3 shell command returned: 946237
[06/08/2024 14:47:53.018] DEBUG: [qnx_commands.py->run_qnx_command()] Trying to run: "slog2info -c" on VCU
[06/08/2024 14:47:53.180] DEBUG: [qnx_commands.py->run_qnx_command()] SystemType.VCU shell command returned: telnet_available
[06/08/2024 14:47:53.183]  INFO: [qnx_commands.py->check_qnx_available()] QNX connection [VCU] is Available.
[06/08/2024 14:47:53.186]  INFO: [dlt_ongoing_collector.py->__fetch_logs()] fetching new dlt logs
[06/08/2024 14:47:53.189] DEBUG: [qnx_commands.py->run_qnx_command()] Trying to run: "ls /var/log/dlt_raw | grep .dlt" on VCU
[06/08/2024 14:47:53.677] DEBUG: [qnx_commands.py->run_qnx_command()] SystemType.VCU shell command returned: Audio.251.dlt
CriticalSoc.190.dlt
Soc.092.dlt
Vip.131.dlt
parse_dlt.sh
[06/08/2024 14:47:53.833] DEBUG: [DebugInfo.py->collect_slog2info_log()] Slog2info:

[06/08/2024 14:48:01.151] DEBUG: [file_transfer_wrapper.py->copy_files_from_host()] /var/log/vpe/rvc_service.log not exist, skip!
[06/08/2024 14:48:01.157] DEBUG: [qnx_commands.py->run_qnx_command()] Trying to run: "ls /var/log/vpe/rvc_service.log" on VCU
[06/08/2024 14:48:01.406] DEBUG: [qnx_commands.py->run_qnx_command()] SystemType.VCU shell command returned: ls: No such file or directory (/var/log/vpe/rvc_service.log)
[06/08/2024 14:48:01.420] DEBUG: [qnx_commands.py->run_qnx_command()] Trying to run: "tar -czvf /var/data/uc_logs.tgz /var/uc_logs*/* /var/uclogs*/*" on VCU
[06/08/2024 14:48:01.750] DEBUG: [qnx_commands.py->run_qnx_command()] SystemType.VCU shell command returned: tar: /var/uc_logs*/*: Cannot stat: No such file or directory
tar: /var/uclogs*/*: Cannot stat: No such file or directory
tar: Error exit delayed from previous errors.
[06/08/2024 14:48:01.764] DEBUG: [DutLogsHandler.py->tar_files()] Log files zip command output: tar: /var/uc_logs*/*: Cannot stat: No such file or directory
tar: /var/uclogs*/*: Cannot stat: No such file or directory
tar: Error exit delayed from previous errors.
[06/08/2024 14:48:02.052] DEBUG: [qnx_commands.py->run_qnx_command()] Trying to run: "pidin -p RtosAppMain -f a | grep -v pid" on VCU
[06/08/2024 14:48:02.078] DEBUG: [file_transfer_wrapper.py->copy_files_from_host()] /var/data/uc_logs.tgz not exist, skip!
[06/08/2024 14:48:02.083] DEBUG: [qnx_commands.py->run_qnx_command()] Trying to run: "rm /var/data/uc_logs.tgz" on VCU
[06/08/2024 14:48:02.632] DEBUG: [qnx_commands.py->run_qnx_command()] Trying to run: "ls /var/uc_logs*/* /var/uclogs*/*" on ACP3
[06/08/2024 14:48:02.745] DEBUG: [qnx_commands.py->run_qnx_command()] SystemType.ACP3 shell command returned: /var/uc_logs/1_Current_Logs
/var/uc_logs/2021-06-01_00-00-02_ShmemKiller_790560.txt
/var/uc_logs/2021-06-01_00-00-03_CameraDriver_946229.txt
/var/uc_logs/2021-06-01_00-00-03_PubSubManager_901172.txt
/var/uc_logs/2021-06-01_00-00-03_early_rvc_790576.txt
/var/uc_logs/2021-06-01_00-00-06_service_vpe_946237.txt
/var/uc_logs/2021-06-01_00-00-07_Acp3S2SGW_1343573.txt
/var/uc_logs/2021-06-01_00-00-07_LogTimeSynchronizer_1343572.txt
/var/uc_logs/2021-06-01_00-00-11_SNSDiagnosticsCameraDMS_1351767.txt
/var/uc_logs/2021-06-01_00-00-11_isp_1351775.txt
/var/uc_logs/2021-06-01_00-00-11_mlt_main_acp3_1351773.txt
/var/uc_logs/2021-06-01_00-00-11_mot_main_1351771.txt
/var/uc_logs/2021-06-01_00-00-11_perception_events_daemon_1351772.txt
/var/uc_logs/2021-06-01_00-00-11_shadow_app_main_1351774.txt
/var/uc_logs/2021-06-01_00-00-12_SNSDiagnosticsCameraMirrorRight_1351752.txt
/var/uc_logs/2021-06-01_00-00-12_SNSDiagnosticsDMSEmitter_1413220.txt
/var/uc_logs/2021-06-01_00-00-12_detector_rear_short_range_1351770.txt
/var/uc_logs/2021-06-01_00-00-13_SNSDiagnosticsCameraMirrorLeft_1351764.txt
/var/uc_logs/2021-06-01_00-00-13_SNSDiagnosticsSensingXID_1351766.txt
/var/uc_logs/2021-06-01_00-00-14_SNSDiagnosticsCameraGrillFront_1351768.txt
/var/uc_logs/2021-06-01_00-00-14_SNSDiagnosticsCameraLiftGate_1351769.txt
/var/uc_logs/2021-06-01_00-00-15_detector_sides_short_range_1478759.txt
/var/uc_logs/2021-06-01_00-00-20_detector_front_short_range_1499244.txt
/var/uc_logs/2021-06-01_00-00-22_DcuManager_1519727.txt
/var/uc_logs/2021-06-01_00-00-22_PlatformApiAdapter_1519725.txt
/var/uc_logs/2021-06-01_00-00-22_TimeSynchronizer_1519726.txt
/var/uc_logs/2021-06-01_00-00-23_alignCamera2Ground_1519728.txt
/var/uc_logsA/1_Current_Logs
/var/uc_logsA/2021-06-01_00-00-02_ShmemKiller_790560.txt
/var/uc_logsA/2021-06-01_00-00-03_CameraDriver_946229.txt
/var/uc_logsA/2021-06-01_00-00-03_PubSubManager_901172.txt
/var/uc_logsA/2021-06-01_00-00-03_early_rvc_790576.txt
/var/uc_logsA/2021-06-01_00-00-06_service_vpe_946237.txt
/var/uc_logsA/2021-06-01_00-00-07_Acp3S2SGW_1343573.txt
/var/uc_logsA/2021-06-01_00-00-07_LogTimeSynchronizer_1343572.txt
/var/uc_logsA/2021-06-01_00-00-11_SNSDiagnosticsCameraDMS_1351767.txt
/var/uc_logsA/2021-06-01_00-00-11_isp_1351775.txt
/var/uc_logsA/2021-06-01_00-00-11_mlt_main_acp3_1351773.txt
/var/uc_logsA/2021-06-01_00-00-11_mot_main_1351771.txt
/var/uc_logsA/2021-06-01_00-00-11_perception_events_daemon_1351772.txt
/var/uc_logsA/2021-06-01_00-00-11_shadow_app_main_1351774.txt
/var/uc_logsA/2021-06-01_00-00-12_SNSDiagnosticsCameraMirrorRight_1351752.txt
/var/uc_logsA/2021-06-01_00-00-12_SNSDiagnosticsDMSEmitter_1413220.txt
/var/uc_logsA/2021-06-01_00-00-12_detector_rear_short_range_1351770.txt
/var/uc_logsA/2021-06-01_00-00-13_SNSDiagnosticsCameraMirrorLeft_1351764.txt
/var/uc_logsA/2021-06-01_00-00-13_SNSDiagnosticsSensingXID_1351766.txt
/var/uc_logsA/2021-06-01_00-00-14_SNSDiagnosticsCameraGrillFront_1351768.txt
/var/uc_logsA/2021-06-01_00-00-14_SNSDiagnosticsCameraLiftGate_1351769.txt
/var/uc_logsA/2021-06-01_00-00-15_detector_sides_short_range_1478759.txt
/var/uc_logsA/2021-06-01_00-00-20_detector_front_short_range_1499244.txt
/var/uc_logsA/2021-06-01_00-00-22_DcuManager_1519727.txt
/var/uc_logsA/2021-06-01_00-00-22_PlatformApiAdapter_1519725.txt
/var/uc_logsA/2021-06-01_00-00-22_TimeSynchronizer_1519726.txt
/var/uc_logsA/2021-06-01_00-00-23_alignCamera2Ground_1519728.txt
/var/uc_logsB/2021-06-01_00-00-02_ShmemKiller_790560.txt
/var/uc_logsB/2021-06-01_00-00-03_CameraDriver_946229.txt
/var/uc_logsB/2021-06-01_00-00-03_PubSubManager_909364.txt
/var/uc_logsB/2021-06-01_00-00-03_early_rvc_790568.txt
/var/uc_logsB/2021-06-01_00-00-06_service_vpe_946237.txt
/var/uc_logsB/2021-06-01_00-00-07_Acp3S2SGW_1343573.txt
/var/uc_logsB/2021-06-01_00-00-07_LogTimeSynchronizer_1343572.txt
/var/uc_logsB/2021-06-01_00-00-11_SNSDiagnosticsCameraDMS_1351767.txt
/var/uc_logsB/2021-06-01_00-00-11_isp_1351775.txt
/var/uc_logsB/2021-06-01_00-00-11_mlt_main_acp3_1351773.txt
/var/uc_logsB/2021-06-01_00-00-11_mot_main_1351771.txt
/var/uc_logsB/2021-06-01_00-00-11_perception_events_daemon_1351772.txt
/var/uc_logsB/2021-06-01_00-00-11_shadow_app_main_1351774.txt
/var/uc_logsB/2021-06-01_00-00-12_detector_rear_short_range_1351770.txt
/var/uc_logsB/2021-06-01_00-00-13_SNSDiagnosticsCameraMirrorRight_1351755.txt
/var/uc_logsB/2021-06-01_00-00-13_SNSDiagnosticsDMSEmitter_1351780.txt
/var/uc_logsB/2021-06-01_00-00-13_SNSDiagnosticsSensingXID_1351766.txt
/var/uc_logsB/2021-06-01_00-00-14_SNSDiagnosticsCameraGrillFront_1351768.txt
/var/uc_logsB/2021-06-01_00-00-14_SNSDiagnosticsCameraLiftGate_1351769.txt
/var/uc_logsB/2021-06-01_00-00-14_SNSDiagnosticsCameraMirrorLeft_1351764.txt
/var/uc_logsB/2021-06-01_00-00-15_detector_sides_short_range_1433702.txt
/var/uc_logsB/2021-06-01_00-00-20_detector_front_short_range_1454187.txt
/var/uc_logsB/2021-06-01_00-00-22_PlatformApiAdapter_1474668.txt
/var/uc_logsB/2021-06-01_00-00-22_TimeSynchronizer_1474669.txt
/var/uc_logsB/2021-06-01_00-00-23_DcuManager_1474670.txt
/var/uc_logsB/2021-06-01_00-00-23_alignCamera2Ground_1474671.txt
/var/uclogs/1_Current_Logs
/var/uclogs/ACP3 DM Manager logger.log
/var/uclogs/ACP3 PassThrough Manager logger.log
/var/uclogs/ACP3 UCM Manager logger.log
/var/uclogs/ASUM_CommDiag.log
/var/uclogs/ASUM_DM_SafetyAgent.log
/var/uclogs/ASUM_Diag.log
/var/uclogs/ASec.log
/var/uclogs/ASpu.log
/var/uclogs/C2GA.log
/var/uclogs/CAMD.log
/var/uclogs/ConD.log
/var/uclogs/DCUM.log
/var/uclogs/DLTD.log
/var/uclogs/DLTR.log
/var/uclogs/DMSCal.log
/var/uclogs/DMS_Manager.log
/var/uclogs/DV.log
/var/uclogs/DiagNetworkIntegration.log
/var/uclogs/DiagnosticsCameraDMS.log
/var/uclogs/DiagnosticsCameraGrillFront.log
/var/uclogs/DiagnosticsCameraLiftGate.log
/var/uclogs/DiagnosticsCameraMirrorLeft.log
/var/uclogs/DiagnosticsCameraMirrorRight.log
/var/uclogs/DiagnosticsDMSEmitter.log
/var/uclogs/DiagnosticsSensingXID.log
/var/uclogs/EM.log
/var/uclogs/EVNT.log
/var/uclogs/ISP.log
/var/uclogs/LogT.log
/var/uclogs/MLT.log
/var/uclogs/MOT.log
/var/uclogs/MapApp.log
/var/uclogs/MapDataLayer.log
/var/uclogs/MapOTA.log
/var/uclogs/MapRedBend.log
/var/uclogs/MapRouteServer.log
/var/uclogs/NMng.log
/var/uclogs/QQQDiagApp.log
/var/uclogs/S2SG.log
/var/uclogs/SHDW.log
/var/uclogs/SMAT.log
/var/uclogs/SysD.log
/var/uclogs/TSYN.log
/var/uclogs/VExc.log
/var/uclogs/VPER.log
/var/uclogs/VPE_SV.log
/var/uclogs/VPhm.log
/var/uclogs/VSom.log
/var/uclogs/VhFn.log
/var/uclogs/gwdc.log
/var/uclogsA/1_Current_Logs
/var/uclogsA/ACP3 DM Manager logger.log
/var/uclogsA/ACP3 PassThrough Manager logger.log
/var/uclogsA/ACP3 UCM Manager logger.log
/var/uclogsA/ASUM_CommDiag.log
/var/uclogsA/ASUM_DM_SafetyAgent.log
/var/uclogsA/ASUM_Diag.log
/var/uclogsA/ASec.log
/var/uclogsA/ASpu.log
/var/uclogsA/C2GA.log
/var/uclogsA/CAMD.log
/var/uclogsA/ConD.log
/var/uclogsA/DCUM.log
/var/uclogsA/DLTD.log
/var/uclogsA/DLTR.log
/var/uclogsA/DMSCal.log
/var/uclogsA/DMS_Manager.log
/var/uclogsA/DV.log
/var/uclogsA/DiagNetworkIntegration.log
/var/uclogsA/DiagnosticsCameraDMS.log
/var/uclogsA/DiagnosticsCameraGrillFront.log
/var/uclogsA/DiagnosticsCameraLiftGate.log
/var/uclogsA/DiagnosticsCameraMirrorLeft.log
/var/uclogsA/DiagnosticsCameraMirrorRight.log
/var/uclogsA/DiagnosticsDMSEmitter.log
/var/uclogsA/DiagnosticsSensingXID.log
/var/uclogsA/EM.log
/var/uclogsA/EVNT.log
/var/uclogsA/ISP.log
/var/uclogsA/LogT.log
/var/uclogsA/MLT.log
/var/uclogsA/MOT.log
/var/uclogsA/MapApp.log
/var/uclogsA/MapDataLayer.log
/var/uclogsA/MapOTA.log
/var/uclogsA/MapRedBend.log
/var/uclogsA/MapRouteServer.log
/var/uclogsA/NMng.log
/var/uclogsA/QQQDiagApp.log
/var/uclogsA/S2SG.log
/var/uclogsA/SHDW.log
/var/uclogsA/SMAT.log
/var/uclogsA/SysD.log
/var/uclogsA/TSYN.log
/var/uclogsA/VExc.log
/var/uclogsA/VPER.log
/var/uclogsA/VPE_SV.log
/var/uclogsA/VPhm.log
/var/uclogsA/VSom.log
/var/uclogsA/VhFn.log
/var/uclogsA/gwdc.log
/var/uclogsB/ACP3
/var/uclogsB/ACP3 DM Manager logger.log
/var/uclogsB/ACP3 PassThrough Manager logger.log
/var/uclogsB/ACP3 UCM Manager logger.log
/var/uclogsB/ASUM_CommDiag.log
/var/uclogsB/ASUM_DM_SafetyAgent.log
/var/uclogsB/ASUM_Diag.log
/var/uclogsB/ASec.log
/var/uclogsB/ASpu.log
/var/uclogsB/C2GA.log
/var/uclogsB/CAMD.log
/var/uclogsB/ConD.log
/var/uclogsB/DCUM.log
/var/uclogsB/DLTD.log
/var/uclogsB/DLTR.log
/var/uclogsB/DMSCal.log
/var/uclogsB/DMS_Manager.log
/var/uclogsB/DV.log
/var/uclogsB/DiagNetworkIntegration.log
/var/uclogsB/DiagnosticsCameraDMS.log
/var/uclogsB/DiagnosticsCameraGrillFront.log
/var/uclogsB/DiagnosticsCameraLiftGate.log
/var/uclogsB/DiagnosticsCameraMirrorLeft.log
/var/uclogsB/DiagnosticsCameraMirrorRight.log
/var/uclogsB/DiagnosticsDMSEmitter.log
/var/uclogsB/DiagnosticsSensingXID.log
/var/uclogsB/EM.log
/var/uclogsB/EVNT.log
/var/uclogsB/ISP.log
/var/uclogsB/LogT.log
/var/uclogsB/MLT.log
/var/uclogsB/MOT.log
/var/uclogsB/MapApp.log
/var/uclogsB/MapDataLayer.log
/var/uclogsB/MapOTA.log
/var/uclogsB/MapRedBend.log
/var/uclogsB/MapRouteServer.log
/var/uclogsB/NMng.log
/var/uclogsB/QQQDiagApp.log
/var/uclogsB/S2SG.log
/var/uclogsB/SHDW.log
/var/uclogsB/SMAT.log
/var/uclogsB/SysD.log
/var/uclogsB/TSYN.log
/var/uclogsB/VExc.log
/var/uclogsB/VPER.log
/var/uclogsB/VPE_SV.log
/var/uclogsB/VPhm.log
/var/uclogsB/VSom.log
/var/uclogsB/VhFn.log
/var/uclogsB/gwdc.log
[06/08/2024 14:48:02.755] DEBUG: [qnx_commands.py->run_qnx_command()] Trying to run: "tar -czvf /var/data/vpe_service_logs.tgz /var/log/vpe/*" on VCU
[06/08/2024 14:48:03.588] DEBUG: [qnx_commands.py->run_qnx_command()] SystemType.VCU shell command returned: tar: Removing leading '/' from member names
a var/log/vpe/enable_events_csv
a var/log/vpe/enable_signals_buffer
a var/log/vpe/vpe_service.log
[06/08/2024 14:48:03.594] DEBUG: [DutLogsHandler.py->tar_files()] Log files zip command output: tar: Removing leading '/' from member names
a var/log/vpe/enable_events_csv
a var/log/vpe/enable_signals_buffer
a var/log/vpe/vpe_service.log
[06/08/2024 14:48:03.910] DEBUG: [file_transfer_wrapper.py->copy_files_from_host()] /var/data/vpe_service_logs.tgz not exist, skip!
[06/08/2024 14:48:03.917] DEBUG: [qnx_commands.py->run_qnx_command()] Trying to run: "rm /var/data/vpe_service_logs.tgz" on VCU
[06/08/2024 14:48:03.993] DEBUG: [qnx_commands.py->run_qnx_command()] SystemType.VCU shell command returned: 1130601
[06/08/2024 14:48:04.195] DEBUG: [qnx_commands.py->run_qnx_command()] Trying to run: "ls /var/log/vpe/*" on ACP3
[06/08/2024 14:48:04.314] DEBUG: [qnx_commands.py->run_qnx_command()] SystemType.ACP3 shell command returned: /var/log/vpe/early_rvc_service.log
/var/log/vpe/early_rvc_service.sh
/var/log/vpe/early_rvc_service_system_info.log
/var/log/vpe/vpe_service.log
/var/log/vpe/vpe_service.sh
/var/log/vpe/vpe_service_cfg.log
/var/log/vpe/vpe_service_system_info.log
[06/08/2024 14:48:04.319] DEBUG: [DutLogsHandler.py->clear_log_files_before_test()] Clearing log files
[06/08/2024 14:48:04.324] DEBUG: [qnx_commands.py->run_qnx_command()] Trying to run: "ls /var/log/vpe/rvc_service*.log" on VCU
[06/08/2024 14:48:04.611] DEBUG: [qnx_commands.py->run_qnx_command()] SystemType.VCU shell command returned: ls: No such file or directory (/var/log/vpe/rvc_service*.log)
[06/08/2024 14:48:04.622] DEBUG: [qnx_commands.py->run_qnx_command()] Trying to run: "ls /var/uc_logs*/* /var/uclogs*/*" on ACP3
[06/08/2024 14:48:04.743] DEBUG: [qnx_commands.py->run_qnx_command()] SystemType.ACP3 shell command returned: /var/uc_logs/1_Current_Logs
/var/uc_logs/2021-06-01_00-00-02_ShmemKiller_790560.txt
/var/uc_logs/2021-06-01_00-00-03_CameraDriver_946229.txt
/var/uc_logs/2021-06-01_00-00-03_PubSubManager_901172.txt
/var/uc_logs/2021-06-01_00-00-03_early_rvc_790576.txt
/var/uc_logs/2021-06-01_00-00-06_service_vpe_946237.txt
/var/uc_logs/2021-06-01_00-00-07_Acp3S2SGW_1343573.txt
/var/uc_logs/2021-06-01_00-00-07_LogTimeSynchronizer_1343572.txt
/var/uc_logs/2021-06-01_00-00-11_SNSDiagnosticsCameraDMS_1351767.txt
/var/uc_logs/2021-06-01_00-00-11_isp_1351775.txt
/var/uc_logs/2021-06-01_00-00-11_mlt_main_acp3_1351773.txt
/var/uc_logs/2021-06-01_00-00-11_mot_main_1351771.txt
/var/uc_logs/2021-06-01_00-00-11_perception_events_daemon_1351772.txt
/var/uc_logs/2021-06-01_00-00-11_shadow_app_main_1351774.txt
/var/uc_logs/2021-06-01_00-00-12_SNSDiagnosticsCameraMirrorRight_1351752.txt
/var/uc_logs/2021-06-01_00-00-12_SNSDiagnosticsDMSEmitter_1413220.txt
/var/uc_logs/2021-06-01_00-00-12_detector_rear_short_range_1351770.txt
/var/uc_logs/2021-06-01_00-00-13_SNSDiagnosticsCameraMirrorLeft_1351764.txt
/var/uc_logs/2021-06-01_00-00-13_SNSDiagnosticsSensingXID_1351766.txt
/var/uc_logs/2021-06-01_00-00-14_SNSDiagnosticsCameraGrillFront_1351768.txt
/var/uc_logs/2021-06-01_00-00-14_SNSDiagnosticsCameraLiftGate_1351769.txt
/var/uc_logs/2021-06-01_00-00-15_detector_sides_short_range_1478759.txt
/var/uc_logs/2021-06-01_00-00-20_detector_front_short_range_1499244.txt
/var/uc_logs/2021-06-01_00-00-22_DcuManager_1519727.txt
/var/uc_logs/2021-06-01_00-00-22_PlatformApiAdapter_1519725.txt
/var/uc_logs/2021-06-01_00-00-22_TimeSynchronizer_1519726.txt
/var/uc_logs/2021-06-01_00-00-23_alignCamera2Ground_1519728.txt
/var/uc_logsA/1_Current_Logs
/var/uc_logsA/2021-06-01_00-00-02_ShmemKiller_790560.txt
/var/uc_logsA/2021-06-01_00-00-03_CameraDriver_946229.txt
/var/uc_logsA/2021-06-01_00-00-03_PubSubManager_901172.txt
/var/uc_logsA/2021-06-01_00-00-03_early_rvc_790576.txt
/var/uc_logsA/2021-06-01_00-00-06_service_vpe_946237.txt
/var/uc_logsA/2021-06-01_00-00-07_Acp3S2SGW_1343573.txt
/var/uc_logsA/2021-06-01_00-00-07_LogTimeSynchronizer_1343572.txt
/var/uc_logsA/2021-06-01_00-00-11_SNSDiagnosticsCameraDMS_1351767.txt
/var/uc_logsA/2021-06-01_00-00-11_isp_1351775.txt
/var/uc_logsA/2021-06-01_00-00-11_mlt_main_acp3_1351773.txt
/var/uc_logsA/2021-06-01_00-00-11_mot_main_1351771.txt
/var/uc_logsA/2021-06-01_00-00-11_perception_events_daemon_1351772.txt
/var/uc_logsA/2021-06-01_00-00-11_shadow_app_main_1351774.txt
/var/uc_logsA/2021-06-01_00-00-12_SNSDiagnosticsCameraMirrorRight_1351752.txt
/var/uc_logsA/2021-06-01_00-00-12_SNSDiagnosticsDMSEmitter_1413220.txt
/var/uc_logsA/2021-06-01_00-00-12_detector_rear_short_range_1351770.txt
/var/uc_logsA/2021-06-01_00-00-13_SNSDiagnosticsCameraMirrorLeft_1351764.txt
/var/uc_logsA/2021-06-01_00-00-13_SNSDiagnosticsSensingXID_1351766.txt
/var/uc_logsA/2021-06-01_00-00-14_SNSDiagnosticsCameraGrillFront_1351768.txt
/var/uc_logsA/2021-06-01_00-00-14_SNSDiagnosticsCameraLiftGate_1351769.txt
/var/uc_logsA/2021-06-01_00-00-15_detector_sides_short_range_1478759.txt
/var/uc_logsA/2021-06-01_00-00-20_detector_front_short_range_1499244.txt
/var/uc_logsA/2021-06-01_00-00-22_DcuManager_1519727.txt
/var/uc_logsA/2021-06-01_00-00-22_PlatformApiAdapter_1519725.txt
/var/uc_logsA/2021-06-01_00-00-22_TimeSynchronizer_1519726.txt
/var/uc_logsA/2021-06-01_00-00-23_alignCamera2Ground_1519728.txt
/var/uc_logsB/2021-06-01_00-00-02_ShmemKiller_790560.txt
/var/uc_logsB/2021-06-01_00-00-03_CameraDriver_946229.txt
/var/uc_logsB/2021-06-01_00-00-03_PubSubManager_909364.txt
/var/uc_logsB/2021-06-01_00-00-03_early_rvc_790568.txt
/var/uc_logsB/2021-06-01_00-00-06_service_vpe_946237.txt
/var/uc_logsB/2021-06-01_00-00-07_Acp3S2SGW_1343573.txt
/var/uc_logsB/2021-06-01_00-00-07_LogTimeSynchronizer_1343572.txt
/var/uc_logsB/2021-06-01_00-00-11_SNSDiagnosticsCameraDMS_1351767.txt
/var/uc_logsB/2021-06-01_00-00-11_isp_1351775.txt
/var/uc_logsB/2021-06-01_00-00-11_mlt_main_acp3_1351773.txt
/var/uc_logsB/2021-06-01_00-00-11_mot_main_1351771.txt
/var/uc_logsB/2021-06-01_00-00-11_perception_events_daemon_1351772.txt
/var/uc_logsB/2021-06-01_00-00-11_shadow_app_main_1351774.txt
/var/uc_logsB/2021-06-01_00-00-12_detector_rear_short_range_1351770.txt
/var/uc_logsB/2021-06-01_00-00-13_SNSDiagnosticsCameraMirrorRight_1351755.txt
/var/uc_logsB/2021-06-01_00-00-13_SNSDiagnosticsDMSEmitter_1351780.txt
/var/uc_logsB/2021-06-01_00-00-13_SNSDiagnosticsSensingXID_1351766.txt
/var/uc_logsB/2021-06-01_00-00-14_SNSDiagnosticsCameraGrillFront_1351768.txt
/var/uc_logsB/2021-06-01_00-00-14_SNSDiagnosticsCameraLiftGate_1351769.txt
/var/uc_logsB/2021-06-01_00-00-14_SNSDiagnosticsCameraMirrorLeft_1351764.txt
/var/uc_logsB/2021-06-01_00-00-15_detector_sides_short_range_1433702.txt
/var/uc_logsB/2021-06-01_00-00-20_detector_front_short_range_1454187.txt
/var/uc_logsB/2021-06-01_00-00-22_PlatformApiAdapter_1474668.txt
/var/uc_logsB/2021-06-01_00-00-22_TimeSynchronizer_1474669.txt
/var/uc_logsB/2021-06-01_00-00-23_DcuManager_1474670.txt
/var/uc_logsB/2021-06-01_00-00-23_alignCamera2Ground_1474671.txt
/var/uclogs/1_Current_Logs
/var/uclogs/ACP3 DM Manager logger.log
/var/uclogs/ACP3 PassThrough Manager logger.log
/var/uclogs/ACP3 UCM Manager logger.log
/var/uclogs/ASUM_CommDiag.log
/var/uclogs/ASUM_DM_SafetyAgent.log
/var/uclogs/ASUM_Diag.log
/var/uclogs/ASec.log
/var/uclogs/ASpu.log
/var/uclogs/C2GA.log
/var/uclogs/CAMD.log
/var/uclogs/ConD.log
/var/uclogs/DCUM.log
/var/uclogs/DLTD.log
/var/uclogs/DLTR.log
/var/uclogs/DMSCal.log
/var/uclogs/DMS_Manager.log
/var/uclogs/DV.log
/var/uclogs/DiagNetworkIntegration.log
/var/uclogs/DiagnosticsCameraDMS.log
/var/uclogs/DiagnosticsCameraGrillFront.log
/var/uclogs/DiagnosticsCameraLiftGate.log
/var/uclogs/DiagnosticsCameraMirrorLeft.log
/var/uclogs/DiagnosticsCameraMirrorRight.log
/var/uclogs/DiagnosticsDMSEmitter.log
/var/uclogs/DiagnosticsSensingXID.log
/var/uclogs/EM.log
/var/uclogs/EVNT.log
/var/uclogs/ISP.log
/var/uclogs/LogT.log
/var/uclogs/MLT.log
/var/uclogs/MOT.log
/var/uclogs/MapApp.log
/var/uclogs/MapDataLayer.log
/var/uclogs/MapOTA.log
/var/uclogs/MapRedBend.log
/var/uclogs/MapRouteServer.log
/var/uclogs/NMng.log
/var/uclogs/QQQDiagApp.log
/var/uclogs/S2SG.log
/var/uclogs/SHDW.log
/var/uclogs/SMAT.log
/var/uclogs/SysD.log
/var/uclogs/TSYN.log
/var/uclogs/VExc.log
/var/uclogs/VPER.log
/var/uclogs/VPE_SV.log
/var/uclogs/VPhm.log
/var/uclogs/VSom.log
/var/uclogs/VhFn.log
/var/uclogs/gwdc.log
/var/uclogsA/1_Current_Logs
/var/uclogsA/ACP3 DM Manager logger.log
/var/uclogsA/ACP3 PassThrough Manager logger.log
/var/uclogsA/ACP3 UCM Manager logger.log
/var/uclogsA/ASUM_CommDiag.log
/var/uclogsA/ASUM_DM_SafetyAgent.log
/var/uclogsA/ASUM_Diag.log
/var/uclogsA/ASec.log
/var/uclogsA/ASpu.log
/var/uclogsA/C2GA.log
/var/uclogsA/CAMD.log
/var/uclogsA/ConD.log
/var/uclogsA/DCUM.log
/var/uclogsA/DLTD.log
/var/uclogsA/DLTR.log
/var/uclogsA/DMSCal.log
/var/uclogsA/DMS_Manager.log
/var/uclogsA/DV.log
/var/uclogsA/DiagNetworkIntegration.log
/var/uclogsA/DiagnosticsCameraDMS.log
/var/uclogsA/DiagnosticsCameraGrillFront.log
/var/uclogsA/DiagnosticsCameraLiftGate.log
/var/uclogsA/DiagnosticsCameraMirrorLeft.log
/var/uclogsA/DiagnosticsCameraMirrorRight.log
/var/uclogsA/DiagnosticsDMSEmitter.log
/var/uclogsA/DiagnosticsSensingXID.log
/var/uclogsA/EM.log
/var/uclogsA/EVNT.log
/var/uclogsA/ISP.log
/var/uclogsA/LogT.log
/var/uclogsA/MLT.log
/var/uclogsA/MOT.log
/var/uclogsA/MapApp.log
/var/uclogsA/MapDataLayer.log
/var/uclogsA/MapOTA.log
/var/uclogsA/MapRedBend.log
/var/uclogsA/MapRouteServer.log
/var/uclogsA/NMng.log
/var/uclogsA/QQQDiagApp.log
/var/uclogsA/S2SG.log
/var/uclogsA/SHDW.log
/var/uclogsA/SMAT.log
/var/uclogsA/SysD.log
/var/uclogsA/TSYN.log
/var/uclogsA/VExc.log
/var/uclogsA/VPER.log
/var/uclogsA/VPE_SV.log
/var/uclogsA/VPhm.log
/var/uclogsA/VSom.log
/var/uclogsA/VhFn.log
/var/uclogsA/gwdc.log
/var/uclogsB/ACP3
/var/uclogsB/ACP3 DM Manager logger.log
/var/uclogsB/ACP3 PassThrough Manager logger.log
/var/uclogsB/ACP3 UCM Manager logger.log
/var/uclogsB/ASUM_CommDiag.log
/var/uclogsB/ASUM_DM_SafetyAgent.log
/var/uclogsB/ASUM_Diag.log
/var/uclogsB/ASec.log
/var/uclogsB/ASpu.log
/var/uclogsB/C2GA.log
/var/uclogsB/CAMD.log
/var/uclogsB/ConD.log
/var/uclogsB/DCUM.log
/var/uclogsB/DLTD.log
/var/uclogsB/DLTR.log
/var/uclogsB/DMSCal.log
/var/uclogsB/DMS_Manager.log
/var/uclogsB/DV.log
/var/uclogsB/DiagNetworkIntegration.log
/var/uclogsB/DiagnosticsCameraDMS.log
/var/uclogsB/DiagnosticsCameraGrillFront.log
/var/uclogsB/DiagnosticsCameraLiftGate.log
/var/uclogsB/DiagnosticsCameraMirrorLeft.log
/var/uclogsB/DiagnosticsCameraMirrorRight.log
/var/uclogsB/DiagnosticsDMSEmitter.log
/var/uclogsB/DiagnosticsSensingXID.log
/var/uclogsB/EM.log
/var/uclogsB/EVNT.log
/var/uclogsB/ISP.log
/var/uclogsB/LogT.log
/var/uclogsB/MLT.log
/var/uclogsB/MOT.log
/var/uclogsB/MapApp.log
/var/uclogsB/MapDataLayer.log
/var/uclogsB/MapOTA.log
/var/uclogsB/MapRedBend.log
/var/uclogsB/MapRouteServer.log
/var/uclogsB/NMng.log
/var/uclogsB/QQQDiagApp.log
/var/uclogsB/S2SG.log
/var/uclogsB/SHDW.log
/var/uclogsB/SMAT.log
/var/uclogsB/SysD.log
/var/uclogsB/TSYN.log
/var/uclogsB/VExc.log
/var/uclogsB/VPER.log
/var/uclogsB/VPE_SV.log
/var/uclogsB/VPhm.log
/var/uclogsB/VSom.log
/var/uclogsB/VhFn.log
/var/uclogsB/gwdc.log
[06/08/2024 14:48:04.753] DEBUG: [DutLogsHandler.py->clear_uc_logs()] Clear /var/uc_logs*/* /var/uclogs*/* logs files
[06/08/2024 14:48:04.758] DEBUG: [qnx_commands.py->run_qnx_command()] Trying to run: "ls /var/uc_logs*/* /var/uclogs*/*" on ACP3
[06/08/2024 14:48:04.967] DEBUG: [qnx_commands.py->run_qnx_command()] SystemType.ACP3 shell command returned: /var/uc_logs/1_Current_Logs
/var/uc_logs/2021-06-01_00-00-02_ShmemKiller_790560.txt
/var/uc_logs/2021-06-01_00-00-03_CameraDriver_946229.txt
/var/uc_logs/2021-06-01_00-00-03_PubSubManager_901172.txt
/var/uc_logs/2021-06-01_00-00-03_early_rvc_790576.txt
/var/uc_logs/2021-06-01_00-00-06_service_vpe_946237.txt
/var/uc_logs/2021-06-01_00-00-07_Acp3S2SGW_1343573.txt
/var/uc_logs/2021-06-01_00-00-07_LogTimeSynchronizer_1343572.txt
/var/uc_logs/2021-06-01_00-00-11_SNSDiagnosticsCameraDMS_1351767.txt
/var/uc_logs/2021-06-01_00-00-11_isp_1351775.txt
/var/uc_logs/2021-06-01_00-00-11_mlt_main_acp3_1351773.txt
/var/uc_logs/2021-06-01_00-00-11_mot_main_1351771.txt
/var/uc_logs/2021-06-01_00-00-11_perception_events_daemon_1351772.txt
/var/uc_logs/2021-06-01_00-00-11_shadow_app_main_1351774.txt
/var/uc_logs/2021-06-01_00-00-12_SNSDiagnosticsCameraMirrorRight_1351752.txt
/var/uc_logs/2021-06-01_00-00-12_SNSDiagnosticsDMSEmitter_1413220.txt
/var/uc_logs/2021-06-01_00-00-12_detector_rear_short_range_1351770.txt
/var/uc_logs/2021-06-01_00-00-13_SNSDiagnosticsCameraMirrorLeft_1351764.txt
/var/uc_logs/2021-06-01_00-00-13_SNSDiagnosticsSensingXID_1351766.txt
/var/uc_logs/2021-06-01_00-00-14_SNSDiagnosticsCameraGrillFront_1351768.txt
/var/uc_logs/2021-06-01_00-00-14_SNSDiagnosticsCameraLiftGate_1351769.txt
/var/uc_logs/2021-06-01_00-00-15_detector_sides_short_range_1478759.txt
/var/uc_logs/2021-06-01_00-00-20_detector_front_short_range_1499244.txt
/var/uc_logs/2021-06-01_00-00-22_DcuManager_1519727.txt
/var/uc_logs/2021-06-01_00-00-22_PlatformApiAdapter_1519725.txt
/var/uc_logs/2021-06-01_00-00-22_TimeSynchronizer_1519726.txt
/var/uc_logs/2021-06-01_00-00-23_alignCamera2Ground_1519728.txt
/var/uc_logsA/1_Current_Logs
/var/uc_logsA/2021-06-01_00-00-02_ShmemKiller_790560.txt
/var/uc_logsA/2021-06-01_00-00-03_CameraDriver_946229.txt
/var/uc_logsA/2021-06-01_00-00-03_PubSubManager_901172.txt
/var/uc_logsA/2021-06-01_00-00-03_early_rvc_790576.txt
/var/uc_logsA/2021-06-01_00-00-06_service_vpe_946237.txt
/var/uc_logsA/2021-06-01_00-00-07_Acp3S2SGW_1343573.txt
/var/uc_logsA/2021-06-01_00-00-07_LogTimeSynchronizer_1343572.txt
/var/uc_logsA/2021-06-01_00-00-11_SNSDiagnosticsCameraDMS_1351767.txt
/var/uc_logsA/2021-06-01_00-00-11_isp_1351775.txt
/var/uc_logsA/2021-06-01_00-00-11_mlt_main_acp3_1351773.txt
/var/uc_logsA/2021-06-01_00-00-11_mot_main_1351771.txt
/var/uc_logsA/2021-06-01_00-00-11_perception_events_daemon_1351772.txt
/var/uc_logsA/2021-06-01_00-00-11_shadow_app_main_1351774.txt
/var/uc_logsA/2021-06-01_00-00-12_SNSDiagnosticsCameraMirrorRight_1351752.txt
/var/uc_logsA/2021-06-01_00-00-12_SNSDiagnosticsDMSEmitter_1413220.txt
/var/uc_logsA/2021-06-01_00-00-12_detector_rear_short_range_1351770.txt
/var/uc_logsA/2021-06-01_00-00-13_SNSDiagnosticsCameraMirrorLeft_1351764.txt
/var/uc_logsA/2021-06-01_00-00-13_SNSDiagnosticsSensingXID_1351766.txt
/var/uc_logsA/2021-06-01_00-00-14_SNSDiagnosticsCameraGrillFront_1351768.txt
/var/uc_logsA/2021-06-01_00-00-14_SNSDiagnosticsCameraLiftGate_1351769.txt
/var/uc_logsA/2021-06-01_00-00-15_detector_sides_short_range_1478759.txt
/var/uc_logsA/2021-06-01_00-00-20_detector_front_short_range_1499244.txt
/var/uc_logsA/2021-06-01_00-00-22_DcuManager_1519727.txt
/var/uc_logsA/2021-06-01_00-00-22_PlatformApiAdapter_1519725.txt
/var/uc_logsA/2021-06-01_00-00-22_TimeSynchronizer_1519726.txt
/var/uc_logsA/2021-06-01_00-00-23_alignCamera2Ground_1519728.txt
/var/uc_logsB/2021-06-01_00-00-02_ShmemKiller_790560.txt
/var/uc_logsB/2021-06-01_00-00-03_CameraDriver_946229.txt
/var/uc_logsB/2021-06-01_00-00-03_PubSubManager_909364.txt
/var/uc_logsB/2021-06-01_00-00-03_early_rvc_790568.txt
/var/uc_logsB/2021-06-01_00-00-06_service_vpe_946237.txt
/var/uc_logsB/2021-06-01_00-00-07_Acp3S2SGW_1343573.txt
/var/uc_logsB/2021-06-01_00-00-07_LogTimeSynchronizer_1343572.txt
/var/uc_logsB/2021-06-01_00-00-11_SNSDiagnosticsCameraDMS_1351767.txt
/var/uc_logsB/2021-06-01_00-00-11_isp_1351775.txt
/var/uc_logsB/2021-06-01_00-00-11_mlt_main_acp3_1351773.txt
/var/uc_logsB/2021-06-01_00-00-11_mot_main_1351771.txt
/var/uc_logsB/2021-06-01_00-00-11_perception_events_daemon_1351772.txt
/var/uc_logsB/2021-06-01_00-00-11_shadow_app_main_1351774.txt
/var/uc_logsB/2021-06-01_00-00-12_detector_rear_short_range_1351770.txt
/var/uc_logsB/2021-06-01_00-00-13_SNSDiagnosticsCameraMirrorRight_1351755.txt
/var/uc_logsB/2021-06-01_00-00-13_SNSDiagnosticsDMSEmitter_1351780.txt
/var/uc_logsB/2021-06-01_00-00-13_SNSDiagnosticsSensingXID_1351766.txt
/var/uc_logsB/2021-06-01_00-00-14_SNSDiagnosticsCameraGrillFront_1351768.txt
/var/uc_logsB/2021-06-01_00-00-14_SNSDiagnosticsCameraLiftGate_1351769.txt
/var/uc_logsB/2021-06-01_00-00-14_SNSDiagnosticsCameraMirrorLeft_1351764.txt
/var/uc_logsB/2021-06-01_00-00-15_detector_sides_short_range_1433702.txt
/var/uc_logsB/2021-06-01_00-00-20_detector_front_short_range_1454187.txt
/var/uc_logsB/2021-06-01_00-00-22_PlatformApiAdapter_1474668.txt
/var/uc_logsB/2021-06-01_00-00-22_TimeSynchronizer_1474669.txt
/var/uc_logsB/2021-06-01_00-00-23_DcuManager_1474670.txt
/var/uc_logsB/2021-06-01_00-00-23_alignCamera2Ground_1474671.txt
/var/uclogs/1_Current_Logs
/var/uclogs/ACP3 DM Manager logger.log
/var/uclogs/ACP3 PassThrough Manager logger.log
/var/uclogs/ACP3 UCM Manager logger.log
/var/uclogs/ASUM_CommDiag.log
/var/uclogs/ASUM_DM_SafetyAgent.log
/var/uclogs/ASUM_Diag.log
/var/uclogs/ASec.log
/var/uclogs/ASpu.log
/var/uclogs/C2GA.log
/var/uclogs/CAMD.log
/var/uclogs/ConD.log
/var/uclogs/DCUM.log
/var/uclogs/DLTD.log
/var/uclogs/DLTR.log
/var/uclogs/DMSCal.log
/var/uclogs/DMS_Manager.log
/var/uclogs/DV.log
/var/uclogs/DiagNetworkIntegration.log
/var/uclogs/DiagnosticsCameraDMS.log
/var/uclogs/DiagnosticsCameraGrillFront.log
/var/uclogs/DiagnosticsCameraLiftGate.log
/var/uclogs/DiagnosticsCameraMirrorLeft.log
/var/uclogs/DiagnosticsCameraMirrorRight.log
/var/uclogs/DiagnosticsDMSEmitter.log
/var/uclogs/DiagnosticsSensingXID.log
/var/uclogs/EM.log
/var/uclogs/EVNT.log
/var/uclogs/ISP.log
/var/uclogs/LogT.log
/var/uclogs/MLT.log
/var/uclogs/MOT.log
/var/uclogs/MapApp.log
/var/uclogs/MapDataLayer.log
/var/uclogs/MapOTA.log
/var/uclogs/MapRedBend.log
/var/uclogs/MapRouteServer.log
/var/uclogs/NMng.log
/var/uclogs/QQQDiagApp.log
/var/uclogs/S2SG.log
/var/uclogs/SHDW.log
/var/uclogs/SMAT.log
/var/uclogs/SysD.log
/var/uclogs/TSYN.log
/var/uclogs/VExc.log
/var/uclogs/VPER.log
/var/uclogs/VPE_SV.log
/var/uclogs/VPhm.log
/var/uclogs/VSom.log
/var/uclogs/VhFn.log
/var/uclogs/gwdc.log
/var/uclogsA/1_Current_Logs
/var/uclogsA/ACP3 DM Manager logger.log
/var/uclogsA/ACP3 PassThrough Manager logger.log
/var/uclogsA/ACP3 UCM Manager logger.log
/var/uclogsA/ASUM_CommDiag.log
/var/uclogsA/ASUM_DM_SafetyAgent.log
/var/uclogsA/ASUM_Diag.log
/var/uclogsA/ASec.log
/var/uclogsA/ASpu.log
/var/uclogsA/C2GA.log
/var/uclogsA/CAMD.log
/var/uclogsA/ConD.log
/var/uclogsA/DCUM.log
/var/uclogsA/DLTD.log
/var/uclogsA/DLTR.log
/var/uclogsA/DMSCal.log
/var/uclogsA/DMS_Manager.log
/var/uclogsA/DV.log
/var/uclogsA/DiagNetworkIntegration.log
/var/uclogsA/DiagnosticsCameraDMS.log
/var/uclogsA/DiagnosticsCameraGrillFront.log
/var/uclogsA/DiagnosticsCameraLiftGate.log
/var/uclogsA/DiagnosticsCameraMirrorLeft.log
/var/uclogsA/DiagnosticsCameraMirrorRight.log
/var/uclogsA/DiagnosticsDMSEmitter.log
/var/uclogsA/DiagnosticsSensingXID.log
/var/uclogsA/EM.log
/var/uclogsA/EVNT.log
/var/uclogsA/ISP.log
/var/uclogsA/LogT.log
/var/uclogsA/MLT.log
/var/uclogsA/MOT.log
/var/uclogsA/MapApp.log
/var/uclogsA/MapDataLayer.log
/var/uclogsA/MapOTA.log
/var/uclogsA/MapRedBend.log
/var/uclogsA/MapRouteServer.log
/var/uclogsA/NMng.log
/var/uclogsA/QQQDiagApp.log
/var/uclogsA/S2SG.log
/var/uclogsA/SHDW.log
/var/uclogsA/SMAT.log
/var/uclogsA/SysD.log
/var/uclogsA/TSYN.log
/var/uclogsA/VExc.log
/var/uclogsA/VPER.log
/var/uclogsA/VPE_SV.log
/var/uclogsA/VPhm.log
/var/uclogsA/VSom.log
/var/uclogsA/VhFn.log
/var/uclogsA/gwdc.log
/var/uclogsB/ACP3
/var/uclogsB/ACP3 DM Manager logger.log
/var/uclogsB/ACP3 PassThrough Manager logger.log
/var/uclogsB/ACP3 UCM Manager logger.log
/var/uclogsB/ASUM_CommDiag.log
/var/uclogsB/ASUM_DM_SafetyAgent.log
/var/uclogsB/ASUM_Diag.log
/var/uclogsB/ASec.log
/var/uclogsB/ASpu.log
/var/uclogsB/C2GA.log
/var/uclogsB/CAMD.log
/var/uclogsB/ConD.log
/var/uclogsB/DCUM.log
/var/uclogsB/DLTD.log
/var/uclogsB/DLTR.log
/var/uclogsB/DMSCal.log
/var/uclogsB/DMS_Manager.log
/var/uclogsB/DV.log
/var/uclogsB/DiagNetworkIntegration.log
/var/uclogsB/DiagnosticsCameraDMS.log
/var/uclogsB/DiagnosticsCameraGrillFront.log
/var/uclogsB/DiagnosticsCameraLiftGate.log
/var/uclogsB/DiagnosticsCameraMirrorLeft.log
/var/uclogsB/DiagnosticsCameraMirrorRight.log
/var/uclogsB/DiagnosticsDMSEmitter.log
/var/uclogsB/DiagnosticsSensingXID.log
/var/uclogsB/EM.log
/var/uclogsB/EVNT.log
/var/uclogsB/ISP.log
/var/uclogsB/LogT.log
/var/uclogsB/MLT.log
/var/uclogsB/MOT.log
/var/uclogsB/MapApp.log
/var/uclogsB/MapDataLayer.log
/var/uclogsB/MapOTA.log
/var/uclogsB/MapRedBend.log
/var/uclogsB/MapRouteServer.log
/var/uclogsB/NMng.log
/var/uclogsB/QQQDiagApp.log
/var/uclogsB/S2SG.log
/var/uclogsB/SHDW.log
/var/uclogsB/SMAT.log
/var/uclogsB/SysD.log
/var/uclogsB/TSYN.log
/var/uclogsB/VExc.log
/var/uclogsB/VPER.log
/var/uclogsB/VPE_SV.log
/var/uclogsB/VPhm.log
/var/uclogsB/VSom.log
/var/uclogsB/VhFn.log
/var/uclogsB/gwdc.log
[06/08/2024 14:48:04.978] DEBUG: [qnx_commands.py->run_qnx_command()] Trying to run: "echo | tee  /var/uc_logs/1_Current_Logs /var/uc_logs/2021-06-01_00-00-02_ShmemKiller_790560.txt /var/uc_logs/2021-06-01_00-00-03_CameraDriver_946229.txt /var/uc_logs/2021-06-01_00-00-03_PubSubManager_901172.txt /var/uc_logs/2021-06-01_00-00-03_early_rvc_790576.txt /var/uc_logs/2021-06-01_00-00-06_service_vpe_946237.txt /var/uc_logs/2021-06-01_00-00-07_Acp3S2SGW_1343573.txt /var/uc_logs/2021-06-01_00-00-07_LogTimeSynchronizer_1343572.txt /var/uc_logs/2021-06-01_00-00-11_SNSDiagnosticsCameraDMS_1351767.txt /var/uc_logs/2021-06-01_00-00-11_isp_1351775.txt /var/uc_logs/2021-06-01_00-00-11_mlt_main_acp3_1351773.txt /var/uc_logs/2021-06-01_00-00-11_mot_main_1351771.txt /var/uc_logs/2021-06-01_00-00-11_perception_events_daemon_1351772.txt /var/uc_logs/2021-06-01_00-00-11_shadow_app_main_1351774.txt /var/uc_logs/2021-06-01_00-00-12_SNSDiagnosticsCameraMirrorRight_1351752.txt /var/uc_logs/2021-06-01_00-00-12_SNSDiagnosticsDMSEmitter_1413220.txt /var/uc_logs/2021-06-01_00-00-12_detector_rear_short_range_1351770.txt /var/uc_logs/2021-06-01_00-00-13_SNSDiagnosticsCameraMirrorLeft_1351764.txt /var/uc_logs/2021-06-01_00-00-13_SNSDiagnosticsSensingXID_1351766.txt /var/uc_logs/2021-06-01_00-00-14_SNSDiagnosticsCameraGrillFront_1351768.txt /var/uc_logs/2021-06-01_00-00-14_SNSDiagnosticsCameraLiftGate_1351769.txt /var/uc_logs/2021-06-01_00-00-15_detector_sides_short_range_1478759.txt /var/uc_logs/2021-06-01_00-00-20_detector_front_short_range_1499244.txt /var/uc_logs/2021-06-01_00-00-22_DcuManager_1519727.txt /var/uc_logs/2021-06-01_00-00-22_PlatformApiAdapter_1519725.txt /var/uc_logs/2021-06-01_00-00-22_TimeSynchronizer_1519726.txt /var/uc_logs/2021-06-01_00-00-23_alignCamera2Ground_1519728.txt /var/uc_logsA/1_Current_Logs /var/uc_logsA/2021-06-01_00-00-02_ShmemKiller_790560.txt /var/uc_logsA/2021-06-01_00-00-03_CameraDriver_946229.txt /var/uc_logsA/2021-06-01_00-00-03_PubSubManager_901172.txt /var/uc_logsA/2021-06-01_00-00-03_early_rvc_790576.txt /var/uc_logsA/2021-06-01_00-00-06_service_vpe_946237.txt /var/uc_logsA/2021-06-01_00-00-07_Acp3S2SGW_1343573.txt /var/uc_logsA/2021-06-01_00-00-07_LogTimeSynchronizer_1343572.txt /var/uc_logsA/2021-06-01_00-00-11_SNSDiagnosticsCameraDMS_1351767.txt /var/uc_logsA/2021-06-01_00-00-11_isp_1351775.txt /var/uc_logsA/2021-06-01_00-00-11_mlt_main_acp3_1351773.txt /var/uc_logsA/2021-06-01_00-00-11_mot_main_1351771.txt /var/uc_logsA/2021-06-01_00-00-11_perception_events_daemon_1351772.txt /var/uc_logsA/2021-06-01_00-00-11_shadow_app_main_1351774.txt /var/uc_logsA/2021-06-01_00-00-12_SNSDiagnosticsCameraMirrorRight_1351752.txt /var/uc_logsA/2021-06-01_00-00-12_SNSDiagnosticsDMSEmitter_1413220.txt /var/uc_logsA/2021-06-01_00-00-12_detector_rear_short_range_1351770.txt /var/uc_logsA/2021-06-01_00-00-13_SNSDiagnosticsCameraMirrorLeft_1351764.txt /var/uc_logsA/2021-06-01_00-00-13_SNSDiagnosticsSensingXID_1351766.txt /var/uc_logsA/2021-06-01_00-00-14_SNSDiagnosticsCameraGrillFront_1351768.txt /var/uc_logsA/2021-06-01_00-00-14_SNSDiagnosticsCameraLiftGate_1351769.txt /var/uc_logsA/2021-06-01_00-00-15_detector_sides_short_range_1478759.txt /var/uc_logsA/2021-06-01_00-00-20_detector_front_short_range_1499244.txt /var/uc_logsA/2021-06-01_00-00-22_DcuManager_1519727.txt /var/uc_logsA/2021-06-01_00-00-22_PlatformApiAdapter_1519725.txt /var/uc_logsA/2021-06-01_00-00-22_TimeSynchronizer_1519726.txt /var/uc_logsA/2021-06-01_00-00-23_alignCamera2Ground_1519728.txt /var/uc_logsB/2021-06-01_00-00-02_ShmemKiller_790560.txt /var/uc_logsB/2021-06-01_00-00-03_CameraDriver_946229.txt /var/uc_logsB/2021-06-01_00-00-03_PubSubManager_909364.txt /var/uc_logsB/2021-06-01_00-00-03_early_rvc_790568.txt /var/uc_logsB/2021-06-01_00-00-06_service_vpe_946237.txt /var/uc_logsB/2021-06-01_00-00-07_Acp3S2SGW_1343573.txt /var/uc_logsB/2021-06-01_00-00-07_LogTimeSynchronizer_1343572.txt /var/uc_logsB/2021-06-01_00-00-11_SNSDiagnosticsCameraDMS_1351767.txt /var/uc_logsB/2021-06-01_00-00-11_isp_1351775.txt /var/uc_logsB/2021-06-01_00-00-11_mlt_main_acp3_1351773.txt /var/uc_logsB/2021-06-01_00-00-11_mot_main_1351771.txt /var/uc_logsB/2021-06-01_00-00-11_perception_events_daemon_1351772.txt /var/uc_logsB/2021-06-01_00-00-11_shadow_app_main_1351774.txt /var/uc_logsB/2021-06-01_00-00-12_detector_rear_short_range_1351770.txt /var/uc_logsB/2021-06-01_00-00-13_SNSDiagnosticsCameraMirrorRight_1351755.txt /var/uc_logsB/2021-06-01_00-00-13_SNSDiagnosticsDMSEmitter_1351780.txt /var/uc_logsB/2021-06-01_00-00-13_SNSDiagnosticsSensingXID_1351766.txt /var/uc_logsB/2021-06-01_00-00-14_SNSDiagnosticsCameraGrillFront_1351768.txt /var/uc_logsB/2021-06-01_00-00-14_SNSDiagnosticsCameraLiftGate_1351769.txt /var/uc_logsB/2021-06-01_00-00-14_SNSDiagnosticsCameraMirrorLeft_1351764.txt /var/uc_logsB/2021-06-01_00-00-15_detector_sides_short_range_1433702.txt /var/uc_logsB/2021-06-01_00-00-20_detector_front_short_range_1454187.txt /var/uc_logsB/2021-06-01_00-00-22_PlatformApiAdapter_1474668.txt /var/uc_logsB/2021-06-01_00-00-22_TimeSynchronizer_1474669.txt /var/uc_logsB/2021-06-01_00-00-23_DcuManager_1474670.txt /var/uc_logsB/2021-06-01_00-00-23_alignCamera2Ground_1474671.txt /var/uclogs/1_Current_Logs /var/uclogs/ACP3 DM Manager logger.log /var/uclogs/ACP3 PassThrough Manager logger.log /var/uclogs/ACP3 UCM Manager logger.log /var/uclogs/ASUM_CommDiag.log /var/uclogs/ASUM_DM_SafetyAgent.log /var/uclogs/ASUM_Diag.log /var/uclogs/ASec.log /var/uclogs/ASpu.log /var/uclogs/C2GA.log /var/uclogs/CAMD.log /var/uclogs/ConD.log /var/uclogs/DCUM.log /var/uclogs/DLTD.log /var/uclogs/DLTR.log /var/uclogs/DMSCal.log /var/uclogs/DMS_Manager.log /var/uclogs/DV.log /var/uclogs/DiagNetworkIntegration.log /var/uclogs/DiagnosticsCameraDMS.log /var/uclogs/DiagnosticsCameraGrillFront.log /var/uclogs/DiagnosticsCameraLiftGate.log /var/uclogs/DiagnosticsCameraMirrorLeft.log /var/uclogs/DiagnosticsCameraMirrorRight.log /var/uclogs/DiagnosticsDMSEmitter.log /var/uclogs/DiagnosticsSensingXID.log /var/uclogs/EM.log /var/uclogs/EVNT.log /var/uclogs/ISP.log /var/uclogs/LogT.log /var/uclogs/MLT.log /var/uclogs/MOT.log /var/uclogs/MapApp.log /var/uclogs/MapDataLayer.log /var/uclogs/MapOTA.log /var/uclogs/MapRedBend.log /var/uclogs/MapRouteServer.log /var/uclogs/NMng.log /var/uclogs/QQQDiagApp.log /var/uclogs/S2SG.log /var/uclogs/SHDW.log /var/uclogs/SMAT.log /var/uclogs/SysD.log /var/uclogs/TSYN.log /var/uclogs/VExc.log /var/uclogs/VPER.log /var/uclogs/VPE_SV.log /var/uclogs/VPhm.log /var/uclogs/VSom.log /var/uclogs/VhFn.log /var/uclogs/gwdc.log /var/uclogsA/1_Current_Logs /var/uclogsA/ACP3 DM Manager logger.log /var/uclogsA/ACP3 PassThrough Manager logger.log /var/uclogsA/ACP3 UCM Manager logger.log /var/uclogsA/ASUM_CommDiag.log /var/uclogsA/ASUM_DM_SafetyAgent.log /var/uclogsA/ASUM_Diag.log /var/uclogsA/ASec.log /var/uclogsA/ASpu.log /var/uclogsA/C2GA.log /var/uclogsA/CAMD.log /var/uclogsA/ConD.log /var/uclogsA/DCUM.log /var/uclogsA/DLTD.log /var/uclogsA/DLTR.log /var/uclogsA/DMSCal.log /var/uclogsA/DMS_Manager.log /var/uclogsA/DV.log /var/uclogsA/DiagNetworkIntegration.log /var/uclogsA/DiagnosticsCameraDMS.log /var/uclogsA/DiagnosticsCameraGrillFront.log /var/uclogsA/DiagnosticsCameraLiftGate.log /var/uclogsA/DiagnosticsCameraMirrorLeft.log /var/uclogsA/DiagnosticsCameraMirrorRight.log /var/uclogsA/DiagnosticsDMSEmitter.log /var/uclogsA/DiagnosticsSensingXID.log /var/uclogsA/EM.log /var/uclogsA/EVNT.log /var/uclogsA/ISP.log /var/uclogsA/LogT.log /var/uclogsA/MLT.log /var/uclogsA/MOT.log /var/uclogsA/MapApp.log /var/uclogsA/MapDataLayer.log /var/uclogsA/MapOTA.log /var/uclogsA/MapRedBend.log /var/uclogsA/MapRouteServer.log /var/uclogsA/NMng.log /var/uclogsA/QQQDiagApp.log /var/uclogsA/S2SG.log /var/uclogsA/SHDW.log /var/uclogsA/SMAT.log /var/uclogsA/SysD.log /var/uclogsA/TSYN.log /var/uclogsA/VExc.log /var/uclogsA/VPER.log /var/uclogsA/VPE_SV.log /var/uclogsA/VPhm.log /var/uclogsA/VSom.log /var/uclogsA/VhFn.log /var/uclogsA/gwdc.log /var/uclogsB/ACP3 /var/uclogsB/ACP3 DM Manager logger.log /var/uclogsB/ACP3 PassThrough Manager logger.log /var/uclogsB/ACP3 UCM Manager logger.log /var/uclogsB/ASUM_CommDiag.log /var/uclogsB/ASUM_DM_SafetyAgent.log /var/uclogsB/ASUM_Diag.log /var/uclogsB/ASec.log /var/uclogsB/ASpu.log /var/uclogsB/C2GA.log /var/uclogsB/CAMD.log /var/uclogsB/ConD.log /var/uclogsB/DCUM.log /var/uclogsB/DLTD.log /var/uclogsB/DLTR.log /var/uclogsB/DMSCal.log /var/uclogsB/DMS_Manager.log /var/uclogsB/DV.log /var/uclogsB/DiagNetworkIntegration.log /var/uclogsB/DiagnosticsCameraDMS.log /var/uclogsB/DiagnosticsCameraGrillFront.log /var/uclogsB/DiagnosticsCameraLiftGate.log /var/uclogsB/DiagnosticsCameraMirrorLeft.log /var/uclogsB/DiagnosticsCameraMirrorRight.log /var/uclogsB/DiagnosticsDMSEmitter.log /var/uclogsB/DiagnosticsSensingXID.log /var/uclogsB/EM.log /var/uclogsB/EVNT.log /var/uclogsB/ISP.log /var/uclogsB/LogT.log /var/uclogsB/MLT.log /var/uclogsB/MOT.log /var/uclogsB/MapApp.log /var/uclogsB/MapDataLayer.log /var/uclogsB/MapOTA.log /var/uclogsB/MapRedBend.log /var/uclogsB/MapRouteServer.log /var/uclogsB/NMng.log /var/uclogsB/QQQDiagApp.log /var/uclogsB/S2SG.log /var/uclogsB/SHDW.log /var/uclogsB/SMAT.log /var/uclogsB/SysD.log /var/uclogsB/TSYN.log /var/uclogsB/VExc.log /var/uclogsB/VPER.log /var/uclogsB/VPE_SV.log /var/uclogsB/VPhm.log /var/uclogsB/VSom.log /var/uclogsB/VhFn.log /var/uclogsB/gwdc.log > /dev/null" on ACP3
[06/08/2024 14:48:05.199] DEBUG: [DutLogsHandler.py->clear_uc_logs()] Clear /var/uc_logs*/* /var/uclogs*/* logs files results:
[06/08/2024 14:48:05.203] DEBUG: [qnx_commands.py->run_qnx_command()] Trying to run: "ls /var/log/vpe/*" on ACP3
[06/08/2024 14:48:05.436] DEBUG: [qnx_commands.py->run_qnx_command()] SystemType.ACP3 shell command returned: /var/log/vpe/early_rvc_service.log
/var/log/vpe/early_rvc_service.sh
/var/log/vpe/early_rvc_service_system_info.log
/var/log/vpe/vpe_service.log
/var/log/vpe/vpe_service.sh
/var/log/vpe/vpe_service_cfg.log
/var/log/vpe/vpe_service_system_info.log
[06/08/2024 14:48:05.440] DEBUG: [qnx_commands.py->run_qnx_command()] Trying to run: "echo > /var/log/vpe/early_rvc_service.log" on ACP3
[06/08/2024 14:48:05.646] DEBUG: [qnx_commands.py->run_qnx_command()] Trying to run: "chown gm_vpervc:gm_vpervc /tmp/vpe_cli.txt && chmod +w /tmp/vpe_cli.txt" on VCU
[06/08/2024 14:48:06.012] DEBUG: [qnx_commands.py->run_qnx_command()] SystemType.VCU shell command returned: chown: No such file or directory (lstat /tmp/vpe_cli.txt)
[06/08/2024 14:48:06.022] DEBUG: [qnx_commands.py->run_qnx_command()] Trying to run: "echo > /var/log/vpe/early_rvc_service_system_info.log" on ACP3
[06/08/2024 14:48:06.135] DEBUG: [qnx_commands.py->run_qnx_command()] Trying to run: "chown gm_vpervc:gm_vpervc /tmp/vpe_cli.txt && chmod +w /tmp/vpe_cli.txt" on VCU
[06/08/2024 14:48:06.687] DEBUG: [qnx_commands.py->run_qnx_command()] SystemType.VCU shell command returned: chown: No such file or directory (lstat /tmp/vpe_cli.txt)
[06/08/2024 14:48:06.692] DEBUG: [qnx_commands.py->run_qnx_command()] Trying to run: "echo > /var/log/vpe/vpe_service.log" on ACP3
[06/08/2024 14:48:06.802] DEBUG: [qnx_commands.py->run_qnx_command()] Trying to run: "chown gm_vpervc:gm_vpervc /tmp/vpe_cli.txt && chmod +w /tmp/vpe_cli.txt" on VCU
[06/08/2024 14:48:07.471] DEBUG: [qnx_commands.py->run_qnx_command()] SystemType.VCU shell command returned: chown: No such file or directory (lstat /tmp/vpe_cli.txt)
[06/08/2024 14:48:07.479] DEBUG: [qnx_commands.py->delete_file()] Deleting file [/var/log/vpe/vpe_service_system_info.log] from QNX os on ACP3
[06/08/2024 14:48:07.486] DEBUG: [qnx_commands.py->run_qnx_command()] Trying to run: "rm /var/log/vpe/vpe_service_system_info.log" on ACP3
[06/08/2024 14:48:07.600] DEBUG: [qnx_commands.py->run_qnx_command()] Trying to run: "ls /var/log/vpe/vpe_service_system_info.log" on ACP3
[06/08/2024 14:48:07.810] DEBUG: [qnx_commands.py->run_qnx_command()] SystemType.ACP3 shell command returned: ls: No such file or directory (/var/log/vpe/vpe_service_system_info.log)
[06/08/2024 14:48:07.820] DEBUG: [qnx_commands.py->delete_file()] Failed Deleting file [/var/log/vpe/vpe_service_system_info.log] from QNX os on ACP3
[06/08/2024 14:48:07.829] DEBUG: [qnx_commands.py->run_qnx_command()] Trying to run: "pidin -F "%a %b %N %h %p %J %B" | grep -e "service.rvcvpe"" on VCU
[06/08/2024 14:48:14.743] DEBUG: [qnx_commands.py->run_qnx_command()] SystemType.VCU shell command returned: 53336   1 bin/service.rvcvpe Main                  15r CONDVAR     (0x3af53f7298)
   53336   2 bin/service.rvcvpe 2                     15r CONDVAR     (0x3af4ad9ac0)
   53336   3 bin/service.rvcvpe HAM Monitor           15r NANOSLEEP
   53336   4 bin/service.rvcvpe VPE Timer             15r CONDVAR     (0x3af531d4d4)
   53336   5 bin/service.rvcvpe PMEM tracking RM       5r RECEIVE     3
   53336   6 bin/service.rvcvpe ais_c_evnt_recv_3     10r REPLY       49193
   53336   7 bin/service.rvcvpe ais_c_evnt_cb_3       10r CONDVAR     (0x75bba6a18)
   53336   8 bin/service.rvcvpe c_health              10r NANOSLEEP
   53336   9 bin/service.rvcvpe ais_c_evnt_recv_6     10r REPLY       49193
   53336  10 bin/service.rvcvpe ais_c_evnt_cb_6       10r CONDVAR     (0x75bba7020)
   53336  11 bin/service.rvcvpe _LIB_CALLBACK_THREAD  20r RECEIVE     6
   53336  12 bin/service.rvcvpe VPMCanBusNotifier     15r CONDVAR     (0x3af4bf2da0)
   53336  13 bin/service.rvcvpe 13                    63r RECEIVE     8
   53336  14 bin/service.rvcvpe VcuPowerManager       15r DEAD
   53336  15 bin/service.rvcvpe unctionality to SUSD  15r CONDVAR     (0x1f55e5f1b0)
   53336  16 bin/service.rvcvpe ine Message listener  15r CONDVAR     (0x3af53eb570)
   53336  17 bin/service.rvcvpe RVCCameraFault        15r CONDVAR     (0x3af53eb228)
   53336  18 bin/service.rvcvpe DiagMngrCamFault      15r CONDVAR     (0x3af53eaf58)
   53336  19 bin/service.rvcvpe cuDiagnosticsManager  15r DEAD
   53336  20 bin/service.rvcvpe fier listener thread  15r CONDVAR     (0x3af53ea798)
   53336  21 bin/service.rvcvpe INPUT_NODE1           15r REPLY       49193
   53336  22 bin/service.rvcvpe 22                    10r RECEIVE     2
   53336  23 bin/service.rvcvpe EGLscrn updater       15r REPLY       49218
   53336  24 bin/service.rvcvpe RVCHmiInterface       10r RECEIVE     12
   53336  25 bin/service.rvcvpe VPE GPIO Device       15r NANOSLEEP
   53336  26 bin/service.rvcvpe rvc-service_cli       15r NANOSLEEP
   53336  27 bin/service.rvcvpe RVCUserPreferences    15r CONDVAR     (0x3af4db3da8)
   53336  28 bin/service.rvcvpe d_plc_state_listener  15r SIGWAITINFO
   53336  29 bin/service.rvcvpe OUTPUT_NODE2          15r CONDVAR     (0x3af5252320)
[06/08/2024 14:48:14.749] DEBUG: [DebugInfo.py->collect_pidin_info()] pidin info: 53336   1 bin/service.rvcvpe Main                  15r CONDVAR     (0x3af53f7298)
   53336   2 bin/service.rvcvpe 2                     15r CONDVAR     (0x3af4ad9ac0)
   53336   3 bin/service.rvcvpe HAM Monitor           15r NANOSLEEP
   53336   4 bin/service.rvcvpe VPE Timer             15r CONDVAR     (0x3af531d4d4)
   53336   5 bin/service.rvcvpe PMEM tracking RM       5r RECEIVE     3
   53336   6 bin/service.rvcvpe ais_c_evnt_recv_3     10r REPLY       49193
   53336   7 bin/service.rvcvpe ais_c_evnt_cb_3       10r CONDVAR     (0x75bba6a18)
   53336   8 bin/service.rvcvpe c_health              10r NANOSLEEP
   53336   9 bin/service.rvcvpe ais_c_evnt_recv_6     10r REPLY       49193
   53336  10 bin/service.rvcvpe ais_c_evnt_cb_6       10r CONDVAR     (0x75bba7020)
   53336  11 bin/service.rvcvpe _LIB_CALLBACK_THREAD  20r RECEIVE     6
   53336  12 bin/service.rvcvpe VPMCanBusNotifier     15r CONDVAR     (0x3af4bf2da0)
   53336  13 bin/service.rvcvpe 13                    63r RECEIVE     8
   53336  14 bin/service.rvcvpe VcuPowerManager       15r DEAD
   53336  15 bin/service.rvcvpe unctionality to SUSD  15r CONDVAR     (0x1f55e5f1b0)
   53336  16 bin/service.rvcvpe ine Message listener  15r CONDVAR     (0x3af53eb570)
   53336  17 bin/service.rvcvpe RVCCameraFault        15r CONDVAR     (0x3af53eb228)
   53336  18 bin/service.rvcvpe DiagMngrCamFault      15r CONDVAR     (0x3af53eaf58)
   53336  19 bin/service.rvcvpe cuDiagnosticsManager  15r DEAD
   53336  20 bin/service.rvcvpe fier listener thread  15r CONDVAR     (0x3af53ea798)
   53336  21 bin/service.rvcvpe INPUT_NODE1           15r REPLY       49193
   53336  22 bin/service.rvcvpe 22                    10r RECEIVE     2
   53336  23 bin/service.rvcvpe EGLscrn updater       15r REPLY       49218
   53336  24 bin/service.rvcvpe RVCHmiInterface       10r RECEIVE     12
   53336  25 bin/service.rvcvpe VPE GPIO Device       15r NANOSLEEP
   53336  26 bin/service.rvcvpe rvc-service_cli       15r NANOSLEEP
   53336  27 bin/service.rvcvpe RVCUserPreferences    15r CONDVAR     (0x3af4db3da8)
   53336  28 bin/service.rvcvpe d_plc_state_listener  15r SIGWAITINFO
   53336  29 bin/service.rvcvpe OUTPUT_NODE2          15r CONDVAR     (0x3af5252320) - stored at D:\projects\vvi-automation\VPM_Automation_Logs\test_cold_boot_park_vcu_m_AVVP171263-30771\iteration_4\Logs + f"\pidin_info.txt"
[06/08/2024 14:48:14.755] DEBUG: [DebugInfo.py->collect_showmem_log()] collect the showmem log file to D:\projects\vvi-automation\VPM_Automation_Logs\test_cold_boot_park_vcu_m_AVVP171263-30771\iteration_4\Logs...
[06/08/2024 14:48:14.759] DEBUG: [qnx_commands.py->run_qnx_command()] Trying to run: "showmem -a > /var/log/showmem.log" on VCU
[06/08/2024 14:48:22.523] DEBUG: [qnx_commands.py->run_qnx_command()] Trying to run: "pidin -p service_vpe -f a | grep -v pid" on ACP3
[06/08/2024 14:48:22.633] DEBUG: [qnx_commands.py->run_qnx_command()] SystemType.ACP3 shell command returned: 946237
Setting artifact directory to D:\projects\vvi-automation\VPM_Automation_Logs\test_cold_boot_park_vcu_m_AVVP171263-30771\iteration_4
[06/08/2024 14:48:24.376] DEBUG: [IterationActions.py->check_for_core_dumps_after_iteration()] looking for ANY core dump after iteration..
[06/08/2024 14:48:24.389] DEBUG: [CoreDumpCollector.py->check_for_core_dumps()] Looking for core dumps at /persist/em/coredumpdir/*.core*
[06/08/2024 14:48:24.398] DEBUG: [qnx_commands.py->run_qnx_command()] Trying to run: "ls /persist/em/coredumpdir/*.core*" on VCU
[06/08/2024 14:48:24.544] DEBUG: [qnx_commands.py->run_qnx_command()] SystemType.VCU shell command returned: ls: No such file or directory (/persist/em/coredumpdir/*.core*)
[06/08/2024 14:48:24.556] DEBUG: [CoreDumpCollector.py->check_for_core_dumps()] List of files on /persist/em/coredumpdir/*.core* is: ls: No such file or directory (/persist/em/coredumpdir/*.core*)
[06/08/2024 14:48:24.566] DEBUG: [qnx_commands.py->run_qnx_command()] Trying to run: "ls /persist/em/coredumpdir/*.core*" on VCU
[06/08/2024 14:48:24.841] DEBUG: [qnx_commands.py->run_qnx_command()] SystemType.VCU shell command returned: ls: No such file or directory (/persist/em/coredumpdir/*.core*)
[06/08/2024 14:48:24.845]  FAIL: [LowLevelTest.py->post_iteration_actions()] Iteration 4 Failed.
NoneType: None
[06/08/2024 14:48:24.848]  INFO: [Scenario.py->recover()] Resetting system after failure before next iteration
[06/08/2024 14:48:24.852] DEBUG: [VehicleControllerFullBench.py->reset_system()] Start - Resets Full Bench
[06/08/2024 14:48:24.859] DEBUG: [VehicleControllerFullBench.py->reset_system()] Turn off all ecus - Resets Full Bench
[06/08/2024 14:48:25.320] DEBUG: [USBRelay.py->set_relay()] Changed channel Start to On successfully
[06/08/2024 14:48:26.285] DEBUG: [USBRelay.py->set_relay()] Changed channel Start to Off successfully
[06/08/2024 14:48:26.744] DEBUG: [USBRelay.py->set_relay()] Changed channel Doors_Ajar to On successfully
[06/08/2024 14:48:27.707] DEBUG: [USBRelay.py->set_relay()] Changed channel Doors_Ajar to Off successfully
[06/08/2024 14:48:27.720] DEBUG: [VehicleControllerFullBench.py->set_system_power_mode_off()]  --- Set the system power mode to off --
[06/08/2024 14:48:27.729]  INFO: [ClientPowerFullBench.py->set_off_mode()] Set to Off mode in full Bench setup
[06/08/2024 14:48:28.192] DEBUG: [USBRelay.py->set_relay()] Changed channel DisplayFreeForm to Off successfully
[06/08/2024 14:48:29.152] DEBUG: [USBRelay.py->set_relay()] Changed channel DisplayRectangle to Off successfully
[06/08/2024 14:48:30.118] DEBUG: [USBRelay.py->set_relay()] Changed channel CGM to Off successfully
[06/08/2024 14:48:31.090] DEBUG: [USBRelay.py->set_relay()] Changed channel TCP to Off successfully
[06/08/2024 14:48:32.050] DEBUG: [USBRelay.py->set_relay()] Changed channel Brake to Off successfully
[06/08/2024 14:48:33.014] DEBUG: [USBRelay.py->set_relay()] Changed channel Brake_2 to Off successfully
[06/08/2024 14:48:33.974] DEBUG: [USBRelay.py->set_relay()] Changed channel Start to Off successfully
[06/08/2024 14:48:33.996] DEBUG: [qnx_commands.py->run_qnx_command()] Trying to run: "pidin -p RtosAppMain -f a | grep -v pid" on VCU
[06/08/2024 14:48:34.220] DEBUG: [qnx_commands.py->run_qnx_command()] SystemType.VCU shell command returned: 1130601
[06/08/2024 14:48:34.934] DEBUG: [USBRelay.py->set_relay()] Changed channel Start_2 to Off successfully
[06/08/2024 14:48:35.896] DEBUG: [USBRelay.py->set_relay()] Changed channel Doors_Ajar to Off successfully
[06/08/2024 14:48:36.858] DEBUG: [USBRelay.py->set_relay()] Changed channel BCM to Off successfully
[06/08/2024 14:48:37.819] DEBUG: [USBRelay.py->set_relay()] Changed channel CSM to Off successfully
[06/08/2024 14:48:38.789] DEBUG: [USBRelay.py->set_relay()] Changed channel ACP3 to Off successfully
[06/08/2024 14:48:39.753] DEBUG: [USBRelay.py->set_relay()] Changed channel Start_3 to Off successfully
[06/08/2024 14:48:40.713] DEBUG: [USBRelay.py->set_relay()] Changed channel Start_4 to Off successfully
[06/08/2024 14:48:41.404]  WARN: [ping_util.py->ping_thread_method()] VCU TCP Connection Is Down!
[06/08/2024 14:48:41.672] DEBUG: [USBRelay.py->set_relay()] Changed channel Channel_15 to Off successfully
[06/08/2024 14:48:42.406]  WARN: [ping_util.py->ping_thread_method()] ACP3 TCP Connection Is Down!
[06/08/2024 14:48:42.634] DEBUG: [USBRelay.py->set_relay()] Changed channel Hardwire_Reverse to Off successfully
[06/08/2024 14:48:43.139] DEBUG: [VSPY_commands.py->stop_vspy_online()] VSPY goes online. Run stop command
[06/08/2024 14:48:46.404]  WARN: [ping_util.py->ping_thread_method()] VCU TCP Connection Is Down!
[06/08/2024 14:48:47.403]  WARN: [ping_util.py->ping_thread_method()] ACP3 TCP Connection Is Down!
[06/08/2024 14:48:51.404]  WARN: [ping_util.py->ping_thread_method()] VCU TCP Connection Is Down!
[06/08/2024 14:48:52.405]  WARN: [ping_util.py->ping_thread_method()] ACP3 TCP Connection Is Down!
[06/08/2024 14:48:52.639] DEBUG: [qnx_commands.py->run_qnx_command()] Trying to run: "pidin -p service_vpe -f a | grep -v pid" on ACP3
[06/08/2024 14:48:52.640] DEBUG: [ssh_command.py->__run_ssh_command_core()] Connection to 172.16.1.246 failed.
[06/08/2024 14:48:52.643] DEBUG: [ssh_command.py->__run_ssh_command_core()] Create new Connection to 172.16.1.246, and retry
[06/08/2024 14:48:53.680] DEBUG: [qnx_commands.py->run_qnx_command()] Trying to run: "echo telnet_available" on VCU
[06/08/2024 14:48:54.953] DEBUG: [VSPY_commands.py->set_vspy_to_go_online()] VSPY goes online. Run start command
[06/08/2024 14:48:56.405]  WARN: [ping_util.py->ping_thread_method()] VCU TCP Connection Is Down!
[06/08/2024 14:48:57.403]  WARN: [ping_util.py->ping_thread_method()] ACP3 TCP Connection Is Down!
[06/08/2024 14:48:57.647] DEBUG: [ssh_command.py->__run_ssh_command_core()] Failed to run SSH command on 172.16.1.246 - resetting all SSH connections.
[06/08/2024 14:48:57.652] DEBUG: [ssh_command.py->run_ssh_command()] Caught an exception while running SSH command ". /etc/profile; pidin -p service_vpe -f a | grep -v pid". Retrying attempt 1 of 1
[06/08/2024 14:48:57.657] DEBUG: [testing_logs_utils.py->logged_sleep()] Sleeping for 4 seconds
[06/08/2024 14:48:57.702] DEBUG: [ssh_command.py->__run_ssh_command_core()] Connection to 172.16.4.101 failed.
[06/08/2024 14:48:57.706] DEBUG: [ssh_command.py->__run_ssh_command_core()] Create new Connection to 172.16.4.101, and retry
[06/08/2024 14:48:57.709] DEBUG: [ssh_command.py->__run_ssh_command_core()] Failed to run SSH command on 172.16.4.101 - resetting all SSH connections.
[06/08/2024 14:48:57.710] DEBUG: [ssh_command.py->run_ssh_command()] Caught an exception while running SSH command "echo telnet_available". Retrying attempt 1 of 4
[06/08/2024 14:48:57.711] DEBUG: [testing_logs_utils.py->logged_sleep()] Sleeping for 4 seconds
[06/08/2024 14:49:01.405]  WARN: [ping_util.py->ping_thread_method()] VCU TCP Connection Is Down!
[06/08/2024 14:49:01.663] DEBUG: [testing_logs_utils.py->logged_sleep()] Done sleeping
[06/08/2024 14:49:01.664]  WARN: [ssh_command.py->run_ssh_command()] All attempts failed while running SSH command ". /etc/profile; pidin -p service_vpe -f a | grep -v pid" on 172.16.1.246. device is down or unreachable for at least 5 sec.
[06/08/2024 14:49:01.665]  INFO: [vpe_service_monitor.py->get_service_pid()] Failed to find process: service_vpe
[06/08/2024 14:49:01.666] DEBUG: [vpe_service_monitor.py->monitor_pid_change()] VPE PID was 946237 and now is None
[06/08/2024 14:49:01.667] DEBUG: [qnx_commands.py->run_qnx_command()] Trying to run: "pidin threads > /var/log/vpe/pidin_threads_None.txt" on ACP3
[06/08/2024 14:49:01.717] DEBUG: [testing_logs_utils.py->logged_sleep()] Done sleeping
[06/08/2024 14:49:02.411]  WARN: [ping_util.py->ping_thread_method()] ACP3 TCP Connection Is Down!
[06/08/2024 14:49:04.223] DEBUG: [qnx_commands.py->run_qnx_command()] Trying to run: "pidin -p RtosAppMain -f a | grep -v pid" on VCU
[06/08/2024 14:49:05.162] DEBUG: [VSPY_commands.py->check_db_signal_in_current_values()] Actual signal value [Off]. Check DB Signal SysPwrMode_Prtctd_PDU->SPMP_SysPwrModeAuth  with command: [db(db5494).sg(13).value?]
[06/08/2024 14:49:05.177] DEBUG: [VSPY_commands.py->check_db_signal_in_current_values()] Signal value [Off] found in expected values: ['Off']
[06/08/2024 14:49:05.185] DEBUG: [VSPY_commands.py->check_db_signal()] Check DB Signal [PDU_5062->InfoSysStat] matches value: [Sleep] with command: [db(db3324).sg(3).value?]
[06/08/2024 14:49:05.394]  INFO: [ClientPowerFullBench.py->set_power_mode_on()] Set to Run mode in full Bench setup
[06/08/2024 14:49:05.399] DEBUG: [USBRelay.py->full_start_engine()] full_start_engine() MY24 Full start engine. Perform full start engine via USB relay
[06/08/2024 14:49:05.404] DEBUG: [USBRelay.py->set_all_ecus()] set_all_ecus
[06/08/2024 14:49:05.972] DEBUG: [USBRelay.py->set_relay()] Changed channel ACP3 to On successfully
[06/08/2024 14:49:06.408]  WARN: [ping_util.py->ping_thread_method()] VCU TCP Connection Is Down!
[06/08/2024 14:49:06.543] DEBUG: [USBRelay.py->set_relay()] Changed channel BCM to On successfully
[06/08/2024 14:49:06.669] DEBUG: [ssh_command.py->run_ssh_command()] Caught an exception while running SSH command ". /etc/profile; pidin threads > /var/log/vpe/pidin_threads_None.txt". Retrying attempt 1 of 4
[06/08/2024 14:49:06.674] DEBUG: [testing_logs_utils.py->logged_sleep()] Sleeping for 4 seconds
[06/08/2024 14:49:06.719] DEBUG: [ssh_command.py->run_ssh_command()] Caught an exception while running SSH command "echo telnet_available". Retrying attempt 2 of 4
[06/08/2024 14:49:06.720] DEBUG: [testing_logs_utils.py->logged_sleep()] Sleeping for 4 seconds
[06/08/2024 14:49:07.107] DEBUG: [USBRelay.py->set_relay()] Changed channel CGM to On successfully
[06/08/2024 14:49:07.407]  WARN: [ping_util.py->ping_thread_method()] ACP3 TCP Connection Is Down!
[06/08/2024 14:49:07.668] DEBUG: [USBRelay.py->set_relay()] Changed channel CSM to On successfully
[06/08/2024 14:49:07.991] DEBUG: [SerialCommands.py->read_console_log()] [serial console]
[06/08/2024 14:49:08.137] DEBUG: [USBRelay.py->set_relay()] Changed channel Doors_Ajar to On successfully
[06/08/2024 14:49:08.381] DEBUG: [SerialCommands.py->read_console_log()] [serial console] read_softsku_pt:135 softsku partition not found, continuing with raw sku id
[06/08/2024 14:49:08.384] DEBUG: [SerialCommands.py->read_console_log()] [serial console] cannot initialize softsku, continue with normal sku id
[06/08/2024 14:49:08.493] DEBUG: [SerialCommands.py->read_console_log()] [serial console] swdl_init:549 system banked to "a"
[06/08/2024 14:49:08.497] DEBUG: [SerialCommands.py->read_console_log()] [serial console] crm: qxa.qa.5.0.r12-00019-sa8155p.hyp-1 (built 2024/05/12-09:33:01-pdt)
[06/08/2024 14:49:08.525] DEBUG: [SerialCommands.py->read_console_log()] [serial console] el2 save/restore init (built: nov  8 2021 19:27:17)
[06/08/2024 14:49:08.540] DEBUG: [SerialCommands.py->read_console_log()] [serial console] exiting bootstrap executable el2-save-restore
[06/08/2024 14:49:08.542] DEBUG: [SerialCommands.py->read_console_log()] [serial console] mmflags=219
[06/08/2024 14:49:08.589] DEBUG: [SerialCommands.py->read_console_log()] [serial console] activating ringbuffer @ 0x80224000 size 16352
[06/08/2024 14:49:08.591] DEBUG: [SerialCommands.py->read_console_log()] [serial console] all clockcycles offsets within tolerance
[06/08/2024 14:49:08.605] DEBUG: [SerialCommands.py->read_console_log()] [serial console] no #1262888 wa needed on cpu0
[06/08/2024 14:49:08.607] DEBUG: [SerialCommands.py->read_console_log()] [serial console] no #1262888 wa needed on cpu1
[06/08/2024 14:49:08.608] DEBUG: [SerialCommands.py->read_console_log()] [serial console] no #1262888 wa needed on cpu2
[06/08/2024 14:49:08.610] DEBUG: [SerialCommands.py->read_console_log()] [serial console] no #1262888 wa needed on cpu3
[06/08/2024 14:49:08.620] DEBUG: [SerialCommands.py->read_console_log()] [serial console] #1262888 wa needed on cpu4
[06/08/2024 14:49:08.622] DEBUG: [SerialCommands.py->read_console_log()] [serial console] #1262888 wa needed on cpu5
[06/08/2024 14:49:08.624] DEBUG: [SerialCommands.py->read_console_log()] [serial console] #1262888 wa needed on cpu6
[06/08/2024 14:49:08.626] DEBUG: [SerialCommands.py->read_console_log()] [serial console] #1262888 wa needed on cpu7
[06/08/2024 14:49:08.628] DEBUG: [SerialCommands.py->read_console_log()] [serial console] hypervisor running
[06/08/2024 14:49:08.637] DEBUG: [SerialCommands.py->read_console_log()] [serial console] slog2_api: cannot connect to slogger2 server...errno=no such file or directory
[06/08/2024 14:49:08.877] DEBUG: [SerialCommands.py->read_console_log()] [serial console] # pps_early: notice: pps initializing
[06/08/2024 14:49:08.893] DEBUG: [SerialCommands.py->read_console_log()] [serial console] pps_early: notice: pps attaching /early_pps
[06/08/2024 14:49:08.895] DEBUG: [SerialCommands.py->read_console_log()] [serial console] pps_early: notice: pps attached /early_pps major 2 minor 4
[06/08/2024 14:49:08.925] DEBUG: [SerialCommands.py->read_console_log()] [serial console] ### starting inc tp layer resource manager ###
[06/08/2024 14:49:08.940] DEBUG: [SerialCommands.py->read_console_log()] [serial console] inc-tp: versions: qnx = 12.0, ar = 12.0
[06/08/2024 14:49:08.956] DEBUG: [SerialCommands.py->read_console_log()] [serial console] start parameter-provider
[06/08/2024 14:49:09.005] DEBUG: [SerialCommands.py->read_console_log()] [serial console] inc-tp: inc tp registered with ham successfully
[06/08/2024 14:49:09.038] DEBUG: [SerialCommands.py->read_console_log()] [serial console] diag_service_launcher : diag_service started
[06/08/2024 14:49:09.043] DEBUG: [SerialCommands.py->read_console_log()] [serial console] qnx.kern.droproot: 0 -> 1
[06/08/2024 14:49:09.106] DEBUG: [USBRelay.py->set_relay()] Changed channel Doors_Ajar to Off successfully
[06/08/2024 14:49:09.226] DEBUG: [ssh_command.py->run_ssh_command()] Caught an exception while running SSH command "pidin -p RtosAppMain -f a | grep -v pid". Retrying attempt 1 of 1
[06/08/2024 14:49:09.228] DEBUG: [testing_logs_utils.py->logged_sleep()] Sleeping for 4 seconds
[06/08/2024 14:49:09.249] DEBUG: [SerialCommands.py->read_console_log()] [serial console] libcp configuration_file_read:264: source configuration path: /etc/system/config/fidm/29dbdc45-e0bb-4f2a-9b04-bbfa5aa4962f/gmvcu-topology-17-graphics.conf
[06/08/2024 14:49:09.262] DEBUG: [SerialCommands.py->read_console_log()] [serial console] libcp configuration_file_read:303: 704 of 704 were read
[06/08/2024 14:49:09.309] DEBUG: [SerialCommands.py->read_console_log()] [serial console] slogger_init successful!
[06/08/2024 14:49:09.485] DEBUG: [SerialCommands.py->read_console_log()] [serial console] warn: ssplash[175]: no image to show, will still power on all displays!
[06/08/2024 14:49:09.487] DEBUG: [SerialCommands.py->read_console_log()] [serial console] warn: ssplash[176]: to show image, please refer "use ssplash"
[06/08/2024 14:49:09.500] DEBUG: [SerialCommands.py->read_console_log()] [serial console] slogger_init successful!
[06/08/2024 14:49:09.549] DEBUG: [SerialCommands.py->read_console_log()] [serial console] [audio-/asclauncher] pvmode configuration: 0
[06/08/2024 14:49:09.564] DEBUG: [SerialCommands.py->read_console_log()] [serial console] audio configuration:1
[06/08/2024 14:49:09.575] DEBUG: [USBRelay.py->set_relay()] Changed channel Brake to On successfully
[06/08/2024 14:49:09.709] DEBUG: [SerialCommands.py->read_console_log()] [serial console] openwfd_server: dropped abilities successfully
[06/08/2024 14:49:09.773] DEBUG: [SerialCommands.py->read_console_log()] [serial console] swdl_init:549 system banked to "a"
[06/08/2024 14:49:09.885] DEBUG: [SerialCommands.py->read_console_log()] [serial console] alogfrontend::readenvbeloglevel:invalid env value. fallback to def(debug2)
[06/08/2024 14:49:09.887] DEBUG: [SerialCommands.py->read_console_log()] [serial console] alogfrontend::readenvbeloglevel:invalid env value. fallback to def(debug2)
[06/08/2024 14:49:09.901] DEBUG: [SerialCommands.py->read_console_log()] [serial console] alogfrontend::readenvgloballoglevel:invalid env value. fallback to def(debug2)
[06/08/2024 14:49:09.903] DEBUG: [SerialCommands.py->read_console_log()] [serial console] /var/log/ondevice_logging/diagdiridx: no such file or directory
[06/08/2024 14:49:09.981] DEBUG: [SerialCommands.py->read_console_log()] [serial console] pps_late: notice: pps initializing
[06/08/2024 14:49:09.996] DEBUG: [SerialCommands.py->read_console_log()] [serial console] /var/log/ondevice_logging/logs.txt: no such file or directory
[06/08/2024 14:49:10.033] DEBUG: [USBRelay.py->set_relay()] Changed channel Start to On successfully
[06/08/2024 14:49:10.061] DEBUG: [SerialCommands.py->read_console_log()] [serial console] pps_late: warning: /etc/pps_late.cfg:60:gm/hmicluster: acl supercedes mode (was 0644 now 0664)
[06/08/2024 14:49:10.077] DEBUG: [SerialCommands.py->read_console_log()] [serial console] loading deva-ctrl-qc version 0.94.0 on [jul  1 2024]...
[06/08/2024 14:49:10.078] DEBUG: [SerialCommands.py->read_console_log()] [serial console] logger init start
[06/08/2024 14:49:10.093] DEBUG: [SerialCommands.py->read_console_log()] [serial console] with slog: log tag: rvc_service
[06/08/2024 14:49:10.097] DEBUG: [SerialCommands.py->read_console_log()] [serial console] [1970-01-01 00:00:02.349] [cli] [info] <t_1>vpmverinfo: 0.1.0-0000 build from head at 852f57f2 by bgm9hi 2024-07-01t15:33:01
[06/08/2024 14:49:10.110] DEBUG: [SerialCommands.py->read_console_log()] [serial console] [1970-01-01 00:00:02.350] [cli] [info] <t_1>vpmverinfo: 0.1.0-0000 build from head at 852f57f2 by bgm9hi 2024-07-01t15:33:01
[06/08/2024 14:49:10.125] DEBUG: [SerialCommands.py->read_console_log()] [serial console] pps_late: notice: pps attaching /ppsalogfrontend::readenvbeloglevel:invalid env value. fallback to def(debug2)
[06/08/2024 14:49:10.128] DEBUG: [SerialCommands.py->read_console_log()] [serial console] alogfrontend::readenvbeloglevel:invalid env value. fallback to def(debug2)
[06/08/2024 14:49:10.141] DEBUG: [SerialCommands.py->read_console_log()] [serial console] alogfrontend::readenvgloballoglevel:invalid env value. fallback to def(debug2)
[06/08/2024 14:49:10.143] DEBUG: [SerialCommands.py->read_console_log()] [serial console] pps_late: notice: pps attached /pps major 2 minor 14
[06/08/2024 14:49:10.146] DEBUG: [SerialCommands.py->read_console_log()] [serial console] tdm1_adsp_rx_2ch_logging disabled
[06/08/2024 14:49:10.148] DEBUG: [SerialCommands.py->read_console_log()] [serial console] tdm1_adsp_tx_2ch_logging disabled
[06/08/2024 14:49:10.156] DEBUG: [SerialCommands.py->read_console_log()] [serial console] tdm2_mdsp_rx_8ch_logging disabled
[06/08/2024 14:49:10.159] DEBUG: [SerialCommands.py->read_console_log()] [serial console] tdm2_mdsp_tx_8ch_logging disabled
[06/08/2024 14:49:10.161] DEBUG: [SerialCommands.py->read_console_log()] [serial console] tdm3_mdsp_rx_16ch_logging disabled
[06/08/2024 14:49:10.163] DEBUG: [SerialCommands.py->read_console_log()] [serial console] tdm3_adsp_rx_16ch_logging disabled
[06/08/2024 14:49:10.165] DEBUG: [SerialCommands.py->read_console_log()] [serial console] tdm3_adsp_tx_16ch_logging disabled
[06/08/2024 14:49:10.173] DEBUG: [SerialCommands.py->read_console_log()] [serial console] tdm4_adsp_tx_8ch_logging enabled channel_mask=0xff
[06/08/2024 14:49:10.174] DEBUG: [SerialCommands.py->read_console_log()] [serial console] tdm5_mdsp_rx_16ch_logging disabled
[06/08/2024 14:49:10.176] DEBUG: [SerialCommands.py->read_console_log()] [serial console] tdm5_adsp_tx_16ch_logging disabled
[06/08/2024 14:49:10.178] DEBUG: [SerialCommands.py->read_console_log()] [serial console] tdm5_mdsp_tx_16ch_logging disabled
[06/08/2024 14:49:10.189] DEBUG: [SerialCommands.py->read_console_log()] [serial console] loading deva-ctrl-qc version 0.94.0 on [jul  1 2024]...
[06/08/2024 14:49:10.269] DEBUG: [SerialCommands.py->read_console_log()] [serial console] network_mgr_launcher : soc platform : global
[06/08/2024 14:49:10.273] DEBUG: [SerialCommands.py->read_console_log()] [serial console] network_mgr_launcher : starting network_mgr with global config
[06/08/2024 14:49:10.301] DEBUG: [SerialCommands.py->read_console_log()] [serial console] failed to get configuration file data
[06/08/2024 14:49:10.305] DEBUG: [SerialCommands.py->read_console_log()] [serial console] network-mgr started with config file[s] : /etc/network_base_config_global.json;/etc/network_hyp_config_global.json
[06/08/2024 14:49:10.317] DEBUG: [SerialCommands.py->read_console_log()] [serial console] failed to get configuration file data
[06/08/2024 14:49:10.492] DEBUG: [SerialCommands.py->read_console_log()] [serial console] failed to get configuration file data
[06/08/2024 14:49:10.526] DEBUG: [SerialCommands.py->read_console_log()] [serial console] [    1.928966]~dlt~122979~info     ~socket /tmp/dlt cannot be opened. retrying later...
[06/08/2024 14:49:10.637] DEBUG: [SerialCommands.py->read_console_log()] [serial console] swdl_init:549 system banked to "a"
[06/08/2024 14:49:10.652] DEBUG: [SerialCommands.py->read_console_log()] [serial console] #######################################
[06/08/2024 14:49:10.679] DEBUG: [testing_logs_utils.py->logged_sleep()] Done sleeping
[06/08/2024 14:49:10.686] DEBUG: [SerialCommands.py->read_console_log()] [serial console] build_id=rb_main_2024.26.7-11-gd9f049d00a-change_798053_2
[06/08/2024 14:49:10.688] DEBUG: [SerialCommands.py->read_console_log()] [serial console] rc_build_id=
[06/08/2024 14:49:10.701] DEBUG: [SerialCommands.py->read_console_log()] [serial console] domain_build_id=multi-aegean_orange-android_user-qnx_user-secboot_false-8155-rb_main_2024.26.7-11-gd9f049d00a-change_798053_2
[06/08/2024 14:49:10.704] DEBUG: [SerialCommands.py->read_console_log()] [serial console] build_timestamp=2024-07-01 12:49:51 +0000
[06/08/2024 14:49:10.706] DEBUG: [SerialCommands.py->read_console_log()] [serial console] manifests_revision=d9f049d00a2bda5f0e2324e4cc966958c5128c5a
[06/08/2024 14:49:10.717] DEBUG: [SerialCommands.py->read_console_log()] [serial console] manifest_file=manifest.xml
[06/08/2024 14:49:10.723] DEBUG: [SerialCommands.py->read_console_log()] [serial console] target_product=aegean_orange
[06/08/2024 14:49:10.723] DEBUG: [testing_logs_utils.py->logged_sleep()] Done sleeping
[06/08/2024 14:49:10.730] DEBUG: [SerialCommands.py->read_console_log()] [serial console] target_build_variant=user
[06/08/2024 14:49:10.734] DEBUG: [SerialCommands.py->read_console_log()] [serial console] qnx_target_build_variant=user
[06/08/2024 14:49:10.735] DEBUG: [SerialCommands.py->read_console_log()] [serial console] secure_boot=false
[06/08/2024 14:49:10.737] DEBUG: [SerialCommands.py->read_console_log()] [serial console] generate_fullota_board=null
[06/08/2024 14:49:10.739] DEBUG: [SerialCommands.py->read_console_log()] [serial console] patac_build_number=null
[06/08/2024 14:49:10.740] DEBUG: [SerialCommands.py->read_console_log()] [serial console] qc_distribution=postcs17_0.0.029.1
[06/08/2024 14:49:10.742] DEBUG: [SerialCommands.py->read_console_log()] [serial console] qc_product=snapdragon_auto.hqx.3.1.4.1
[06/08/2024 14:49:10.743] DEBUG: [SerialCommands.py->read_console_log()] [serial console] qc_releasenote=rno-240528105307
[06/08/2024 14:49:10.746] DEBUG: [SerialCommands.py->read_console_log()] [serial console] qnx_plist=exp_gen3_patchset_hqx3_1_4_1_bosch_20230217
[06/08/2024 14:49:10.749] DEBUG: [SerialCommands.py->read_console_log()] [serial console] qxn_plist_hash=b92452c5d69022a6663901f1cdb14f3de68967f4
[06/08/2024 14:49:10.751] DEBUG: [SerialCommands.py->read_console_log()] [serial console] gm.build=sqbm-632
[06/08/2024 14:49:10.753] DEBUG: [SerialCommands.py->read_console_log()] [serial console] gm.ssw.build.id=sqbm-632
[06/08/2024 14:49:10.756] DEBUG: [SerialCommands.py->read_console_log()] [serial console] gm.product=orange
[06/08/2024 14:49:10.759] DEBUG: [SerialCommands.py->read_console_log()] [serial console] gm.platform=gb
[06/08/2024 14:49:10.761] DEBUG: [SerialCommands.py->read_console_log()] [serial console] gm.hwtype=mid
[06/08/2024 14:49:10.763] DEBUG: [SerialCommands.py->read_console_log()] [serial console] gm.security=development
[06/08/2024 14:49:10.766] DEBUG: [SerialCommands.py->read_console_log()] [serial console] gm.gas=1
[06/08/2024 14:49:10.769] DEBUG: [SerialCommands.py->read_console_log()] [serial console] gm.baseline=# integrated bosch release version. rb_main_2024.24.7 qc_distribution=postcs17_0.0.029.1
[06/08/2024 14:49:10.771] DEBUG: [SerialCommands.py->read_console_log()] [serial console] slmlauncher : hw_vehicle_platform_global
[06/08/2024 14:49:10.780] DEBUG: [SerialCommands.py->read_console_log()] [serial console] slmlauncher : starting slm with slm.xml
[06/08/2024 14:49:10.782] DEBUG: [SerialCommands.py->read_console_log()] [serial console] startup complete
[06/08/2024 14:49:10.784] DEBUG: [SerialCommands.py->read_console_log()] [serial console] [    2.150966]~dlt~139376~info     ~socket /tmp/dlt cannot be opened. retrying later...
[06/08/2024 14:49:10.925] DEBUG: [SerialCommands.py->read_console_log()] [serial console] service is up and running, and ready to receive commands. use echo "help" > /tmp/vpe_cli.txt
[06/08/2024 14:49:11.196] DEBUG: [SerialCommands.py->read_console_log()] [serial console] path=0 -
[06/08/2024 14:49:11.199] DEBUG: [SerialCommands.py->read_console_log()] [serial console] target=0 lun=0     direct-access(0) - ram  rev:
[06/08/2024 14:49:11.295] DEBUG: [SerialCommands.py->read_console_log()] [serial console] [    2.686967]~dlt~258173~info     ~socket /tmp/dlt cannot be opened. retrying later...
[06/08/2024 14:49:11.408]  WARN: [ping_util.py->ping_thread_method()] VCU TCP Connection Is Down!
[06/08/2024 14:49:11.453] DEBUG: [SerialCommands.py->read_console_log()] [serial console] swdl_init:549 system banked to "a"
[06/08/2024 14:49:11.454] DEBUG: [SerialCommands.py->read_console_log()] [serial console] passed in uclientidx=5
[06/08/2024 14:49:11.456] DEBUG: [SerialCommands.py->read_console_log()] [serial console] wfd_be: dropped abilities successfully
[06/08/2024 14:49:11.708] DEBUG: [SerialCommands.py->read_console_log()] [serial console] pf enabled
[06/08/2024 14:49:11.821] DEBUG: [SerialCommands.py->read_console_log()] [serial console] alogfrontend::readenvbeloglevel:invalid env value. fallback to def(debug2)
[06/08/2024 14:49:11.825] DEBUG: [SerialCommands.py->read_console_log()] [serial console] alogfrontend::readenvbeloglevel:invalid env value. fallback to def(debug2)
[06/08/2024 14:49:11.836] DEBUG: [SerialCommands.py->read_console_log()] [serial console] alogfrontend::readenvgloballoglevel:invalid env value. fallback to def(debug2)
[06/08/2024 14:49:12.046] DEBUG: [SerialCommands.py->read_console_log()] [serial console] [ramp][hmic] slog2 info success
[06/08/2024 14:49:12.365] DEBUG: [SerialCommands.py->read_console_log()] [serial console] alogfrontend::readenvbeloglevel:invalid env value. fallback to def(debug2)
[06/08/2024 14:49:12.372] DEBUG: [SerialCommands.py->read_console_log()] [serial console] alogfrontend::readenvbeloglevel:invalid env value. fallback to def(debug2)
[06/08/2024 14:49:12.378] DEBUG: [SerialCommands.py->read_console_log()] [serial console] alogfrontend::readenvgloballoglevel:invalid env value. fallback to def(debug2)
[06/08/2024 14:49:12.383] DEBUG: [SerialCommands.py->read_console_log()] [serial console] alogfrontend::readenvbeloglevel:invalid env value. fallback to def(debug2)
[06/08/2024 14:49:12.387] DEBUG: [SerialCommands.py->read_console_log()] [serial console] register_for_ssr_events ++
[06/08/2024 14:49:12.390] DEBUG: [SerialCommands.py->read_console_log()] [serial console] alogfrontend::readenvbeloglevel:invalid env value. fallback to def(debug2)
[06/08/2024 14:49:12.399] DEBUG: [SerialCommands.py->read_console_log()] [serial console] alogfrontend::readenvgloballoglevel:invalid env value. fallback to def(debug2)
[06/08/2024 14:49:12.402] DEBUG: [SerialCommands.py->read_console_log()] [serial console] [linux-la-mid.config:160] vinput: external window position: [5010,0]
[06/08/2024 14:49:12.429]  WARN: [ping_util.py->ping_thread_method()] ACP3 TCP Connection Is Down!
[06/08/2024 14:49:12.445] DEBUG: [SerialCommands.py->read_console_log()] [serial console] resource-monitor started with config file[s] : /etc/memoryconfig.cfg
[06/08/2024 14:49:12.448] DEBUG: [SerialCommands.py->read_console_log()] [serial console] analyzer not enabled. touch /etc/enable_analyzer and reset device to enable analyzer debugging
[06/08/2024 14:49:12.461] DEBUG: [SerialCommands.py->read_console_log()] [serial console] analyzer external not enabled. touch /etc/enable_analyzer_external and reset device to enable analyzer external debugging
[06/08/2024 14:49:12.499] DEBUG: [USBRelay.py->set_relay()] Changed channel Start to Off successfully
[06/08/2024 14:49:12.846] DEBUG: [SerialCommands.py->read_console_log()] [serial console] swdl_init:549 system banked to "a"
[06/08/2024 14:49:12.957] DEBUG: [USBRelay.py->set_relay()] Changed channel Brake to Off successfully
[06/08/2024 14:49:12.980] DEBUG: [VSPY_commands.py->check_db_signal_in_current_values()] Actual signal value [Run]. Check DB Signal SysPwrMode_Prtctd_PDU->SPMP_SysPwrModeAuth  with command: [db(db5494).sg(13).value?]
[06/08/2024 14:49:12.993] DEBUG: [VSPY_commands.py->check_db_signal_in_current_values()] Signal value [Run] found in expected values: ['Run', 'Propulsion']
[06/08/2024 14:49:13.005] DEBUG: [VSPY_commands.py->check_db_signal_in_current_values()] Actual signal value [AnimationInit]. Check DB Signal PDU_5062->InfoSysStat  with command: [db(db3324).sg(3).value?]
[06/08/2024 14:49:13.231] DEBUG: [testing_logs_utils.py->logged_sleep()] Done sleeping
[06/08/2024 14:49:13.234]  WARN: [ssh_command.py->run_ssh_command()] All attempts failed while running SSH command "pidin -p RtosAppMain -f a | grep -v pid" on 172.16.4.101. device is down or unreachable for at least 7 sec.
[06/08/2024 14:49:13.237] ERROR: [hmi_service_monitor.py->get_service_pid()] Failed to find process: RtosAppMain
NoneType: None
[06/08/2024 14:49:13.239]  WARN: [hmi_service_monitor.py->monitor_pid_change()] HMI PID had Changed from 1130601 to None
[06/08/2024 14:49:13.241]  INFO: [hmi_service_monitor.py->monitor_pid_change()] HMI PID Changed counter: 10
[06/08/2024 14:49:13.292] DEBUG: [SerialCommands.py->read_console_log()] [serial console] swdl_init:549 system banked to "a"
[06/08/2024 14:49:13.357] DEBUG: [SerialCommands.py->read_console_log()] [serial console] [swu]	update_engine: boot mode=normal_mode, vip mode=vip_app_mode
[06/08/2024 14:49:13.405] DEBUG: [SerialCommands.py->read_console_log()] [serial console] qqnxscreen::qqnxscreen : v 5.12.3.1
[06/08/2024 14:49:13.423] DEBUG: [SerialCommands.py->read_console_log()] [serial console] qstandardpaths: error creating runtime directory /dev/shmem/runtime-gm_hmicluster: no such file or directory
[06/08/2024 14:49:13.428] DEBUG: [SerialCommands.py->read_console_log()] [serial console] slm: component 'enable_adb' (pid 372885) terminated unexpectedly
[06/08/2024 14:49:13.436] DEBUG: [SerialCommands.py->read_console_log()] [serial console] fontconfig error: cannot load default config file
[06/08/2024 14:49:13.501] DEBUG: [SerialCommands.py->read_console_log()] [serial console] [    4.904128]~dlt~483495~info     ~socket /tmp/dlt cannot be opened. retrying later...
[06/08/2024 14:49:13.532] DEBUG: [SerialCommands.py->read_console_log()] [serial console] slm: component 'cpu_gpu_dcvs_disable' (pid 524454) terminated unexpectedly
[06/08/2024 14:49:13.548] DEBUG: [SerialCommands.py->read_console_log()] [serial console] swdl_init:549swdl_init :s549y sstyesmt ebma nbkaendk etdo  t"oa ""
[06/08/2024 14:49:13.550] DEBUG: [SerialCommands.py->read_console_log()] [serial console] a"
[06/08/2024 14:49:13.564] DEBUG: [SerialCommands.py->read_console_log()] [serial console] lcm_inc_dispatcher system state, current:1, previous:0
[06/08/2024 14:49:13.567] DEBUG: [SerialCommands.py->read_console_log()] [serial console] lcm_inc_dispatcher system state, current:susd_sys_state_animinit
[06/08/2024 14:49:13.569] DEBUG: [SerialCommands.py->read_console_log()] [serial console] plc state changed from 1 to 2
[06/08/2024 14:49:13.676] DEBUG: [SerialCommands.py->read_console_log()] [serial console] [tid=4]invoke_setrunmask:830 setmask no more -1
[06/08/2024 14:49:13.853] DEBUG: [SerialCommands.py->read_console_log()] [serial console] alogfrontend::readenvbeloglevel:invalid env value. fallback to def(debug2)
[06/08/2024 14:49:13.856] DEBUG: [SerialCommands.py->read_console_log()] [serial console] alogfrontend::readenvbeloglevel:invalid env value. fallback to def(debug2)
[06/08/2024 14:49:13.861] DEBUG: [SerialCommands.py->read_console_log()] [serial console] alogfrontend::readenvgloballoglevel:invalid env value. fallback to def(debug2)
[06/08/2024 14:49:13.920] DEBUG: [ssh_command.py->__run_ssh_command_core()] New Connection has been created to 172.16.1.246
[06/08/2024 14:49:13.949] DEBUG: [SerialCommands.py->read_console_log()] [serial console] [    5.348128]~dlt~725005~info     ~socket /tmp/dlt cannot be opened. retrying later...
[06/08/2024 14:49:14.016] DEBUG: [SerialCommands.py->read_console_log()] [serial console] [    5.416128]~dlt~720904~info     ~socket /tmp/dlt cannot be opened. retrying later...
[06/08/2024 14:49:14.029] DEBUG: [SerialCommands.py->read_console_log()] [serial console] [    5.421465]~dlt~733205~info     ~socket /tmp/dlt cannot be opened. retrying later...
[06/08/2024 14:49:14.175] DEBUG: [SerialCommands.py->read_console_log()] [serial console] [    5.574469]~dlt~733226~info     ~socket /tmp/dlt cannot be opened. retrying later...
[06/08/2024 14:49:14.270] DEBUG: [SerialCommands.py->read_console_log()] [serial console] [    5.665462]~dlt~139376~notice   ~logging (re-)enabled!
[06/08/2024 14:49:14.302] DEBUG: [SerialCommands.py->read_console_log()] [serial console] [    5.702795]~dlt~258173~notice   ~logging (re-)enabled!
[06/08/2024 14:49:14.382] DEBUG: [SerialCommands.py->read_console_log()] [serial console] [    5.786469]~dlt~847944~info     ~socket /tmp/dlt cannot be opened. retrying later...
[06/08/2024 14:49:14.508] DEBUG: [SerialCommands.py->read_console_log()] [serial console] [    5.909461]~dlt~483495~notice   ~logging (re-)enabled!
[06/08/2024 14:49:14.541] DEBUG: [SerialCommands.py->read_console_log()] [serial console] [    5.946473]~dlt~917600~info     ~socket /tmp/dlt cannot be opened. retrying later...
[06/08/2024 14:49:14.590] DEBUG: [SerialCommands.py->read_console_log()] [serial console] swdl_init:549 system banked to "a"
[06/08/2024 14:49:14.733] DEBUG: [SerialCommands.py->read_console_log()] [serial console] send injection message:
[06/08/2024 14:49:14.735] DEBUG: [SerialCommands.py->read_console_log()] [serial console] appid: qsym
[06/08/2024 14:49:14.737] DEBUG: [SerialCommands.py->read_console_log()] [serial console] conid: qsyc
[06/08/2024 14:49:14.739] DEBUG: [SerialCommands.py->read_console_log()] [serial console] serviceid: 4096
[06/08/2024 14:49:14.742] DEBUG: [SerialCommands.py->read_console_log()] [serial console] message: 01
[06/08/2024 14:49:14.765] DEBUG: [SerialCommands.py->read_console_log()] [serial console] remote hmi - version 1.53.1
[06/08/2024 14:49:14.892] DEBUG: [SerialCommands.py->read_console_log()] [serial console] [    6.288128]~dlt~847944~notice   ~logging (re-)enabled!
[06/08/2024 14:49:14.958] DEBUG: [SerialCommands.py->read_console_log()] [serial console] [    6.354795]~dlt~725005~notice   ~logging (re-)enabled!
[06/08/2024 14:49:15.005] DEBUG: [SerialCommands.py->read_console_log()] [serial console] urlparser, failed to open file as read only "./data/ff2/gmxml/rhmi_asset_to_skin_mappings.gmxml"
[06/08/2024 14:49:15.011] DEBUG: [VSPY_commands.py->check_db_signal_in_current_values()] Actual signal value [Run]. Check DB Signal SysPwrMode_Prtctd_PDU->SPMP_SysPwrModeAuth  with command: [db(db5494).sg(13).value?]
[06/08/2024 14:49:15.022] DEBUG: [SerialCommands.py->read_console_log()] [serial console] [    6.422472]~dlt~720904~notice   ~logging (re-)enabled!
[06/08/2024 14:49:15.018] DEBUG: [VSPY_commands.py->check_db_signal_in_current_values()] Signal value [Run] found in expected values: ['Run', 'Propulsion']
[06/08/2024 14:49:15.029] DEBUG: [VSPY_commands.py->check_db_signal_in_current_values()] Actual signal value [AnimationInit]. Check DB Signal PDU_5062->InfoSysStat  with command: [db(db3324).sg(3).value?]
[06/08/2024 14:49:15.246] DEBUG: [SerialCommands.py->read_console_log()] [serial console] [altia dbg] time to initialize opengl - 488
[06/08/2024 14:49:15.404] DEBUG: [SerialCommands.py->read_console_log()] [serial console] alogfrontend::readenvbeloglevel:invalid env value. fallback to def(debug2)
[06/08/2024 14:49:15.420] DEBUG: [SerialCommands.py->read_console_log()] [serial console] alogfrontend::readenvbeloglevel:invalid env value. fallback to def(debug2)
[06/08/2024 14:49:15.423] DEBUG: [SerialCommands.py->read_console_log()] [serial console] alogfrontend::readenvgloballoglevel:invalid env value. fallback to def(debug2)
[06/08/2024 14:49:15.485] DEBUG: [SerialCommands.py->read_console_log()] [serial console] loading strings "./data/assets/strings/values-en-rus/strings.xml"
[06/08/2024 14:49:15.532] DEBUG: [SerialCommands.py->read_console_log()] [serial console] [    6.930795]~dlt~733205~notice   ~logging (re-)enabled!
[06/08/2024 14:49:15.548] DEBUG: [SerialCommands.py->read_console_log()] [serial console] [    6.949461]~dlt~917600~notice   ~logging (re-)enabled!
[06/08/2024 14:49:15.551] DEBUG: [SerialCommands.py->read_console_log()] [serial console] [    6.952128]~dlt~122979~notice   ~logging (re-)enabled!
[06/08/2024 14:49:15.676] DEBUG: [SerialCommands.py->read_console_log()] [serial console] [    7.080958]~dlt~733226~notice   ~logging (re-)enabled!
[06/08/2024 14:49:15.730] DEBUG: [ssh_command.py->run_ssh_command()] Caught an exception while running SSH command "echo telnet_available". Retrying attempt 3 of 4
[06/08/2024 14:49:15.731] DEBUG: [testing_logs_utils.py->logged_sleep()] Sleeping for 4 seconds
[06/08/2024 14:49:15.756] DEBUG: [SerialCommands.py->read_console_log()] [serial console] [ramp][rtosappmain] slog2 info success
[06/08/2024 14:49:16.189] DEBUG: [SerialCommands.py->read_console_log()] [serial console] remote hmi - version 1.53.1
[06/08/2024 14:49:16.285] DEBUG: [SerialCommands.py->read_console_log()] [serial console] swdl_init:549 system banked to "a"
[06/08/2024 14:49:16.348] DEBUG: [SerialCommands.py->read_console_log()] [serial console] alogfrontend::readenvbeloglevel:invalid env value. fallback to def(debug2)
[06/08/2024 14:49:16.364] DEBUG: [SerialCommands.py->read_console_log()] [serial console] alogfrontend::readenvbeloglevel:invalid env value. fallback to def(debug2)
[06/08/2024 14:49:16.367] DEBUG: [SerialCommands.py->read_console_log()] [serial console] alogfrontend::readenvgloballoglevel:invalid env value. fallback to def(debug2)
[06/08/2024 14:49:16.406]  WARN: [ping_util.py->ping_thread_method()] VCU TCP Connection Is Down!
[06/08/2024 14:49:16.653] DEBUG: [SerialCommands.py->read_console_log()] [serial console] send injection message:
[06/08/2024 14:49:16.656] DEBUG: [SerialCommands.py->read_console_log()] [serial console] appid: dlt_
[06/08/2024 14:49:16.660] DEBUG: [SerialCommands.py->read_console_log()] [serial console] conid: core
[06/08/2024 14:49:16.663] DEBUG: [SerialCommands.py->read_console_log()] [serial console] serviceid: 4104
[06/08/2024 14:49:16.665] DEBUG: [SerialCommands.py->read_console_log()] [serial console] message: f1
[06/08/2024 14:49:16.668] DEBUG: [SerialCommands.py->read_console_log()] [serial console] size: 1
[06/08/2024 14:49:16.732] DEBUG: [SerialCommands.py->read_console_log()] [serial console] [altia dbg] time to initialize opengl - 552
[06/08/2024 14:49:16.878] DEBUG: [SerialCommands.py->read_console_log()] [serial console] exception - infinite loop of null transitions found
[06/08/2024 14:49:16.894] DEBUG: [SerialCommands.py->read_console_log()] [serial console] underflow in omreactive less then 0 null configs
[06/08/2024 14:49:16.901] DEBUG: [SerialCommands.py->read_console_log()] [serial console] exception - infinite loop of null transitions found
[06/08/2024 14:49:16.909] DEBUG: [SerialCommands.py->read_console_log()] [serial console] swdl_init:549 system banked to "a"
[06/08/2024 14:49:16.924] DEBUG: [SerialCommands.py->read_console_log()] [serial console] underflow in omreactive less then 0 null configs
[06/08/2024 14:49:16.956] DEBUG: [SerialCommands.py->read_console_log()] [serial console] [hvac_lib_logger_init] entering hvac_lib_logger_init
[06/08/2024 14:49:16.958] DEBUG: [SerialCommands.py->read_console_log()] [serial console] [hvac_lib_logger_init] flag checked
[06/08/2024 14:49:17.005] DEBUG: [SerialCommands.py->read_console_log()] [serial console] error: attempted to show invalid screen | dragselectionactivatescreen()
[06/08/2024 14:49:17.013] DEBUG: [SerialCommands.py->read_console_log()] [serial console] error: attempted to show invalid screen | dragselectionactivatescreen()
[06/08/2024 14:49:17.021] DEBUG: [SerialCommands.py->read_console_log()] [serial console] error: attempted to show invalid screen | dragselectionactivatescreen()
[06/08/2024 14:49:17.029] DEBUG: [SerialCommands.py->read_console_log()] [serial console] error: attempted to show invalid screen | dragselectionactivatescreen()
[06/08/2024 14:49:17.036] DEBUG: [SerialCommands.py->read_console_log()] [serial console] error: attempted to show invalid screen | dragselectionactivatescreen()
[06/08/2024 14:49:17.042] DEBUG: [SerialCommands.py->read_console_log()] [serial console] error: attempted to show invalid screen | dragselectionactivatescreen()
[06/08/2024 14:49:17.047] DEBUG: [SerialCommands.py->read_console_log()] [serial console] error: attempted to show invalid screen | dragselectionactivatescreen()
[06/08/2024 14:49:17.042] DEBUG: [VSPY_commands.py->check_db_signal_in_current_values()] Actual signal value [Run]. Check DB Signal SysPwrMode_Prtctd_PDU->SPMP_SysPwrModeAuth  with command: [db(db5494).sg(13).value?]
[06/08/2024 14:49:17.051] DEBUG: [SerialCommands.py->read_console_log()] [serial console] error: attempted to show invalid screen | dragselectionactivatescreen()
[06/08/2024 14:49:17.050] DEBUG: [VSPY_commands.py->check_db_signal_in_current_values()] Signal value [Run] found in expected values: ['Run', 'Propulsion']
[06/08/2024 14:49:17.057] DEBUG: [VSPY_commands.py->check_db_signal_in_current_values()] Actual signal value [AnimationInit]. Check DB Signal PDU_5062->InfoSysStat  with command: [db(db3324).sg(3).value?]
[06/08/2024 14:49:17.132] DEBUG: [SerialCommands.py->read_console_log()] [serial console] /dev/pmem/service.rvcvpe: operation not permitted
[06/08/2024 14:49:17.406]  WARN: [ping_util.py->ping_thread_method()] ACP3 TCP Connection Is Down!
[06/08/2024 14:49:17.549] DEBUG: [SerialCommands.py->read_console_log()] [serial console] inside rvc vpm system model21206
[06/08/2024 14:49:17.553] DEBUG: [SerialCommands.py->read_console_log()] [serial console] inside rvc vpm system model8
[06/08/2024 14:49:17.557] DEBUG: [SerialCommands.py->read_console_log()] [serial console] inside rvc vpm system model43
[06/08/2024 14:49:17.612] DEBUG: [SerialCommands.py->read_console_log()] [serial console] error: attempted to show invalid screen | dragselectionactivatescreen()
[06/08/2024 14:49:17.616] DEBUG: [SerialCommands.py->read_console_log()] [serial console] error: attempted to show invalid screen | dragselectionactivatescreen()
[06/08/2024 14:49:18.095] DEBUG: [SerialCommands.py->read_console_log()] [serial console] error: attempted to show invalid screen | dragselectionactivatescreen()
[06/08/2024 14:49:18.102] DEBUG: [SerialCommands.py->read_console_log()] [serial console] error: attempted to show invalid screen | dragselectionactivatescreen()
[06/08/2024 14:49:18.108] DEBUG: [SerialCommands.py->read_console_log()] [serial console] error: attempted to show invalid screen | dragselectionactivatescreen()
[06/08/2024 14:49:18.110] DEBUG: [SerialCommands.py->read_console_log()] [serial console] error: attempted to show invalid screen | dragselectionactivatescreen()
[06/08/2024 14:49:18.926] DEBUG: [SerialCommands.py->read_console_log()] [serial console] lcm_inc_dispatcher system state, current:2, previous:1
[06/08/2024 14:49:18.933] DEBUG: [SerialCommands.py->read_console_log()] [serial console] lcm_inc_dispatcher system state, current:susd_sys_state_hmiinit
[06/08/2024 14:49:18.938] DEBUG: [SerialCommands.py->read_console_log()] [serial console] inside rvc vpm system model15806
[06/08/2024 14:49:18.942] DEBUG: [SerialCommands.py->read_console_log()] [serial console] qqnxscreen::newwindowcreated : windowhandle =  0x31b7667aa0
[06/08/2024 14:49:18.946] DEBUG: [SerialCommands.py->read_console_log()] [serial console] qqnxscreen::newwindowcreated : zorder =  -2
[06/08/2024 14:49:18.948] DEBUG: [SerialCommands.py->read_console_log()] [serial console] qqnxscreen::newwindowcreated : windowname =  "qvm_window"
[06/08/2024 14:49:18.956] DEBUG: [SerialCommands.py->read_console_log()] [serial console] qqnxscreen::updatehierarchy:  m_customzorder =   0
[06/08/2024 14:49:18.958] DEBUG: [SerialCommands.py->read_console_log()] [serial console] qqnxscreen::updatehierarchy for underlay :  0x31b7667aa0 z-order =  -1
[06/08/2024 14:49:18.960] DEBUG: [SerialCommands.py->read_console_log()] [serial console] vinput: window position has been updated to: [5010,0]
[06/08/2024 14:49:18.972] DEBUG: [SerialCommands.py->read_console_log()] [serial console] vinput: window position has been updated to: [5010,0]
[06/08/2024 14:49:19.070] DEBUG: [SerialCommands.py->read_console_log()] [serial console] alogfrontend::readenvbeloglevel:invalid env value. fallback to def(debug2)
[06/08/2024 14:49:19.066] DEBUG: [VSPY_commands.py->check_db_signal_in_current_values()] Actual signal value [Run]. Check DB Signal SysPwrMode_Prtctd_PDU->SPMP_SysPwrModeAuth  with command: [db(db5494).sg(13).value?]
[06/08/2024 14:49:19.075] DEBUG: [VSPY_commands.py->check_db_signal_in_current_values()] Signal value [Run] found in expected values: ['Run', 'Propulsion']
[06/08/2024 14:49:19.086] DEBUG: [SerialCommands.py->read_console_log()] [serial console] alogfrontend::readenvbeloglevel:invalid env value. fallback to def(debug2)
[06/08/2024 14:49:19.090] DEBUG: [SerialCommands.py->read_console_log()] [serial console] alogfrontend::readenvgloballoglevel:invalid env value. fallback to def(debug2)
[06/08/2024 14:49:19.084] DEBUG: [VSPY_commands.py->check_db_signal_in_current_values()] Actual signal value [HMI_Init]. Check DB Signal PDU_5062->InfoSysStat  with command: [db(db3324).sg(3).value?]
[06/08/2024 14:49:19.100] DEBUG: [SerialCommands.py->read_console_log()] [serial console] error: attempted to show invalid screen | dragselectionactivatescreen()
[06/08/2024 14:49:19.102] DEBUG: [SerialCommands.py->read_console_log()] [serial console] error: attempted to show invalid screen | dragselectionactivatescreen()
[06/08/2024 14:49:19.279] DEBUG: [SerialCommands.py->read_console_log()] [serial console] error: attempted to show invalid screen | dragselectionactivatescreen()
[06/08/2024 14:49:19.287] DEBUG: [SerialCommands.py->read_console_log()] [serial console] error: attempted to show invalid screen | dragselectionactivatescreen()
[06/08/2024 14:49:19.292] DEBUG: [SerialCommands.py->read_console_log()] [serial console] error: attempted to show invalid screen | dragselectionactivatescreen()
[06/08/2024 14:49:19.295] DEBUG: [SerialCommands.py->read_console_log()] [serial console] error: attempted to show invalid screen | dragselectionactivatescreen()
[06/08/2024 14:49:19.308] DEBUG: [SerialCommands.py->read_console_log()] [serial console] error: attempted to show invalid screen | dragselectionactivatescreen()
[06/08/2024 14:49:19.310] DEBUG: [SerialCommands.py->read_console_log()] [serial console] error: attempted to show invalid screen | dragselectionactivatescreen()
[06/08/2024 14:49:19.312] DEBUG: [SerialCommands.py->read_console_log()] [serial console] error: attempted to show invalid screen | dragselectionactivatescreen()
[06/08/2024 14:49:19.324] DEBUG: [SerialCommands.py->read_console_log()] [serial console] error: attempted to show invalid screen | dragselectionactivatescreen()
[06/08/2024 14:49:19.327] DEBUG: [SerialCommands.py->read_console_log()] [serial console] error: attempted to show invalid screen | dragselectionactivatescreen()
[06/08/2024 14:49:19.341] DEBUG: [SerialCommands.py->read_console_log()] [serial console] error: attempted to show invalid screen | dragselectionactivatescreen()
[06/08/2024 14:49:19.347] DEBUG: [SerialCommands.py->read_console_log()] [serial console] error: attempted to show invalid screen | dragselectionactivatescreen()
[06/08/2024 14:49:19.356] DEBUG: [SerialCommands.py->read_console_log()] [serial console] error: attempted to show invalid screen | dragselectionactivatescreen()
[06/08/2024 14:49:19.362] DEBUG: [SerialCommands.py->read_console_log()] [serial console] error: attempted to show invalid screen | dragselectionactivatescreen()
[06/08/2024 14:49:19.367] DEBUG: [SerialCommands.py->read_console_log()] [serial console] error: attempted to show invalid screen | dragselectionactivatescreen()
[06/08/2024 14:49:19.372] DEBUG: [SerialCommands.py->read_console_log()] [serial console] error: attempted to show invalid screen | dragselectionactivatescreen()
[06/08/2024 14:49:19.376] DEBUG: [SerialCommands.py->read_console_log()] [serial console] error: attempted to show invalid screen | dragselectionactivatescreen()
[06/08/2024 14:49:19.389] DEBUG: [SerialCommands.py->read_console_log()] [serial console] error: attempted to show invalid screen | dragselectionactivatescreen()
[06/08/2024 14:49:19.396] DEBUG: [SerialCommands.py->read_console_log()] [serial console] error: attempted to show invalid screen | dragselectionactivatescreen()
[06/08/2024 14:49:19.455] DEBUG: [SerialCommands.py->read_console_log()] [serial console] error: attempted to show invalid screen | dragselectionactivatescreen()
[06/08/2024 14:49:19.470] DEBUG: [SerialCommands.py->read_console_log()] [serial console] error: attempted to show invalid screen | dragselectionactivatescreen()
[06/08/2024 14:49:19.477] DEBUG: [SerialCommands.py->read_console_log()] [serial console] error: attempted to show invalid screen | dragselectionactivatescreen()
[06/08/2024 14:49:19.484] DEBUG: [SerialCommands.py->read_console_log()] [serial console] error: attempted to show invalid screen | dragselectionactivatescreen()
[06/08/2024 14:49:19.489] DEBUG: [SerialCommands.py->read_console_log()] [serial console] error: attempted to show invalid screen | dragselectionactivatescreen()
[06/08/2024 14:49:19.493] DEBUG: [SerialCommands.py->read_console_log()] [serial console] error: attempted to show invalid screen | dragselectionactivatescreen()
[06/08/2024 14:49:19.734] DEBUG: [testing_logs_utils.py->logged_sleep()] Done sleeping
[06/08/2024 14:49:20.412] DEBUG: [SerialCommands.py->read_console_log()] [serial console] lcm_inc_dispatcher system state, current:5, previous:2
[06/08/2024 14:49:20.414] DEBUG: [SerialCommands.py->read_console_log()] [serial console] lcm_inc_dispatcher system state, current:susd_sys_state_run
[06/08/2024 14:49:20.428] DEBUG: [SerialCommands.py->read_console_log()] [serial console] inside rvc vpm system model15803
[06/08/2024 14:49:21.094] DEBUG: [VSPY_commands.py->check_db_signal_in_current_values()] Actual signal value [Run]. Check DB Signal SysPwrMode_Prtctd_PDU->SPMP_SysPwrModeAuth  with command: [db(db5494).sg(13).value?]
[06/08/2024 14:49:21.103] DEBUG: [VSPY_commands.py->check_db_signal_in_current_values()] Signal value [Run] found in expected values: ['Run', 'Propulsion']
[06/08/2024 14:49:21.112] DEBUG: [VSPY_commands.py->check_db_signal_in_current_values()] Actual signal value [Run]. Check DB Signal PDU_5062->InfoSysStat  with command: [db(db3324).sg(3).value?]
[06/08/2024 14:49:21.117] DEBUG: [VSPY_commands.py->check_db_signal_in_current_values()] Signal value [Run] found in expected values: ['Run', 'Propulsion']
[06/08/2024 14:49:21.122] DEBUG: [Utils.py->run_action_multiple_times()] Run action name: is_system_in_run_or_propulsion_mode({'self': <Utils.Test_Equipment.VehicleManagerController.VehicleControllerFullBench.VehicleControllerFullBench object at 0x000001CC48897E90>}). Number of retries : 5 .Total time of [10] seconds.
[06/08/2024 14:49:21.126] DEBUG: [VehicleControllerFullBench.py->reset_system()] End - Resets Full Bench.Return value True
[06/08/2024 14:49:21.129]  INFO: [LowLevelTest.py->get_and_print_progress_report()] -------------------Cold Boot Test Progress Report-------------------
[06/08/2024 14:49:21.133]  INFO: [LowLevelTest.py->get_and_print_progress_report()]
Executed iterations: 4
Passed iterations: 1
Failed iterations: 3
Did Not Run: -4

Setting artifact directory to D:\projects\vvi-automation\VPM_Automation_Logs\test_cold_boot_park_vcu_m_AVVP171263-30771
[06/08/2024 14:49:21.137]  INFO: [LowLevelTest.py->init_iteration()] Starting Iteration 5 of 5
Setting artifact directory to D:\projects\vvi-automation\VPM_Automation_Logs\test_cold_boot_park_vcu_m_AVVP171263-30771\iteration_5
Setting artifact directory to D:\projects\vvi-automation\VPM_Automation_Logs\test_cold_boot_park_vcu_m_AVVP171263-30771\iteration_5\expected_views
[06/08/2024 14:49:21.141]  INFO: [ColdBootVcum.py->perform_iteration()] Changing gear to Park at the start of the test
[06/08/2024 14:49:21.146]  INFO: [VSPY_commands.py->send_function_block()] Sending function block for [PARK] via VSPY
[06/08/2024 14:49:21.151] DEBUG: [VSPY_commands.py->get_function_block()] Get function block for [PARK].Command value is [fb(tst0).start]
[06/08/2024 14:49:21.196] DEBUG: [SerialCommands.py->read_console_log()] [serial console] inside rvc vpm system model21217
[06/08/2024 14:49:21.358] DEBUG: [VSPY_commands.py->check_db_signal()] Check DB Signal [SrlDat6_Prtctd_PDU->VMMP_VehMtnMvmtStatAuth] matches value: [Parked] with command: [db(db5466).sg(8).value?]
[06/08/2024 14:49:21.404]  WARN: [ping_util.py->ping_thread_method()] VCU TCP Connection Is Down!
[06/08/2024 14:49:21.565] DEBUG: [testing_logs_utils.py->logged_sleep()] Sleeping for 3 seconds
[06/08/2024 14:49:21.725] DEBUG: [SerialCommands.py->read_console_log()] [serial console] swdl_init:549 system banked to "a"
[06/08/2024 14:49:24.365] DEBUG: [SerialCommands.py->read_console_log()] [serial console] [   15.756957]~dlt~483495~info     ~control message forwarded : dlt_service_id_set_all_log_level
[06/08/2024 14:49:24.372] DEBUG: [SerialCommands.py->read_console_log()] [serial console] [   15.757459]~dlt~483495~info     ~control message forwarded : dlt_service_id_store_config
[06/08/2024 14:49:24.570] DEBUG: [testing_logs_utils.py->logged_sleep()] Done sleeping
[06/08/2024 14:49:24.574] DEBUG: [CoreDumpEvent.py->is_set()] Check if VPE core dump in process
[06/08/2024 14:49:24.578] DEBUG: [hmi_verify.py->generate_qnx_screenshot_command()] Creating QNX screenshot command
[06/08/2024 14:49:24.582] DEBUG: [hmi_verify.py->qnx_screenshot()] Taking QNX screenshot
[06/08/2024 14:49:24.587] DEBUG: [qnx_commands.py->run_qnx_command()] Trying to run: "rm /var/data//screenshot.bmp" on VCU
[06/08/2024 14:49:24.739] DEBUG: [ssh_command.py->run_ssh_command()] Caught an exception while running SSH command "echo telnet_available". Retrying attempt 4 of 4
[06/08/2024 14:49:24.743] DEBUG: [testing_logs_utils.py->logged_sleep()] Sleeping for 4 seconds
[06/08/2024 14:49:25.427] DEBUG: [ssh_command.py->__run_ssh_command_core()] New Connection has been created to 172.16.4.101
[06/08/2024 14:49:25.713] DEBUG: [qnx_commands.py->run_qnx_command()] Trying to run: "screenshot -size=2000x1200 -pos=6230,1 -file=/var/data//screenshot.bmp -display=1" on VCU
[06/08/2024 14:49:26.410]  WARN: [ping_util.py->ping_thread_method()] VCU TCP Connection Is Down!
[06/08/2024 14:49:28.747] DEBUG: [testing_logs_utils.py->logged_sleep()] Done sleeping
[06/08/2024 14:49:28.748]  WARN: [ssh_command.py->run_ssh_command()] All attempts failed while running SSH command "echo telnet_available" on 172.16.4.101. device is down or unreachable for at least 0 sec.
[06/08/2024 14:49:28.749]  WARN: [qnx_commands.py->check_qnx_available()] QNX connection to [VCU] is not Available.
[06/08/2024 14:49:28.750] DEBUG: [qnx_commands.py->run_qnx_command()] Trying to run: "echo telnet_available" on VCU
[06/08/2024 14:49:29.568] DEBUG: [qnx_commands.py->run_qnx_command()] SystemType.VCU shell command returned: telnet_available
[06/08/2024 14:49:29.574]  INFO: [qnx_commands.py->check_qnx_available()] QNX connection [VCU] is Available.
[06/08/2024 14:49:29.577]  INFO: [dlt_ongoing_collector.py->__fetch_logs()] fetching new dlt logs
[06/08/2024 14:49:29.581] DEBUG: [qnx_commands.py->run_qnx_command()] Trying to run: "ls /var/log/dlt_raw | grep .dlt" on VCU
[06/08/2024 14:49:29.996] DEBUG: [qnx_commands.py->run_qnx_command()] SystemType.VCU shell command returned: Audio.251.dlt
CriticalSoc.190.dlt
Soc.092.dlt
Soc.093.dlt
Vip.131.dlt
parse_dlt.sh
[06/08/2024 14:49:30.000]  INFO: [dlt_ongoing_collector.py->backup_ongoing_dlt_logs_thread()] About to backup: [{'Soc.092.dlt'}]
[06/08/2024 14:49:32.025]  INFO: [dlt_ongoing_collector.py->_backup_dlt_files()] finished backup: [Soc.092.dlt]
[06/08/2024 14:49:32.129] DEBUG: [hmi_verify.py->_copy_screenshot_from_dut()] Copied screenshot from DUT path: /var/data//screenshot.bmp to Host path: D:\projects\vvi-automation\VPM_Automation_Logs\test_cold_boot_park_vcu_m_AVVP171263-30771\iteration_5\expected_views\screenshot.bmp
[06/08/2024 14:49:32.133] DEBUG: [hmi_verify.py->_rename_screenshot()] Trying to rename screenshot
[06/08/2024 14:49:32.150] DEBUG: [hmi_verify.py->_convert_screenshot()] Trying to convert D:\projects\vvi-automation\VPM_Automation_Logs\test_cold_boot_park_vcu_m_AVVP171263-30771\iteration_5\expected_views\expected_android_after_park.bmp to png
[06/08/2024 14:49:32.998] DEBUG: [hmi_verify.py->_convert_screenshot()] Converted D:\projects\vvi-automation\VPM_Automation_Logs\test_cold_boot_park_vcu_m_AVVP171263-30771\iteration_5\expected_views\expected_android_after_park.bmp to D:\projects\vvi-automation\VPM_Automation_Logs\test_cold_boot_park_vcu_m_AVVP171263-30771\iteration_5\expected_views\expected_android_after_park.png
[06/08/2024 14:49:33.004] DEBUG: [hmi_verify.py->_rename_screenshot()] Copied screenshot from D:\projects\vvi-automation\VPM_Automation_Logs\test_cold_boot_park_vcu_m_AVVP171263-30771\iteration_5\expected_views\screenshot.bmp to D:\projects\vvi-automation\VPM_Automation_Logs\test_cold_boot_park_vcu_m_AVVP171263-30771\iteration_5\expected_views\expected_android_after_park.png
[06/08/2024 14:49:33.118] DEBUG: [hmi_verify.py->verify_video_off()] Video is on, markers found: {20}
[06/08/2024 14:49:33.322]  FAIL: [Scenario.py->fail_iteration()] Iteration 5 Failed.
NoneType: None
[06/08/2024 14:49:33.327]  FAIL: [Scenario.py->fail_iteration()] Unable to verify video off after park
NoneType: None
Setting artifact directory to D:\projects\vvi-automation\VPM_Automation_Logs\test_cold_boot_park_vcu_m_AVVP171263-30771\iteration_5
[06/08/2024 14:49:33.333]  INFO: [IterationActions.py->extract_data_after_iteration()] Extracting data after iteration
[06/08/2024 14:49:33.338] DEBUG: [DutLogsHandler.py->export_all_log_files()] Exporting log files
Setting artifact directory to D:\projects\vvi-automation\VPM_Automation_Logs\test_cold_boot_park_vcu_m_AVVP171263-30771\iteration_5\Logs
[06/08/2024 14:49:33.342] DEBUG: [qnx_commands.py->run_qnx_command()] Trying to run: "ls /var/log/dlt_raw" on VCU
[06/08/2024 14:49:33.578] DEBUG: [qnx_commands.py->run_qnx_command()] SystemType.VCU shell command returned: Audio.251.dlt
CriticalSoc.190.dlt
PARSE_RAW_DLT.README
Soc.092.dlt
Soc.093.dlt
Vip.131.dlt
dlt_logstorage.conf
parse_dlt.sh
[06/08/2024 14:49:33.583] DEBUG: [qnx_commands.py->run_qnx_command()] Trying to run: "ls /var/log/dlt_raw | wc -l" on VCU
[06/08/2024 14:49:34.039] DEBUG: [qnx_commands.py->run_qnx_command()] SystemType.VCU shell command returned: 8
[06/08/2024 14:49:34.051] DEBUG: [DLTFilesCollector.py->_collect_dlt_from_dut()] Exporting dlt files from VCU on IP [172.16.4.101] to directory [D:\projects\vvi-automation\VPM_Automation_Logs\test_cold_boot_park_vcu_m_AVVP171263-30771\iteration_5\Logs]
[06/08/2024 14:49:34.063] DEBUG: [qnx_commands.py->run_qnx_command()] Trying to run: "ls /var/log/dlt_raw/*" on VCU
[06/08/2024 14:49:34.359] DEBUG: [qnx_commands.py->run_qnx_command()] SystemType.VCU shell command returned: /var/log/dlt_raw/Audio.251.dlt
/var/log/dlt_raw/CriticalSoc.190.dlt
/var/log/dlt_raw/PARSE_RAW_DLT.README
/var/log/dlt_raw/Soc.092.dlt
/var/log/dlt_raw/Soc.093.dlt
/var/log/dlt_raw/Vip.131.dlt
/var/log/dlt_raw/dlt_logstorage.conf
/var/log/dlt_raw/parse_dlt.sh
[06/08/2024 14:49:34.373] DEBUG: [qnx_commands.py->run_qnx_command()] Trying to run: "tar -czvf /var/data/VCU_dlt_files_20240806144934.tgz /var/log/dlt_raw/Soc*.dlt /var/log/dlt_raw/CriticalSoc*.dlt /var/log/dlt_raw/Vip*.dlt" on VCU
[06/08/2024 14:49:36.637] DEBUG: [qnx_commands.py->run_qnx_command()] SystemType.VCU shell command returned: tar: Removing leading '/' from member names
a var/log/dlt_raw/Soc.092.dlt
a var/log/dlt_raw/Soc.093.dlt
a var/log/dlt_raw/CriticalSoc.190.dlt
a var/log/dlt_raw/Vip.131.dlt
[06/08/2024 14:49:37.875] DEBUG: [qnx_commands.py->run_qnx_command()] Trying to run: "rm /var/data/*_dlt_files_*.tgz" on VCU
[06/08/2024 14:49:38.021] DEBUG: [DLTFilesCollector.py->collect_and_remove_dlt_files()] Collect dlt files done!
[06/08/2024 14:49:38.025] DEBUG: [DLTFilesCollector.py->collect_and_remove_dlt_files()] remove the dlt file from the device
[06/08/2024 14:49:38.029] DEBUG: [DLTFilesCollector.py->_remove_dlt_files_from_dut()] Delete all files in /var/log/dlt
[06/08/2024 14:49:38.034] DEBUG: [qnx_commands.py->run_qnx_command()] Trying to run: "ls /var/log/dlt" on VCU
[06/08/2024 14:49:38.429] DEBUG: [qnx_commands.py->run_qnx_command()] SystemType.VCU shell command returned: Soc.086.dlt.2024-08-06_12-27-10.log
Soc.087.dlt.2024-08-06_12-28-18.log
Soc.088.dlt.2024-08-06_12-29-17.log
Soc.089.dlt.2024-08-06_12-30-01.log
Soc.090.dlt.2024-08-06_12-34-48.log
[06/08/2024 14:49:38.444] DEBUG: [qnx_commands.py->run_qnx_command()] Trying to run: "ls /var/log/dlt | wc -l" on VCU
[06/08/2024 14:49:38.678] DEBUG: [qnx_commands.py->run_qnx_command()] SystemType.VCU shell command returned: 5
[06/08/2024 14:49:38.693] DEBUG: [qnx_commands.py->run_qnx_command()] Trying to run: "ls /var/log/dlt/Soc.*.dlt" on VCU
[06/08/2024 14:49:39.076] DEBUG: [qnx_commands.py->run_qnx_command()] SystemType.VCU shell command returned: ls: No such file or directory (/var/log/dlt/Soc.*.dlt)
[06/08/2024 14:49:39.080] DEBUG: [qnx_commands.py->run_qnx_command()] Trying to run: "ls /var/log/dlt/Vip.*.dlt" on VCU
[06/08/2024 14:49:39.425] DEBUG: [qnx_commands.py->run_qnx_command()] SystemType.VCU shell command returned: ls: No such file or directory (/var/log/dlt/Vip.*.dlt)
[06/08/2024 14:49:39.429] DEBUG: [qnx_commands.py->run_qnx_command()] Trying to run: "ls /var/log/dlt/CriticalSoc.*.dlt" on VCU
[06/08/2024 14:49:39.913] DEBUG: [qnx_commands.py->run_qnx_command()] SystemType.VCU shell command returned: ls: No such file or directory (/var/log/dlt/CriticalSoc.*.dlt)
[06/08/2024 14:49:39.922] DEBUG: [qnx_commands.py->run_qnx_command()] Trying to run: "ls /var/log/dlt/Audio.*.dlt" on VCU
[06/08/2024 14:49:40.274] DEBUG: [qnx_commands.py->run_qnx_command()] SystemType.VCU shell command returned: ls: No such file or directory (/var/log/dlt/Audio.*.dlt)
[06/08/2024 14:49:40.289] DEBUG: [DLTFilesCollector.py->_remove_dlt_files_from_dut()] the list of files to delete after sorting and remove the latest from each group: []
[06/08/2024 14:49:40.298] DEBUG: [qnx_commands.py->run_qnx_command()] Trying to run: "rm -r " on VCU
[06/08/2024 14:49:40.628] DEBUG: [qnx_commands.py->run_qnx_command()] SystemType.VCU shell command returned: rm: Must specify file[s] for removal.
[06/08/2024 14:49:40.642] DEBUG: [DLTFilesCollector.py->_remove_dlt_files_from_dut()] Delete all files in /var/log/dlt_raw
[06/08/2024 14:49:40.652] DEBUG: [qnx_commands.py->run_qnx_command()] Trying to run: "ls /var/log/dlt_raw" on VCU
[06/08/2024 14:49:40.955] DEBUG: [qnx_commands.py->run_qnx_command()] SystemType.VCU shell command returned: Audio.251.dlt
CriticalSoc.190.dlt
PARSE_RAW_DLT.README
Soc.092.dlt
Soc.093.dlt
Soc.094.dlt
Vip.131.dlt
dlt_logstorage.conf
parse_dlt.sh
[06/08/2024 14:49:40.971] DEBUG: [qnx_commands.py->run_qnx_command()] Trying to run: "ls /var/log/dlt_raw | wc -l" on VCU
[06/08/2024 14:49:41.309] DEBUG: [qnx_commands.py->run_qnx_command()] SystemType.VCU shell command returned: 9
[06/08/2024 14:49:41.314] DEBUG: [qnx_commands.py->run_qnx_command()] Trying to run: "ls /var/log/dlt_raw/Soc.*.dlt" on VCU
[06/08/2024 14:49:41.556] DEBUG: [qnx_commands.py->run_qnx_command()] SystemType.VCU shell command returned: /var/log/dlt_raw/Soc.092.dlt
/var/log/dlt_raw/Soc.093.dlt
/var/log/dlt_raw/Soc.094.dlt
[06/08/2024 14:49:41.565] DEBUG: [qnx_commands.py->run_qnx_command()] Trying to run: "ls /var/log/dlt_raw/Vip.*.dlt" on VCU
[06/08/2024 14:49:41.833] DEBUG: [qnx_commands.py->run_qnx_command()] SystemType.VCU shell command returned: /var/log/dlt_raw/Vip.131.dlt
[06/08/2024 14:49:41.841] DEBUG: [qnx_commands.py->run_qnx_command()] Trying to run: "ls /var/log/dlt_raw/CriticalSoc.*.dlt" on VCU
[06/08/2024 14:49:42.200] DEBUG: [qnx_commands.py->run_qnx_command()] SystemType.VCU shell command returned: /var/log/dlt_raw/CriticalSoc.190.dlt
[06/08/2024 14:49:42.212] DEBUG: [qnx_commands.py->run_qnx_command()] Trying to run: "ls /var/log/dlt_raw/Audio.*.dlt" on VCU
[06/08/2024 14:49:42.439] DEBUG: [qnx_commands.py->run_qnx_command()] SystemType.VCU shell command returned: /var/log/dlt_raw/Audio.251.dlt
[06/08/2024 14:49:42.449] DEBUG: [DLTFilesCollector.py->_remove_dlt_files_from_dut()] the list of files to delete after sorting and remove the latest from each group: ['/var/log/dlt_raw/Soc.092.dlt', '/var/log/dlt_raw/Soc.093.dlt']
[06/08/2024 14:49:42.456] DEBUG: [qnx_commands.py->run_qnx_command()] Trying to run: "rm -r /var/log/dlt_raw/Soc.092.dlt /var/log/dlt_raw/Soc.093.dlt" on VCU
[06/08/2024 14:49:42.745] DEBUG: [DLTFilesCollector.py->collect_and_remove_dlt_files()] Delete dlt files done!
[06/08/2024 14:49:42.757] DEBUG: [DebugInfo.py->collect_bmetrics_log()] collect the bmetrics log file to D:\projects\vvi-automation\VPM_Automation_Logs\test_cold_boot_park_vcu_m_AVVP171263-30771\iteration_5\Logs...
[06/08/2024 14:49:42.767] DEBUG: [qnx_commands.py->run_qnx_command()] Trying to run: "cat /dev/bmetrics > /var/log/bmetrics.log" on VCU
[06/08/2024 14:49:43.020] DEBUG: [DebugInfo.py->collect_bmetrics_log()] bmetrics:

[06/08/2024 14:49:43.243] DEBUG: [qnx_commands.py->run_qnx_command()] Trying to run: "pidin -p RtosAppMain -f a | grep -v pid" on VCU
[06/08/2024 14:49:44.072] DEBUG: [qnx_commands.py->run_qnx_command()] Trying to run: "pidin -p service_vpe -f a | grep -v pid" on ACP3
[06/08/2024 14:49:44.135] DEBUG: [DebugInfo.py->collect_slog2info_log()] collect Slog2info log file to D:\projects\vvi-automation\VPM_Automation_Logs\test_cold_boot_park_vcu_m_AVVP171263-30771\iteration_5\Logs...
[06/08/2024 14:49:44.140] DEBUG: [qnx_commands.py->run_qnx_command()] Trying to run: "slog2info > /tmp/slog2info.log" on VCU
[06/08/2024 14:49:44.328] DEBUG: [ssh_command.py->__run_ssh_command_core()] New Connection has been created to 172.16.1.246
[06/08/2024 14:49:44.477] DEBUG: [qnx_commands.py->run_qnx_command()] SystemType.ACP3 shell command returned: 946237
[06/08/2024 14:49:44.482] DEBUG: [vpe_service_monitor.py->monitor_pid_change()] VPE PID was None and now is 946237
[06/08/2024 14:49:44.485] DEBUG: [qnx_commands.py->run_qnx_command()] Trying to run: "pidin threads > /var/log/vpe/pidin_threads_946237.txt" on ACP3
[06/08/2024 14:49:46.157] DEBUG: [qnx_commands.py->run_qnx_command()] SystemType.VCU shell command returned: 1134701
[06/08/2024 14:49:46.161]  WARN: [hmi_service_monitor.py->monitor_pid_change()] HMI PID had Changed from None to 1134701
[06/08/2024 14:49:46.164]  INFO: [hmi_service_monitor.py->monitor_pid_change()] HMI PID Changed counter: 11
[06/08/2024 14:49:47.050] DEBUG: [SerialCommands.py->read_console_log()] [serial console] exception - infinite loop of null transitions found
[06/08/2024 14:49:48.016] DEBUG: [qnx_commands.py->run_qnx_command()] Trying to run: "slog2info -c" on VCU
[06/08/2024 14:49:48.728] DEBUG: [DebugInfo.py->collect_slog2info_log()] Slog2info:

[06/08/2024 14:49:49.372] DEBUG: [SerialCommands.py->read_console_log()] [serial console] underflow in omreactive less then 0 null configs
[06/08/2024 14:49:49.378] DEBUG: [SerialCommands.py->read_console_log()] [serial console] exception - infinite loop of null transitions found
[06/08/2024 14:49:49.383] DEBUG: [SerialCommands.py->read_console_log()] [serial console] plc state changed from 2 to 4
[06/08/2024 14:49:53.001] DEBUG: [file_transfer_wrapper.py->copy_files_from_host()] /var/log/vpe/rvc_service.log not exist, skip!
[06/08/2024 14:49:53.013] DEBUG: [qnx_commands.py->run_qnx_command()] Trying to run: "ls /var/log/vpe/rvc_service.log" on VCU
[06/08/2024 14:49:53.150] DEBUG: [qnx_commands.py->run_qnx_command()] SystemType.VCU shell command returned: ls: No such file or directory (/var/log/vpe/rvc_service.log)
[06/08/2024 14:49:53.154] DEBUG: [qnx_commands.py->run_qnx_command()] Trying to run: "tar -czvf /var/data/uc_logs.tgz /var/uc_logs*/* /var/uclogs*/*" on VCU
[06/08/2024 14:49:53.752] DEBUG: [qnx_commands.py->run_qnx_command()] SystemType.VCU shell command returned: tar: /var/uc_logs*/*: Cannot stat: No such file or directory
tar: /var/uclogs*/*: Cannot stat: No such file or directory
tar: Error exit delayed from previous errors.
[06/08/2024 14:49:53.756] DEBUG: [DutLogsHandler.py->tar_files()] Log files zip command output: tar: /var/uc_logs*/*: Cannot stat: No such file or directory
tar: /var/uclogs*/*: Cannot stat: No such file or directory
tar: Error exit delayed from previous errors.
[06/08/2024 14:49:54.086] DEBUG: [file_transfer_wrapper.py->copy_files_from_host()] /var/data/uc_logs.tgz not exist, skip!
[06/08/2024 14:49:54.091] DEBUG: [qnx_commands.py->run_qnx_command()] Trying to run: "rm /var/data/uc_logs.tgz" on VCU
[06/08/2024 14:49:54.259] DEBUG: [qnx_commands.py->run_qnx_command()] Trying to run: "ls /var/uc_logs*/* /var/uclogs*/*" on ACP3
[06/08/2024 14:49:54.375] DEBUG: [qnx_commands.py->run_qnx_command()] SystemType.ACP3 shell command returned: /var/uc_logs/1_Current_Logs
/var/uc_logs/2021-06-01_00-00-02_ShmemKiller_790560.txt
/var/uc_logs/2021-06-01_00-00-03_CameraDriver_946229.txt
/var/uc_logs/2021-06-01_00-00-03_PubSubManager_913460.txt
/var/uc_logs/2021-06-01_00-00-03_early_rvc_790567.txt
/var/uc_logs/2021-06-01_00-00-06_Acp3S2SGW_1343573.txt
/var/uc_logs/2021-06-01_00-00-06_LogTimeSynchronizer_1294419.txt
/var/uc_logs/2021-06-01_00-00-06_service_vpe_946237.txt
/var/uc_logs/2021-06-01_00-00-11_SNSDiagnosticsCameraDMS_1392727.txt
/var/uc_logs/2021-06-01_00-00-11_isp_1392735.txt
/var/uc_logs/2021-06-01_00-00-11_mlt_main_acp3_1392733.txt
/var/uc_logs/2021-06-01_00-00-11_mot_main_1392731.txt
/var/uc_logs/2021-06-01_00-00-11_perception_events_daemon_1392732.txt
/var/uc_logs/2021-06-01_00-00-11_shadow_app_main_1392734.txt
/var/uc_logs/2021-06-01_00-00-12_SNSDiagnosticsCameraMirrorRight_1392714.txt
/var/uc_logs/2021-06-01_00-00-12_SNSDiagnosticsDMSEmitter_1421414.txt
/var/uc_logs/2021-06-01_00-00-12_detector_rear_short_range_1392730.txt
/var/uc_logs/2021-06-01_00-00-13_SNSDiagnosticsCameraMirrorLeft_1392723.txt
/var/uc_logs/2021-06-01_00-00-13_SNSDiagnosticsSensingXID_1392726.txt
/var/uc_logs/2021-06-01_00-00-14_SNSDiagnosticsCameraGrillFront_1392728.txt
/var/uc_logs/2021-06-01_00-00-14_SNSDiagnosticsCameraLiftGate_1392729.txt
/var/uc_logs/2021-06-01_00-00-15_detector_sides_short_range_1474661.txt
/var/uc_logs/2021-06-01_00-00-20_detector_front_short_range_1495147.txt
/var/uc_logs/2021-06-01_00-00-22_DcuManager_1515630.txt
/var/uc_logs/2021-06-01_00-00-22_PlatformApiAdapter_1515628.txt
/var/uc_logs/2021-06-01_00-00-22_TimeSynchronizer_1515629.txt
/var/uc_logs/2021-06-01_00-00-23_alignCamera2Ground_1515631.txt
/var/uc_logsA/2021-06-01_00-00-02_ShmemKiller_790560.txt
/var/uc_logsA/2021-06-01_00-00-03_CameraDriver_946229.txt
/var/uc_logsA/2021-06-01_00-00-03_PubSubManager_901172.txt
/var/uc_logsA/2021-06-01_00-00-03_early_rvc_790576.txt
/var/uc_logsA/2021-06-01_00-00-06_service_vpe_946237.txt
/var/uc_logsA/2021-06-01_00-00-07_Acp3S2SGW_1343573.txt
/var/uc_logsA/2021-06-01_00-00-07_LogTimeSynchronizer_1343572.txt
/var/uc_logsA/2021-06-01_00-00-11_SNSDiagnosticsCameraDMS_1351767.txt
/var/uc_logsA/2021-06-01_00-00-11_isp_1351775.txt
/var/uc_logsA/2021-06-01_00-00-11_mlt_main_acp3_1351773.txt
/var/uc_logsA/2021-06-01_00-00-11_mot_main_1351771.txt
/var/uc_logsA/2021-06-01_00-00-11_perception_events_daemon_1351772.txt
/var/uc_logsA/2021-06-01_00-00-11_shadow_app_main_1351774.txt
/var/uc_logsA/2021-06-01_00-00-12_SNSDiagnosticsCameraMirrorRight_1351752.txt
/var/uc_logsA/2021-06-01_00-00-12_SNSDiagnosticsDMSEmitter_1413220.txt
/var/uc_logsA/2021-06-01_00-00-12_detector_rear_short_range_1351770.txt
/var/uc_logsA/2021-06-01_00-00-13_SNSDiagnosticsCameraMirrorLeft_1351764.txt
/var/uc_logsA/2021-06-01_00-00-13_SNSDiagnosticsSensingXID_1351766.txt
/var/uc_logsA/2021-06-01_00-00-14_SNSDiagnosticsCameraGrillFront_1351768.txt
/var/uc_logsA/2021-06-01_00-00-14_SNSDiagnosticsCameraLiftGate_1351769.txt
/var/uc_logsA/2021-06-01_00-00-15_detector_sides_short_range_1478759.txt
/var/uc_logsA/2021-06-01_00-00-20_detector_front_short_range_1499244.txt
/var/uc_logsA/2021-06-01_00-00-22_DcuManager_1519727.txt
/var/uc_logsA/2021-06-01_00-00-22_PlatformApiAdapter_1519725.txt
/var/uc_logsA/2021-06-01_00-00-22_TimeSynchronizer_1519726.txt
/var/uc_logsA/2021-06-01_00-00-23_alignCamera2Ground_1519728.txt
/var/uc_logsB/1_Current_Logs
/var/uc_logsB/2021-06-01_00-00-02_ShmemKiller_790560.txt
/var/uc_logsB/2021-06-01_00-00-03_CameraDriver_946229.txt
/var/uc_logsB/2021-06-01_00-00-03_PubSubManager_913460.txt
/var/uc_logsB/2021-06-01_00-00-03_early_rvc_790567.txt
/var/uc_logsB/2021-06-01_00-00-06_Acp3S2SGW_1343573.txt
/var/uc_logsB/2021-06-01_00-00-06_LogTimeSynchronizer_1294419.txt
/var/uc_logsB/2021-06-01_00-00-06_service_vpe_946237.txt
/var/uc_logsB/2021-06-01_00-00-11_SNSDiagnosticsCameraDMS_1392727.txt
/var/uc_logsB/2021-06-01_00-00-11_isp_1392735.txt
/var/uc_logsB/2021-06-01_00-00-11_mlt_main_acp3_1392733.txt
/var/uc_logsB/2021-06-01_00-00-11_mot_main_1392731.txt
/var/uc_logsB/2021-06-01_00-00-11_perception_events_daemon_1392732.txt
/var/uc_logsB/2021-06-01_00-00-11_shadow_app_main_1392734.txt
/var/uc_logsB/2021-06-01_00-00-12_SNSDiagnosticsCameraMirrorRight_1392714.txt
/var/uc_logsB/2021-06-01_00-00-12_SNSDiagnosticsDMSEmitter_1421414.txt
/var/uc_logsB/2021-06-01_00-00-12_detector_rear_short_range_1392730.txt
/var/uc_logsB/2021-06-01_00-00-13_SNSDiagnosticsCameraMirrorLeft_1392723.txt
/var/uc_logsB/2021-06-01_00-00-13_SNSDiagnosticsSensingXID_1392726.txt
/var/uc_logsB/2021-06-01_00-00-14_SNSDiagnosticsCameraGrillFront_1392728.txt
/var/uc_logsB/2021-06-01_00-00-14_SNSDiagnosticsCameraLiftGate_1392729.txt
/var/uc_logsB/2021-06-01_00-00-15_detector_sides_short_range_1474661.txt
/var/uc_logsB/2021-06-01_00-00-20_detector_front_short_range_1495147.txt
/var/uc_logsB/2021-06-01_00-00-22_DcuManager_1515630.txt
/var/uc_logsB/2021-06-01_00-00-22_PlatformApiAdapter_1515628.txt
/var/uc_logsB/2021-06-01_00-00-22_TimeSynchronizer_1515629.txt
/var/uc_logsB/2021-06-01_00-00-23_alignCamera2Ground_1515631.txt
/var/uclogs/1_Current_Logs
/var/uclogs/ACP3 DM Manager logger.log
/var/uclogs/ACP3 PassThrough Manager logger.log
/var/uclogs/ACP3 UCM Manager logger.log
/var/uclogs/ASUM_CommDiag.log
/var/uclogs/ASUM_DM_SafetyAgent.log
/var/uclogs/ASUM_Diag.log
/var/uclogs/ASec.log
/var/uclogs/ASpu.log
/var/uclogs/C2GA.log
/var/uclogs/CAMD.log
/var/uclogs/ConD.log
/var/uclogs/DCUM.log
/var/uclogs/DLTD.log
/var/uclogs/DLTR.log
/var/uclogs/DMSCal.log
/var/uclogs/DMS_Manager.log
/var/uclogs/DV.log
/var/uclogs/DiagNetworkIntegration.log
/var/uclogs/DiagnosticsCameraDMS.log
/var/uclogs/DiagnosticsCameraGrillFront.log
/var/uclogs/DiagnosticsCameraLiftGate.log
/var/uclogs/DiagnosticsCameraMirrorLeft.log
/var/uclogs/DiagnosticsCameraMirrorRight.log
/var/uclogs/DiagnosticsDMSEmitter.log
/var/uclogs/DiagnosticsSensingXID.log
/var/uclogs/EM.log
/var/uclogs/EVNT.log
/var/uclogs/ISP.log
/var/uclogs/LogT.log
/var/uclogs/MLT.log
/var/uclogs/MOT.log
/var/uclogs/MapApp.log
/var/uclogs/MapDataLayer.log
/var/uclogs/MapOTA.log
/var/uclogs/MapRedBend.log
/var/uclogs/MapRouteServer.log
/var/uclogs/NMng.log
/var/uclogs/QQQDiagApp.log
/var/uclogs/S2SG.log
/var/uclogs/SHDW.log
/var/uclogs/SMAT.log
/var/uclogs/SysD.log
/var/uclogs/TSYN.log
/var/uclogs/VExc.log
/var/uclogs/VPER.log
/var/uclogs/VPE_SV.log
/var/uclogs/VPhm.log
/var/uclogs/VSom.log
/var/uclogs/VhFn.log
/var/uclogs/gwdc.log
/var/uclogsA/ACP3
/var/uclogsA/ACP3 DM Manager logger.log
/var/uclogsA/ACP3 PassThrough Manager logger.log
/var/uclogsA/ACP3 UCM Manager logger.log
/var/uclogsA/ASUM_CommDiag.log
/var/uclogsA/ASUM_DM_SafetyAgent.log
/var/uclogsA/ASUM_Diag.log
/var/uclogsA/ASec.log
/var/uclogsA/ASpu.log
/var/uclogsA/C2GA.log
/var/uclogsA/CAMD.log
/var/uclogsA/ConD.log
/var/uclogsA/DCUM.log
/var/uclogsA/DLTD.log
/var/uclogsA/DLTR.log
/var/uclogsA/DMSCal.log
/var/uclogsA/DMS_Manager.log
/var/uclogsA/DV.log
/var/uclogsA/DiagNetworkIntegration.log
/var/uclogsA/DiagnosticsCameraDMS.log
/var/uclogsA/DiagnosticsCameraGrillFront.log
/var/uclogsA/DiagnosticsCameraLiftGate.log
/var/uclogsA/DiagnosticsCameraMirrorLeft.log
/var/uclogsA/DiagnosticsCameraMirrorRight.log
/var/uclogsA/DiagnosticsDMSEmitter.log
/var/uclogsA/DiagnosticsSensingXID.log
/var/uclogsA/EM.log
/var/uclogsA/EVNT.log
/var/uclogsA/ISP.log
/var/uclogsA/LogT.log
/var/uclogsA/MLT.log
/var/uclogsA/MOT.log
/var/uclogsA/MapApp.log
/var/uclogsA/MapDataLayer.log
/var/uclogsA/MapOTA.log
/var/uclogsA/MapRedBend.log
/var/uclogsA/MapRouteServer.log
/var/uclogsA/NMng.log
/var/uclogsA/QQQDiagApp.log
/var/uclogsA/S2SG.log
/var/uclogsA/SHDW.log
/var/uclogsA/SMAT.log
/var/uclogsA/SysD.log
/var/uclogsA/TSYN.log
/var/uclogsA/VExc.log
/var/uclogsA/VPER.log
/var/uclogsA/VPE_SV.log
/var/uclogsA/VPhm.log
/var/uclogsA/VSom.log
/var/uclogsA/VhFn.log
/var/uclogsA/gwdc.log
/var/uclogsB/1_Current_Logs
/var/uclogsB/ACP3 DM Manager logger.log
/var/uclogsB/ACP3 PassThrough Manager logger.log
/var/uclogsB/ACP3 UCM Manager logger.log
/var/uclogsB/ASUM_CommDiag.log
/var/uclogsB/ASUM_DM_SafetyAgent.log
/var/uclogsB/ASUM_Diag.log
/var/uclogsB/ASec.log
/var/uclogsB/ASpu.log
/var/uclogsB/C2GA.log
/var/uclogsB/CAMD.log
/var/uclogsB/ConD.log
/var/uclogsB/DCUM.log
/var/uclogsB/DLTD.log
/var/uclogsB/DLTR.log
/var/uclogsB/DMSCal.log
/var/uclogsB/DMS_Manager.log
/var/uclogsB/DV.log
/var/uclogsB/DiagNetworkIntegration.log
/var/uclogsB/DiagnosticsCameraDMS.log
/var/uclogsB/DiagnosticsCameraGrillFront.log
/var/uclogsB/DiagnosticsCameraLiftGate.log
/var/uclogsB/DiagnosticsCameraMirrorLeft.log
/var/uclogsB/DiagnosticsCameraMirrorRight.log
/var/uclogsB/DiagnosticsDMSEmitter.log
/var/uclogsB/DiagnosticsSensingXID.log
/var/uclogsB/EM.log
/var/uclogsB/EVNT.log
/var/uclogsB/ISP.log
/var/uclogsB/LogT.log
/var/uclogsB/MLT.log
/var/uclogsB/MOT.log
/var/uclogsB/MapApp.log
/var/uclogsB/MapDataLayer.log
/var/uclogsB/MapOTA.log
/var/uclogsB/MapRedBend.log
/var/uclogsB/MapRouteServer.log
/var/uclogsB/NMng.log
/var/uclogsB/QQQDiagApp.log
/var/uclogsB/S2SG.log
/var/uclogsB/SHDW.log
/var/uclogsB/SMAT.log
/var/uclogsB/SysD.log
/var/uclogsB/TSYN.log
/var/uclogsB/VExc.log
/var/uclogsB/VPER.log
/var/uclogsB/VPE_SV.log
/var/uclogsB/VPhm.log
/var/uclogsB/VSom.log
/var/uclogsB/VhFn.log
/var/uclogsB/gwdc.log
[06/08/2024 14:49:54.384] DEBUG: [qnx_commands.py->run_qnx_command()] Trying to run: "tar -czvf /var/data/vpe_service_logs.tgz /var/log/vpe/*" on VCU
[06/08/2024 14:49:55.089] DEBUG: [qnx_commands.py->run_qnx_command()] SystemType.VCU shell command returned: tar: Removing leading '/' from member names
a var/log/vpe/enable_events_csv
a var/log/vpe/enable_signals_buffer
a var/log/vpe/vpe_service.log
[06/08/2024 14:49:55.103] DEBUG: [DutLogsHandler.py->tar_files()] Log files zip command output: tar: Removing leading '/' from member names
a var/log/vpe/enable_events_csv
a var/log/vpe/enable_signals_buffer
a var/log/vpe/vpe_service.log
[06/08/2024 14:49:55.418] DEBUG: [file_transfer_wrapper.py->copy_files_from_host()] /var/data/vpe_service_logs.tgz not exist, skip!
[06/08/2024 14:49:55.433] DEBUG: [qnx_commands.py->run_qnx_command()] Trying to run: "rm /var/data/vpe_service_logs.tgz" on VCU
[06/08/2024 14:49:55.700] DEBUG: [qnx_commands.py->run_qnx_command()] Trying to run: "ls /var/log/vpe/*" on ACP3
[06/08/2024 14:49:55.819] DEBUG: [qnx_commands.py->run_qnx_command()] SystemType.ACP3 shell command returned: /var/log/vpe/early_rvc_service.log
/var/log/vpe/early_rvc_service.sh
/var/log/vpe/early_rvc_service_system_info.log
/var/log/vpe/pidin_threads_946237.txt
/var/log/vpe/pidin_threads_None.txt
/var/log/vpe/vpe_service.log
/var/log/vpe/vpe_service.sh
/var/log/vpe/vpe_service_cfg.log
/var/log/vpe/vpe_service_system_info.log
[06/08/2024 14:49:55.834] DEBUG: [DutLogsHandler.py->clear_log_files_before_test()] Clearing log files
[06/08/2024 14:49:55.842] DEBUG: [qnx_commands.py->run_qnx_command()] Trying to run: "ls /var/log/vpe/rvc_service*.log" on VCU
[06/08/2024 14:49:56.248] DEBUG: [qnx_commands.py->run_qnx_command()] SystemType.VCU shell command returned: ls: No such file or directory (/var/log/vpe/rvc_service*.log)
[06/08/2024 14:49:56.258] DEBUG: [qnx_commands.py->run_qnx_command()] Trying to run: "ls /var/uc_logs*/* /var/uclogs*/*" on ACP3
[06/08/2024 14:49:56.374] DEBUG: [qnx_commands.py->run_qnx_command()] SystemType.ACP3 shell command returned: /var/uc_logs/1_Current_Logs
/var/uc_logs/2021-06-01_00-00-02_ShmemKiller_790560.txt
/var/uc_logs/2021-06-01_00-00-03_CameraDriver_946229.txt
/var/uc_logs/2021-06-01_00-00-03_PubSubManager_913460.txt
/var/uc_logs/2021-06-01_00-00-03_early_rvc_790567.txt
/var/uc_logs/2021-06-01_00-00-06_Acp3S2SGW_1343573.txt
/var/uc_logs/2021-06-01_00-00-06_LogTimeSynchronizer_1294419.txt
/var/uc_logs/2021-06-01_00-00-06_service_vpe_946237.txt
/var/uc_logs/2021-06-01_00-00-11_SNSDiagnosticsCameraDMS_1392727.txt
/var/uc_logs/2021-06-01_00-00-11_isp_1392735.txt
/var/uc_logs/2021-06-01_00-00-11_mlt_main_acp3_1392733.txt
/var/uc_logs/2021-06-01_00-00-11_mot_main_1392731.txt
/var/uc_logs/2021-06-01_00-00-11_perception_events_daemon_1392732.txt
/var/uc_logs/2021-06-01_00-00-11_shadow_app_main_1392734.txt
/var/uc_logs/2021-06-01_00-00-12_SNSDiagnosticsCameraMirrorRight_1392714.txt
/var/uc_logs/2021-06-01_00-00-12_SNSDiagnosticsDMSEmitter_1421414.txt
/var/uc_logs/2021-06-01_00-00-12_detector_rear_short_range_1392730.txt
/var/uc_logs/2021-06-01_00-00-13_SNSDiagnosticsCameraMirrorLeft_1392723.txt
/var/uc_logs/2021-06-01_00-00-13_SNSDiagnosticsSensingXID_1392726.txt
/var/uc_logs/2021-06-01_00-00-14_SNSDiagnosticsCameraGrillFront_1392728.txt
/var/uc_logs/2021-06-01_00-00-14_SNSDiagnosticsCameraLiftGate_1392729.txt
/var/uc_logs/2021-06-01_00-00-15_detector_sides_short_range_1474661.txt
/var/uc_logs/2021-06-01_00-00-20_detector_front_short_range_1495147.txt
/var/uc_logs/2021-06-01_00-00-22_DcuManager_1515630.txt
/var/uc_logs/2021-06-01_00-00-22_PlatformApiAdapter_1515628.txt
/var/uc_logs/2021-06-01_00-00-22_TimeSynchronizer_1515629.txt
/var/uc_logs/2021-06-01_00-00-23_alignCamera2Ground_1515631.txt
/var/uc_logsA/2021-06-01_00-00-02_ShmemKiller_790560.txt
/var/uc_logsA/2021-06-01_00-00-03_CameraDriver_946229.txt
/var/uc_logsA/2021-06-01_00-00-03_PubSubManager_901172.txt
/var/uc_logsA/2021-06-01_00-00-03_early_rvc_790576.txt
/var/uc_logsA/2021-06-01_00-00-06_service_vpe_946237.txt
/var/uc_logsA/2021-06-01_00-00-07_Acp3S2SGW_1343573.txt
/var/uc_logsA/2021-06-01_00-00-07_LogTimeSynchronizer_1343572.txt
/var/uc_logsA/2021-06-01_00-00-11_SNSDiagnosticsCameraDMS_1351767.txt
/var/uc_logsA/2021-06-01_00-00-11_isp_1351775.txt
/var/uc_logsA/2021-06-01_00-00-11_mlt_main_acp3_1351773.txt
/var/uc_logsA/2021-06-01_00-00-11_mot_main_1351771.txt
/var/uc_logsA/2021-06-01_00-00-11_perception_events_daemon_1351772.txt
/var/uc_logsA/2021-06-01_00-00-11_shadow_app_main_1351774.txt
/var/uc_logsA/2021-06-01_00-00-12_SNSDiagnosticsCameraMirrorRight_1351752.txt
/var/uc_logsA/2021-06-01_00-00-12_SNSDiagnosticsDMSEmitter_1413220.txt
/var/uc_logsA/2021-06-01_00-00-12_detector_rear_short_range_1351770.txt
/var/uc_logsA/2021-06-01_00-00-13_SNSDiagnosticsCameraMirrorLeft_1351764.txt
/var/uc_logsA/2021-06-01_00-00-13_SNSDiagnosticsSensingXID_1351766.txt
/var/uc_logsA/2021-06-01_00-00-14_SNSDiagnosticsCameraGrillFront_1351768.txt
/var/uc_logsA/2021-06-01_00-00-14_SNSDiagnosticsCameraLiftGate_1351769.txt
/var/uc_logsA/2021-06-01_00-00-15_detector_sides_short_range_1478759.txt
/var/uc_logsA/2021-06-01_00-00-20_detector_front_short_range_1499244.txt
/var/uc_logsA/2021-06-01_00-00-22_DcuManager_1519727.txt
/var/uc_logsA/2021-06-01_00-00-22_PlatformApiAdapter_1519725.txt
/var/uc_logsA/2021-06-01_00-00-22_TimeSynchronizer_1519726.txt
/var/uc_logsA/2021-06-01_00-00-23_alignCamera2Ground_1519728.txt
/var/uc_logsB/1_Current_Logs
/var/uc_logsB/2021-06-01_00-00-02_ShmemKiller_790560.txt
/var/uc_logsB/2021-06-01_00-00-03_CameraDriver_946229.txt
/var/uc_logsB/2021-06-01_00-00-03_PubSubManager_913460.txt
/var/uc_logsB/2021-06-01_00-00-03_early_rvc_790567.txt
/var/uc_logsB/2021-06-01_00-00-06_Acp3S2SGW_1343573.txt
/var/uc_logsB/2021-06-01_00-00-06_LogTimeSynchronizer_1294419.txt
/var/uc_logsB/2021-06-01_00-00-06_service_vpe_946237.txt
/var/uc_logsB/2021-06-01_00-00-11_SNSDiagnosticsCameraDMS_1392727.txt
/var/uc_logsB/2021-06-01_00-00-11_isp_1392735.txt
/var/uc_logsB/2021-06-01_00-00-11_mlt_main_acp3_1392733.txt
/var/uc_logsB/2021-06-01_00-00-11_mot_main_1392731.txt
/var/uc_logsB/2021-06-01_00-00-11_perception_events_daemon_1392732.txt
/var/uc_logsB/2021-06-01_00-00-11_shadow_app_main_1392734.txt
/var/uc_logsB/2021-06-01_00-00-12_SNSDiagnosticsCameraMirrorRight_1392714.txt
/var/uc_logsB/2021-06-01_00-00-12_SNSDiagnosticsDMSEmitter_1421414.txt
/var/uc_logsB/2021-06-01_00-00-12_detector_rear_short_range_1392730.txt
/var/uc_logsB/2021-06-01_00-00-13_SNSDiagnosticsCameraMirrorLeft_1392723.txt
/var/uc_logsB/2021-06-01_00-00-13_SNSDiagnosticsSensingXID_1392726.txt
/var/uc_logsB/2021-06-01_00-00-14_SNSDiagnosticsCameraGrillFront_1392728.txt
/var/uc_logsB/2021-06-01_00-00-14_SNSDiagnosticsCameraLiftGate_1392729.txt
/var/uc_logsB/2021-06-01_00-00-15_detector_sides_short_range_1474661.txt
/var/uc_logsB/2021-06-01_00-00-20_detector_front_short_range_1495147.txt
/var/uc_logsB/2021-06-01_00-00-22_DcuManager_1515630.txt
/var/uc_logsB/2021-06-01_00-00-22_PlatformApiAdapter_1515628.txt
/var/uc_logsB/2021-06-01_00-00-22_TimeSynchronizer_1515629.txt
/var/uc_logsB/2021-06-01_00-00-23_alignCamera2Ground_1515631.txt
/var/uclogs/1_Current_Logs
/var/uclogs/ACP3 DM Manager logger.log
/var/uclogs/ACP3 PassThrough Manager logger.log
/var/uclogs/ACP3 UCM Manager logger.log
/var/uclogs/ASUM_CommDiag.log
/var/uclogs/ASUM_DM_SafetyAgent.log
/var/uclogs/ASUM_Diag.log
/var/uclogs/ASec.log
/var/uclogs/ASpu.log
/var/uclogs/C2GA.log
/var/uclogs/CAMD.log
/var/uclogs/ConD.log
/var/uclogs/DCUM.log
/var/uclogs/DLTD.log
/var/uclogs/DLTR.log
/var/uclogs/DMSCal.log
/var/uclogs/DMS_Manager.log
/var/uclogs/DV.log
/var/uclogs/DiagNetworkIntegration.log
/var/uclogs/DiagnosticsCameraDMS.log
/var/uclogs/DiagnosticsCameraGrillFront.log
/var/uclogs/DiagnosticsCameraLiftGate.log
/var/uclogs/DiagnosticsCameraMirrorLeft.log
/var/uclogs/DiagnosticsCameraMirrorRight.log
/var/uclogs/DiagnosticsDMSEmitter.log
/var/uclogs/DiagnosticsSensingXID.log
/var/uclogs/EM.log
/var/uclogs/EVNT.log
/var/uclogs/ISP.log
/var/uclogs/LogT.log
/var/uclogs/MLT.log
/var/uclogs/MOT.log
/var/uclogs/MapApp.log
/var/uclogs/MapDataLayer.log
/var/uclogs/MapOTA.log
/var/uclogs/MapRedBend.log
/var/uclogs/MapRouteServer.log
/var/uclogs/NMng.log
/var/uclogs/QQQDiagApp.log
/var/uclogs/S2SG.log
/var/uclogs/SHDW.log
/var/uclogs/SMAT.log
/var/uclogs/SysD.log
/var/uclogs/TSYN.log
/var/uclogs/VExc.log
/var/uclogs/VPER.log
/var/uclogs/VPE_SV.log
/var/uclogs/VPhm.log
/var/uclogs/VSom.log
/var/uclogs/VhFn.log
/var/uclogs/gwdc.log
/var/uclogsA/ACP3
/var/uclogsA/ACP3 DM Manager logger.log
/var/uclogsA/ACP3 PassThrough Manager logger.log
/var/uclogsA/ACP3 UCM Manager logger.log
/var/uclogsA/ASUM_CommDiag.log
/var/uclogsA/ASUM_DM_SafetyAgent.log
/var/uclogsA/ASUM_Diag.log
/var/uclogsA/ASec.log
/var/uclogsA/ASpu.log
/var/uclogsA/C2GA.log
/var/uclogsA/CAMD.log
/var/uclogsA/ConD.log
/var/uclogsA/DCUM.log
/var/uclogsA/DLTD.log
/var/uclogsA/DLTR.log
/var/uclogsA/DMSCal.log
/var/uclogsA/DMS_Manager.log
/var/uclogsA/DV.log
/var/uclogsA/DiagNetworkIntegration.log
/var/uclogsA/DiagnosticsCameraDMS.log
/var/uclogsA/DiagnosticsCameraGrillFront.log
/var/uclogsA/DiagnosticsCameraLiftGate.log
/var/uclogsA/DiagnosticsCameraMirrorLeft.log
/var/uclogsA/DiagnosticsCameraMirrorRight.log
/var/uclogsA/DiagnosticsDMSEmitter.log
/var/uclogsA/DiagnosticsSensingXID.log
/var/uclogsA/EM.log
/var/uclogsA/EVNT.log
/var/uclogsA/ISP.log
/var/uclogsA/LogT.log
/var/uclogsA/MLT.log
/var/uclogsA/MOT.log
/var/uclogsA/MapApp.log
/var/uclogsA/MapDataLayer.log
/var/uclogsA/MapOTA.log
/var/uclogsA/MapRedBend.log
/var/uclogsA/MapRouteServer.log
/var/uclogsA/NMng.log
/var/uclogsA/QQQDiagApp.log
/var/uclogsA/S2SG.log
/var/uclogsA/SHDW.log
/var/uclogsA/SMAT.log
/var/uclogsA/SysD.log
/var/uclogsA/TSYN.log
/var/uclogsA/VExc.log
/var/uclogsA/VPER.log
/var/uclogsA/VPE_SV.log
/var/uclogsA/VPhm.log
/var/uclogsA/VSom.log
/var/uclogsA/VhFn.log
/var/uclogsA/gwdc.log
/var/uclogsB/1_Current_Logs
/var/uclogsB/ACP3 DM Manager logger.log
/var/uclogsB/ACP3 PassThrough Manager logger.log
/var/uclogsB/ACP3 UCM Manager logger.log
/var/uclogsB/ASUM_CommDiag.log
/var/uclogsB/ASUM_DM_SafetyAgent.log
/var/uclogsB/ASUM_Diag.log
/var/uclogsB/ASec.log
/var/uclogsB/ASpu.log
/var/uclogsB/C2GA.log
/var/uclogsB/CAMD.log
/var/uclogsB/ConD.log
/var/uclogsB/DCUM.log
/var/uclogsB/DLTD.log
/var/uclogsB/DLTR.log
/var/uclogsB/DMSCal.log
/var/uclogsB/DMS_Manager.log
/var/uclogsB/DV.log
/var/uclogsB/DiagNetworkIntegration.log
/var/uclogsB/DiagnosticsCameraDMS.log
/var/uclogsB/DiagnosticsCameraGrillFront.log
/var/uclogsB/DiagnosticsCameraLiftGate.log
/var/uclogsB/DiagnosticsCameraMirrorLeft.log
/var/uclogsB/DiagnosticsCameraMirrorRight.log
/var/uclogsB/DiagnosticsDMSEmitter.log
/var/uclogsB/DiagnosticsSensingXID.log
/var/uclogsB/EM.log
/var/uclogsB/EVNT.log
/var/uclogsB/ISP.log
/var/uclogsB/LogT.log
/var/uclogsB/MLT.log
/var/uclogsB/MOT.log
/var/uclogsB/MapApp.log
/var/uclogsB/MapDataLayer.log
/var/uclogsB/MapOTA.log
/var/uclogsB/MapRedBend.log
/var/uclogsB/MapRouteServer.log
/var/uclogsB/NMng.log
/var/uclogsB/QQQDiagApp.log
/var/uclogsB/S2SG.log
/var/uclogsB/SHDW.log
/var/uclogsB/SMAT.log
/var/uclogsB/SysD.log
/var/uclogsB/TSYN.log
/var/uclogsB/VExc.log
/var/uclogsB/VPER.log
/var/uclogsB/VPE_SV.log
/var/uclogsB/VPhm.log
/var/uclogsB/VSom.log
/var/uclogsB/VhFn.log
/var/uclogsB/gwdc.log
[06/08/2024 14:49:56.385] DEBUG: [DutLogsHandler.py->clear_uc_logs()] Clear /var/uc_logs*/* /var/uclogs*/* logs files
[06/08/2024 14:49:56.392] DEBUG: [qnx_commands.py->run_qnx_command()] Trying to run: "ls /var/uc_logs*/* /var/uclogs*/*" on ACP3
[06/08/2024 14:49:56.596] DEBUG: [qnx_commands.py->run_qnx_command()] SystemType.ACP3 shell command returned: /var/uc_logs/1_Current_Logs
/var/uc_logs/2021-06-01_00-00-02_ShmemKiller_790560.txt
/var/uc_logs/2021-06-01_00-00-03_CameraDriver_946229.txt
/var/uc_logs/2021-06-01_00-00-03_PubSubManager_913460.txt
/var/uc_logs/2021-06-01_00-00-03_early_rvc_790567.txt
/var/uc_logs/2021-06-01_00-00-06_Acp3S2SGW_1343573.txt
/var/uc_logs/2021-06-01_00-00-06_LogTimeSynchronizer_1294419.txt
/var/uc_logs/2021-06-01_00-00-06_service_vpe_946237.txt
/var/uc_logs/2021-06-01_00-00-11_SNSDiagnosticsCameraDMS_1392727.txt
/var/uc_logs/2021-06-01_00-00-11_isp_1392735.txt
/var/uc_logs/2021-06-01_00-00-11_mlt_main_acp3_1392733.txt
/var/uc_logs/2021-06-01_00-00-11_mot_main_1392731.txt
/var/uc_logs/2021-06-01_00-00-11_perception_events_daemon_1392732.txt
/var/uc_logs/2021-06-01_00-00-11_shadow_app_main_1392734.txt
/var/uc_logs/2021-06-01_00-00-12_SNSDiagnosticsCameraMirrorRight_1392714.txt
/var/uc_logs/2021-06-01_00-00-12_SNSDiagnosticsDMSEmitter_1421414.txt
/var/uc_logs/2021-06-01_00-00-12_detector_rear_short_range_1392730.txt
/var/uc_logs/2021-06-01_00-00-13_SNSDiagnosticsCameraMirrorLeft_1392723.txt
/var/uc_logs/2021-06-01_00-00-13_SNSDiagnosticsSensingXID_1392726.txt
/var/uc_logs/2021-06-01_00-00-14_SNSDiagnosticsCameraGrillFront_1392728.txt
/var/uc_logs/2021-06-01_00-00-14_SNSDiagnosticsCameraLiftGate_1392729.txt
/var/uc_logs/2021-06-01_00-00-15_detector_sides_short_range_1474661.txt
/var/uc_logs/2021-06-01_00-00-20_detector_front_short_range_1495147.txt
/var/uc_logs/2021-06-01_00-00-22_DcuManager_1515630.txt
/var/uc_logs/2021-06-01_00-00-22_PlatformApiAdapter_1515628.txt
/var/uc_logs/2021-06-01_00-00-22_TimeSynchronizer_1515629.txt
/var/uc_logs/2021-06-01_00-00-23_alignCamera2Ground_1515631.txt
/var/uc_logsA/2021-06-01_00-00-02_ShmemKiller_790560.txt
/var/uc_logsA/2021-06-01_00-00-03_CameraDriver_946229.txt
/var/uc_logsA/2021-06-01_00-00-03_PubSubManager_901172.txt
/var/uc_logsA/2021-06-01_00-00-03_early_rvc_790576.txt
/var/uc_logsA/2021-06-01_00-00-06_service_vpe_946237.txt
/var/uc_logsA/2021-06-01_00-00-07_Acp3S2SGW_1343573.txt
/var/uc_logsA/2021-06-01_00-00-07_LogTimeSynchronizer_1343572.txt
/var/uc_logsA/2021-06-01_00-00-11_SNSDiagnosticsCameraDMS_1351767.txt
/var/uc_logsA/2021-06-01_00-00-11_isp_1351775.txt
/var/uc_logsA/2021-06-01_00-00-11_mlt_main_acp3_1351773.txt
/var/uc_logsA/2021-06-01_00-00-11_mot_main_1351771.txt
/var/uc_logsA/2021-06-01_00-00-11_perception_events_daemon_1351772.txt
/var/uc_logsA/2021-06-01_00-00-11_shadow_app_main_1351774.txt
/var/uc_logsA/2021-06-01_00-00-12_SNSDiagnosticsCameraMirrorRight_1351752.txt
/var/uc_logsA/2021-06-01_00-00-12_SNSDiagnosticsDMSEmitter_1413220.txt
/var/uc_logsA/2021-06-01_00-00-12_detector_rear_short_range_1351770.txt
/var/uc_logsA/2021-06-01_00-00-13_SNSDiagnosticsCameraMirrorLeft_1351764.txt
/var/uc_logsA/2021-06-01_00-00-13_SNSDiagnosticsSensingXID_1351766.txt
/var/uc_logsA/2021-06-01_00-00-14_SNSDiagnosticsCameraGrillFront_1351768.txt
/var/uc_logsA/2021-06-01_00-00-14_SNSDiagnosticsCameraLiftGate_1351769.txt
/var/uc_logsA/2021-06-01_00-00-15_detector_sides_short_range_1478759.txt
/var/uc_logsA/2021-06-01_00-00-20_detector_front_short_range_1499244.txt
/var/uc_logsA/2021-06-01_00-00-22_DcuManager_1519727.txt
/var/uc_logsA/2021-06-01_00-00-22_PlatformApiAdapter_1519725.txt
/var/uc_logsA/2021-06-01_00-00-22_TimeSynchronizer_1519726.txt
/var/uc_logsA/2021-06-01_00-00-23_alignCamera2Ground_1519728.txt
/var/uc_logsB/1_Current_Logs
/var/uc_logsB/2021-06-01_00-00-02_ShmemKiller_790560.txt
/var/uc_logsB/2021-06-01_00-00-03_CameraDriver_946229.txt
/var/uc_logsB/2021-06-01_00-00-03_PubSubManager_913460.txt
/var/uc_logsB/2021-06-01_00-00-03_early_rvc_790567.txt
/var/uc_logsB/2021-06-01_00-00-06_Acp3S2SGW_1343573.txt
/var/uc_logsB/2021-06-01_00-00-06_LogTimeSynchronizer_1294419.txt
/var/uc_logsB/2021-06-01_00-00-06_service_vpe_946237.txt
/var/uc_logsB/2021-06-01_00-00-11_SNSDiagnosticsCameraDMS_1392727.txt
/var/uc_logsB/2021-06-01_00-00-11_isp_1392735.txt
/var/uc_logsB/2021-06-01_00-00-11_mlt_main_acp3_1392733.txt
/var/uc_logsB/2021-06-01_00-00-11_mot_main_1392731.txt
/var/uc_logsB/2021-06-01_00-00-11_perception_events_daemon_1392732.txt
/var/uc_logsB/2021-06-01_00-00-11_shadow_app_main_1392734.txt
/var/uc_logsB/2021-06-01_00-00-12_SNSDiagnosticsCameraMirrorRight_1392714.txt
/var/uc_logsB/2021-06-01_00-00-12_SNSDiagnosticsDMSEmitter_1421414.txt
/var/uc_logsB/2021-06-01_00-00-12_detector_rear_short_range_1392730.txt
/var/uc_logsB/2021-06-01_00-00-13_SNSDiagnosticsCameraMirrorLeft_1392723.txt
/var/uc_logsB/2021-06-01_00-00-13_SNSDiagnosticsSensingXID_1392726.txt
/var/uc_logsB/2021-06-01_00-00-14_SNSDiagnosticsCameraGrillFront_1392728.txt
/var/uc_logsB/2021-06-01_00-00-14_SNSDiagnosticsCameraLiftGate_1392729.txt
/var/uc_logsB/2021-06-01_00-00-15_detector_sides_short_range_1474661.txt
/var/uc_logsB/2021-06-01_00-00-20_detector_front_short_range_1495147.txt
/var/uc_logsB/2021-06-01_00-00-22_DcuManager_1515630.txt
/var/uc_logsB/2021-06-01_00-00-22_PlatformApiAdapter_1515628.txt
/var/uc_logsB/2021-06-01_00-00-22_TimeSynchronizer_1515629.txt
/var/uc_logsB/2021-06-01_00-00-23_alignCamera2Ground_1515631.txt
/var/uclogs/1_Current_Logs
/var/uclogs/ACP3 DM Manager logger.log
/var/uclogs/ACP3 PassThrough Manager logger.log
/var/uclogs/ACP3 UCM Manager logger.log
/var/uclogs/ASUM_CommDiag.log
/var/uclogs/ASUM_DM_SafetyAgent.log
/var/uclogs/ASUM_Diag.log
/var/uclogs/ASec.log
/var/uclogs/ASpu.log
/var/uclogs/C2GA.log
/var/uclogs/CAMD.log
/var/uclogs/ConD.log
/var/uclogs/DCUM.log
/var/uclogs/DLTD.log
/var/uclogs/DLTR.log
/var/uclogs/DMSCal.log
/var/uclogs/DMS_Manager.log
/var/uclogs/DV.log
/var/uclogs/DiagNetworkIntegration.log
/var/uclogs/DiagnosticsCameraDMS.log
/var/uclogs/DiagnosticsCameraGrillFront.log
/var/uclogs/DiagnosticsCameraLiftGate.log
/var/uclogs/DiagnosticsCameraMirrorLeft.log
/var/uclogs/DiagnosticsCameraMirrorRight.log
/var/uclogs/DiagnosticsDMSEmitter.log
/var/uclogs/DiagnosticsSensingXID.log
/var/uclogs/EM.log
/var/uclogs/EVNT.log
/var/uclogs/ISP.log
/var/uclogs/LogT.log
/var/uclogs/MLT.log
/var/uclogs/MOT.log
/var/uclogs/MapApp.log
/var/uclogs/MapDataLayer.log
/var/uclogs/MapOTA.log
/var/uclogs/MapRedBend.log
/var/uclogs/MapRouteServer.log
/var/uclogs/NMng.log
/var/uclogs/QQQDiagApp.log
/var/uclogs/S2SG.log
/var/uclogs/SHDW.log
/var/uclogs/SMAT.log
/var/uclogs/SysD.log
/var/uclogs/TSYN.log
/var/uclogs/VExc.log
/var/uclogs/VPER.log
/var/uclogs/VPE_SV.log
/var/uclogs/VPhm.log
/var/uclogs/VSom.log
/var/uclogs/VhFn.log
/var/uclogs/gwdc.log
/var/uclogsA/ACP3
/var/uclogsA/ACP3 DM Manager logger.log
/var/uclogsA/ACP3 PassThrough Manager logger.log
/var/uclogsA/ACP3 UCM Manager logger.log
/var/uclogsA/ASUM_CommDiag.log
/var/uclogsA/ASUM_DM_SafetyAgent.log
/var/uclogsA/ASUM_Diag.log
/var/uclogsA/ASec.log
/var/uclogsA/ASpu.log
/var/uclogsA/C2GA.log
/var/uclogsA/CAMD.log
/var/uclogsA/ConD.log
/var/uclogsA/DCUM.log
/var/uclogsA/DLTD.log
/var/uclogsA/DLTR.log
/var/uclogsA/DMSCal.log
/var/uclogsA/DMS_Manager.log
/var/uclogsA/DV.log
/var/uclogsA/DiagNetworkIntegration.log
/var/uclogsA/DiagnosticsCameraDMS.log
/var/uclogsA/DiagnosticsCameraGrillFront.log
/var/uclogsA/DiagnosticsCameraLiftGate.log
/var/uclogsA/DiagnosticsCameraMirrorLeft.log
/var/uclogsA/DiagnosticsCameraMirrorRight.log
/var/uclogsA/DiagnosticsDMSEmitter.log
/var/uclogsA/DiagnosticsSensingXID.log
/var/uclogsA/EM.log
/var/uclogsA/EVNT.log
/var/uclogsA/ISP.log
/var/uclogsA/LogT.log
/var/uclogsA/MLT.log
/var/uclogsA/MOT.log
/var/uclogsA/MapApp.log
/var/uclogsA/MapDataLayer.log
/var/uclogsA/MapOTA.log
/var/uclogsA/MapRedBend.log
/var/uclogsA/MapRouteServer.log
/var/uclogsA/NMng.log
/var/uclogsA/QQQDiagApp.log
/var/uclogsA/S2SG.log
/var/uclogsA/SHDW.log
/var/uclogsA/SMAT.log
/var/uclogsA/SysD.log
/var/uclogsA/TSYN.log
/var/uclogsA/VExc.log
/var/uclogsA/VPER.log
/var/uclogsA/VPE_SV.log
/var/uclogsA/VPhm.log
/var/uclogsA/VSom.log
/var/uclogsA/VhFn.log
/var/uclogsA/gwdc.log
/var/uclogsB/1_Current_Logs
/var/uclogsB/ACP3 DM Manager logger.log
/var/uclogsB/ACP3 PassThrough Manager logger.log
/var/uclogsB/ACP3 UCM Manager logger.log
/var/uclogsB/ASUM_CommDiag.log
/var/uclogsB/ASUM_DM_SafetyAgent.log
/var/uclogsB/ASUM_Diag.log
/var/uclogsB/ASec.log
/var/uclogsB/ASpu.log
/var/uclogsB/C2GA.log
/var/uclogsB/CAMD.log
/var/uclogsB/ConD.log
/var/uclogsB/DCUM.log
/var/uclogsB/DLTD.log
/var/uclogsB/DLTR.log
/var/uclogsB/DMSCal.log
/var/uclogsB/DMS_Manager.log
/var/uclogsB/DV.log
/var/uclogsB/DiagNetworkIntegration.log
/var/uclogsB/DiagnosticsCameraDMS.log
/var/uclogsB/DiagnosticsCameraGrillFront.log
/var/uclogsB/DiagnosticsCameraLiftGate.log
/var/uclogsB/DiagnosticsCameraMirrorLeft.log
/var/uclogsB/DiagnosticsCameraMirrorRight.log
/var/uclogsB/DiagnosticsDMSEmitter.log
/var/uclogsB/DiagnosticsSensingXID.log
/var/uclogsB/EM.log
/var/uclogsB/EVNT.log
/var/uclogsB/ISP.log
/var/uclogsB/LogT.log
/var/uclogsB/MLT.log
/var/uclogsB/MOT.log
/var/uclogsB/MapApp.log
/var/uclogsB/MapDataLayer.log
/var/uclogsB/MapOTA.log
/var/uclogsB/MapRedBend.log
/var/uclogsB/MapRouteServer.log
/var/uclogsB/NMng.log
/var/uclogsB/QQQDiagApp.log
/var/uclogsB/S2SG.log
/var/uclogsB/SHDW.log
/var/uclogsB/SMAT.log
/var/uclogsB/SysD.log
/var/uclogsB/TSYN.log
/var/uclogsB/VExc.log
/var/uclogsB/VPER.log
/var/uclogsB/VPE_SV.log
/var/uclogsB/VPhm.log
/var/uclogsB/VSom.log
/var/uclogsB/VhFn.log
/var/uclogsB/gwdc.log
[06/08/2024 14:49:56.606] DEBUG: [qnx_commands.py->run_qnx_command()] Trying to run: "echo | tee  /var/uc_logs/1_Current_Logs /var/uc_logs/2021-06-01_00-00-02_ShmemKiller_790560.txt /var/uc_logs/2021-06-01_00-00-03_CameraDriver_946229.txt /var/uc_logs/2021-06-01_00-00-03_PubSubManager_913460.txt /var/uc_logs/2021-06-01_00-00-03_early_rvc_790567.txt /var/uc_logs/2021-06-01_00-00-06_Acp3S2SGW_1343573.txt /var/uc_logs/2021-06-01_00-00-06_LogTimeSynchronizer_1294419.txt /var/uc_logs/2021-06-01_00-00-06_service_vpe_946237.txt /var/uc_logs/2021-06-01_00-00-11_SNSDiagnosticsCameraDMS_1392727.txt /var/uc_logs/2021-06-01_00-00-11_isp_1392735.txt /var/uc_logs/2021-06-01_00-00-11_mlt_main_acp3_1392733.txt /var/uc_logs/2021-06-01_00-00-11_mot_main_1392731.txt /var/uc_logs/2021-06-01_00-00-11_perception_events_daemon_1392732.txt /var/uc_logs/2021-06-01_00-00-11_shadow_app_main_1392734.txt /var/uc_logs/2021-06-01_00-00-12_SNSDiagnosticsCameraMirrorRight_1392714.txt /var/uc_logs/2021-06-01_00-00-12_SNSDiagnosticsDMSEmitter_1421414.txt /var/uc_logs/2021-06-01_00-00-12_detector_rear_short_range_1392730.txt /var/uc_logs/2021-06-01_00-00-13_SNSDiagnosticsCameraMirrorLeft_1392723.txt /var/uc_logs/2021-06-01_00-00-13_SNSDiagnosticsSensingXID_1392726.txt /var/uc_logs/2021-06-01_00-00-14_SNSDiagnosticsCameraGrillFront_1392728.txt /var/uc_logs/2021-06-01_00-00-14_SNSDiagnosticsCameraLiftGate_1392729.txt /var/uc_logs/2021-06-01_00-00-15_detector_sides_short_range_1474661.txt /var/uc_logs/2021-06-01_00-00-20_detector_front_short_range_1495147.txt /var/uc_logs/2021-06-01_00-00-22_DcuManager_1515630.txt /var/uc_logs/2021-06-01_00-00-22_PlatformApiAdapter_1515628.txt /var/uc_logs/2021-06-01_00-00-22_TimeSynchronizer_1515629.txt /var/uc_logs/2021-06-01_00-00-23_alignCamera2Ground_1515631.txt /var/uc_logsA/2021-06-01_00-00-02_ShmemKiller_790560.txt /var/uc_logsA/2021-06-01_00-00-03_CameraDriver_946229.txt /var/uc_logsA/2021-06-01_00-00-03_PubSubManager_901172.txt /var/uc_logsA/2021-06-01_00-00-03_early_rvc_790576.txt /var/uc_logsA/2021-06-01_00-00-06_service_vpe_946237.txt /var/uc_logsA/2021-06-01_00-00-07_Acp3S2SGW_1343573.txt /var/uc_logsA/2021-06-01_00-00-07_LogTimeSynchronizer_1343572.txt /var/uc_logsA/2021-06-01_00-00-11_SNSDiagnosticsCameraDMS_1351767.txt /var/uc_logsA/2021-06-01_00-00-11_isp_1351775.txt /var/uc_logsA/2021-06-01_00-00-11_mlt_main_acp3_1351773.txt /var/uc_logsA/2021-06-01_00-00-11_mot_main_1351771.txt /var/uc_logsA/2021-06-01_00-00-11_perception_events_daemon_1351772.txt /var/uc_logsA/2021-06-01_00-00-11_shadow_app_main_1351774.txt /var/uc_logsA/2021-06-01_00-00-12_SNSDiagnosticsCameraMirrorRight_1351752.txt /var/uc_logsA/2021-06-01_00-00-12_SNSDiagnosticsDMSEmitter_1413220.txt /var/uc_logsA/2021-06-01_00-00-12_detector_rear_short_range_1351770.txt /var/uc_logsA/2021-06-01_00-00-13_SNSDiagnosticsCameraMirrorLeft_1351764.txt /var/uc_logsA/2021-06-01_00-00-13_SNSDiagnosticsSensingXID_1351766.txt /var/uc_logsA/2021-06-01_00-00-14_SNSDiagnosticsCameraGrillFront_1351768.txt /var/uc_logsA/2021-06-01_00-00-14_SNSDiagnosticsCameraLiftGate_1351769.txt /var/uc_logsA/2021-06-01_00-00-15_detector_sides_short_range_1478759.txt /var/uc_logsA/2021-06-01_00-00-20_detector_front_short_range_1499244.txt /var/uc_logsA/2021-06-01_00-00-22_DcuManager_1519727.txt /var/uc_logsA/2021-06-01_00-00-22_PlatformApiAdapter_1519725.txt /var/uc_logsA/2021-06-01_00-00-22_TimeSynchronizer_1519726.txt /var/uc_logsA/2021-06-01_00-00-23_alignCamera2Ground_1519728.txt /var/uc_logsB/1_Current_Logs /var/uc_logsB/2021-06-01_00-00-02_ShmemKiller_790560.txt /var/uc_logsB/2021-06-01_00-00-03_CameraDriver_946229.txt /var/uc_logsB/2021-06-01_00-00-03_PubSubManager_913460.txt /var/uc_logsB/2021-06-01_00-00-03_early_rvc_790567.txt /var/uc_logsB/2021-06-01_00-00-06_Acp3S2SGW_1343573.txt /var/uc_logsB/2021-06-01_00-00-06_LogTimeSynchronizer_1294419.txt /var/uc_logsB/2021-06-01_00-00-06_service_vpe_946237.txt /var/uc_logsB/2021-06-01_00-00-11_SNSDiagnosticsCameraDMS_1392727.txt /var/uc_logsB/2021-06-01_00-00-11_isp_1392735.txt /var/uc_logsB/2021-06-01_00-00-11_mlt_main_acp3_1392733.txt /var/uc_logsB/2021-06-01_00-00-11_mot_main_1392731.txt /var/uc_logsB/2021-06-01_00-00-11_perception_events_daemon_1392732.txt /var/uc_logsB/2021-06-01_00-00-11_shadow_app_main_1392734.txt /var/uc_logsB/2021-06-01_00-00-12_SNSDiagnosticsCameraMirrorRight_1392714.txt /var/uc_logsB/2021-06-01_00-00-12_SNSDiagnosticsDMSEmitter_1421414.txt /var/uc_logsB/2021-06-01_00-00-12_detector_rear_short_range_1392730.txt /var/uc_logsB/2021-06-01_00-00-13_SNSDiagnosticsCameraMirrorLeft_1392723.txt /var/uc_logsB/2021-06-01_00-00-13_SNSDiagnosticsSensingXID_1392726.txt /var/uc_logsB/2021-06-01_00-00-14_SNSDiagnosticsCameraGrillFront_1392728.txt /var/uc_logsB/2021-06-01_00-00-14_SNSDiagnosticsCameraLiftGate_1392729.txt /var/uc_logsB/2021-06-01_00-00-15_detector_sides_short_range_1474661.txt /var/uc_logsB/2021-06-01_00-00-20_detector_front_short_range_1495147.txt /var/uc_logsB/2021-06-01_00-00-22_DcuManager_1515630.txt /var/uc_logsB/2021-06-01_00-00-22_PlatformApiAdapter_1515628.txt /var/uc_logsB/2021-06-01_00-00-22_TimeSynchronizer_1515629.txt /var/uc_logsB/2021-06-01_00-00-23_alignCamera2Ground_1515631.txt /var/uclogs/1_Current_Logs /var/uclogs/ACP3 DM Manager logger.log /var/uclogs/ACP3 PassThrough Manager logger.log /var/uclogs/ACP3 UCM Manager logger.log /var/uclogs/ASUM_CommDiag.log /var/uclogs/ASUM_DM_SafetyAgent.log /var/uclogs/ASUM_Diag.log /var/uclogs/ASec.log /var/uclogs/ASpu.log /var/uclogs/C2GA.log /var/uclogs/CAMD.log /var/uclogs/ConD.log /var/uclogs/DCUM.log /var/uclogs/DLTD.log /var/uclogs/DLTR.log /var/uclogs/DMSCal.log /var/uclogs/DMS_Manager.log /var/uclogs/DV.log /var/uclogs/DiagNetworkIntegration.log /var/uclogs/DiagnosticsCameraDMS.log /var/uclogs/DiagnosticsCameraGrillFront.log /var/uclogs/DiagnosticsCameraLiftGate.log /var/uclogs/DiagnosticsCameraMirrorLeft.log /var/uclogs/DiagnosticsCameraMirrorRight.log /var/uclogs/DiagnosticsDMSEmitter.log /var/uclogs/DiagnosticsSensingXID.log /var/uclogs/EM.log /var/uclogs/EVNT.log /var/uclogs/ISP.log /var/uclogs/LogT.log /var/uclogs/MLT.log /var/uclogs/MOT.log /var/uclogs/MapApp.log /var/uclogs/MapDataLayer.log /var/uclogs/MapOTA.log /var/uclogs/MapRedBend.log /var/uclogs/MapRouteServer.log /var/uclogs/NMng.log /var/uclogs/QQQDiagApp.log /var/uclogs/S2SG.log /var/uclogs/SHDW.log /var/uclogs/SMAT.log /var/uclogs/SysD.log /var/uclogs/TSYN.log /var/uclogs/VExc.log /var/uclogs/VPER.log /var/uclogs/VPE_SV.log /var/uclogs/VPhm.log /var/uclogs/VSom.log /var/uclogs/VhFn.log /var/uclogs/gwdc.log /var/uclogsA/ACP3 /var/uclogsA/ACP3 DM Manager logger.log /var/uclogsA/ACP3 PassThrough Manager logger.log /var/uclogsA/ACP3 UCM Manager logger.log /var/uclogsA/ASUM_CommDiag.log /var/uclogsA/ASUM_DM_SafetyAgent.log /var/uclogsA/ASUM_Diag.log /var/uclogsA/ASec.log /var/uclogsA/ASpu.log /var/uclogsA/C2GA.log /var/uclogsA/CAMD.log /var/uclogsA/ConD.log /var/uclogsA/DCUM.log /var/uclogsA/DLTD.log /var/uclogsA/DLTR.log /var/uclogsA/DMSCal.log /var/uclogsA/DMS_Manager.log /var/uclogsA/DV.log /var/uclogsA/DiagNetworkIntegration.log /var/uclogsA/DiagnosticsCameraDMS.log /var/uclogsA/DiagnosticsCameraGrillFront.log /var/uclogsA/DiagnosticsCameraLiftGate.log /var/uclogsA/DiagnosticsCameraMirrorLeft.log /var/uclogsA/DiagnosticsCameraMirrorRight.log /var/uclogsA/DiagnosticsDMSEmitter.log /var/uclogsA/DiagnosticsSensingXID.log /var/uclogsA/EM.log /var/uclogsA/EVNT.log /var/uclogsA/ISP.log /var/uclogsA/LogT.log /var/uclogsA/MLT.log /var/uclogsA/MOT.log /var/uclogsA/MapApp.log /var/uclogsA/MapDataLayer.log /var/uclogsA/MapOTA.log /var/uclogsA/MapRedBend.log /var/uclogsA/MapRouteServer.log /var/uclogsA/NMng.log /var/uclogsA/QQQDiagApp.log /var/uclogsA/S2SG.log /var/uclogsA/SHDW.log /var/uclogsA/SMAT.log /var/uclogsA/SysD.log /var/uclogsA/TSYN.log /var/uclogsA/VExc.log /var/uclogsA/VPER.log /var/uclogsA/VPE_SV.log /var/uclogsA/VPhm.log /var/uclogsA/VSom.log /var/uclogsA/VhFn.log /var/uclogsA/gwdc.log /var/uclogsB/1_Current_Logs /var/uclogsB/ACP3 DM Manager logger.log /var/uclogsB/ACP3 PassThrough Manager logger.log /var/uclogsB/ACP3 UCM Manager logger.log /var/uclogsB/ASUM_CommDiag.log /var/uclogsB/ASUM_DM_SafetyAgent.log /var/uclogsB/ASUM_Diag.log /var/uclogsB/ASec.log /var/uclogsB/ASpu.log /var/uclogsB/C2GA.log /var/uclogsB/CAMD.log /var/uclogsB/ConD.log /var/uclogsB/DCUM.log /var/uclogsB/DLTD.log /var/uclogsB/DLTR.log /var/uclogsB/DMSCal.log /var/uclogsB/DMS_Manager.log /var/uclogsB/DV.log /var/uclogsB/DiagNetworkIntegration.log /var/uclogsB/DiagnosticsCameraDMS.log /var/uclogsB/DiagnosticsCameraGrillFront.log /var/uclogsB/DiagnosticsCameraLiftGate.log /var/uclogsB/DiagnosticsCameraMirrorLeft.log /var/uclogsB/DiagnosticsCameraMirrorRight.log /var/uclogsB/DiagnosticsDMSEmitter.log /var/uclogsB/DiagnosticsSensingXID.log /var/uclogsB/EM.log /var/uclogsB/EVNT.log /var/uclogsB/ISP.log /var/uclogsB/LogT.log /var/uclogsB/MLT.log /var/uclogsB/MOT.log /var/uclogsB/MapApp.log /var/uclogsB/MapDataLayer.log /var/uclogsB/MapOTA.log /var/uclogsB/MapRedBend.log /var/uclogsB/MapRouteServer.log /var/uclogsB/NMng.log /var/uclogsB/QQQDiagApp.log /var/uclogsB/S2SG.log /var/uclogsB/SHDW.log /var/uclogsB/SMAT.log /var/uclogsB/SysD.log /var/uclogsB/TSYN.log /var/uclogsB/VExc.log /var/uclogsB/VPER.log /var/uclogsB/VPE_SV.log /var/uclogsB/VPhm.log /var/uclogsB/VSom.log /var/uclogsB/VhFn.log /var/uclogsB/gwdc.log > /dev/null" on ACP3
[06/08/2024 14:49:56.830] DEBUG: [DutLogsHandler.py->clear_uc_logs()] Clear /var/uc_logs*/* /var/uclogs*/* logs files results:
[06/08/2024 14:49:56.834] DEBUG: [qnx_commands.py->run_qnx_command()] Trying to run: "ls /var/log/vpe/*" on ACP3
[06/08/2024 14:49:57.056] DEBUG: [qnx_commands.py->run_qnx_command()] SystemType.ACP3 shell command returned: /var/log/vpe/early_rvc_service.log
/var/log/vpe/early_rvc_service.sh
/var/log/vpe/early_rvc_service_system_info.log
/var/log/vpe/pidin_threads_946237.txt
/var/log/vpe/pidin_threads_None.txt
/var/log/vpe/vpe_service.log
/var/log/vpe/vpe_service.sh
/var/log/vpe/vpe_service_cfg.log
/var/log/vpe/vpe_service_system_info.log
[06/08/2024 14:49:57.065] DEBUG: [qnx_commands.py->run_qnx_command()] Trying to run: "echo > /var/log/vpe/early_rvc_service.log" on ACP3
[06/08/2024 14:49:57.267] DEBUG: [qnx_commands.py->run_qnx_command()] Trying to run: "chown gm_vpervc:gm_vpervc /tmp/vpe_cli.txt && chmod +w /tmp/vpe_cli.txt" on VCU
[06/08/2024 14:49:57.620] DEBUG: [qnx_commands.py->run_qnx_command()] SystemType.VCU shell command returned: chown: No such file or directory (lstat /tmp/vpe_cli.txt)
[06/08/2024 14:49:57.626] DEBUG: [qnx_commands.py->run_qnx_command()] Trying to run: "echo > /var/log/vpe/early_rvc_service_system_info.log" on ACP3
[06/08/2024 14:49:57.741] DEBUG: [qnx_commands.py->run_qnx_command()] Trying to run: "chown gm_vpervc:gm_vpervc /tmp/vpe_cli.txt && chmod +w /tmp/vpe_cli.txt" on VCU
[06/08/2024 14:49:58.255] DEBUG: [qnx_commands.py->run_qnx_command()] SystemType.VCU shell command returned: chown: No such file or directory (lstat /tmp/vpe_cli.txt)
[06/08/2024 14:49:58.268] DEBUG: [qnx_commands.py->run_qnx_command()] Trying to run: "rm /var/log/vpe/pidin_threads_946237.txt" on ACP3
[06/08/2024 14:49:58.383] DEBUG: [qnx_commands.py->run_qnx_command()] Trying to run: "rm /var/log/vpe/pidin_threads_None.txt" on ACP3
[06/08/2024 14:49:58.593] DEBUG: [qnx_commands.py->run_qnx_command()] Trying to run: "echo > /var/log/vpe/vpe_service.log" on ACP3
[06/08/2024 14:49:58.806] DEBUG: [qnx_commands.py->run_qnx_command()] Trying to run: "chown gm_vpervc:gm_vpervc /tmp/vpe_cli.txt && chmod +w /tmp/vpe_cli.txt" on VCU
[06/08/2024 14:49:59.075] DEBUG: [qnx_commands.py->run_qnx_command()] SystemType.VCU shell command returned: chown: No such file or directory (lstat /tmp/vpe_cli.txt)
[06/08/2024 14:49:59.089] DEBUG: [qnx_commands.py->delete_file()] Deleting file [/var/log/vpe/vpe_service_system_info.log] from QNX os on ACP3
[06/08/2024 14:49:59.099] DEBUG: [qnx_commands.py->run_qnx_command()] Trying to run: "rm /var/log/vpe/vpe_service_system_info.log" on ACP3
[06/08/2024 14:49:59.210] DEBUG: [qnx_commands.py->run_qnx_command()] Trying to run: "ls /var/log/vpe/vpe_service_system_info.log" on ACP3
[06/08/2024 14:49:59.423] DEBUG: [qnx_commands.py->run_qnx_command()] SystemType.ACP3 shell command returned: ls: No such file or directory (/var/log/vpe/vpe_service_system_info.log)
[06/08/2024 14:49:59.427] DEBUG: [qnx_commands.py->delete_file()] Failed Deleting file [/var/log/vpe/vpe_service_system_info.log] from QNX os on ACP3
[06/08/2024 14:49:59.431] DEBUG: [qnx_commands.py->run_qnx_command()] Trying to run: "pidin -F "%a %b %N %h %p %J %B" | grep -e "service.rvcvpe"" on VCU
[06/08/2024 14:50:06.145] DEBUG: [qnx_commands.py->run_qnx_command()] SystemType.VCU shell command returned: 53336   1 bin/service.rvcvpe Main                  15r CONDVAR     (0x26dee99298)
   53336   2 bin/service.rvcvpe 2                     15r CONDVAR     (0x26de57bac0)
   53336   3 bin/service.rvcvpe HAM Monitor           15r NANOSLEEP
   53336   4 bin/service.rvcvpe VPE Timer             15r CONDVAR     (0x26dedbf4d4)
   53336   5 bin/service.rvcvpe PMEM tracking RM      10r RECEIVE     3
   53336   6 bin/service.rvcvpe ais_c_evnt_recv_3     10r REPLY       49193
   53336   7 bin/service.rvcvpe ais_c_evnt_cb_3       10r CONDVAR     (0x263c75fa18)
   53336   8 bin/service.rvcvpe c_health              10r NANOSLEEP
   53336   9 bin/service.rvcvpe ais_c_evnt_recv_6     10r REPLY       49193
   53336  10 bin/service.rvcvpe ais_c_evnt_cb_6       10r CONDVAR     (0x263c760020)
   53336  11 bin/service.rvcvpe _LIB_CALLBACK_THREAD  10r RECEIVE     6
   53336  12 bin/service.rvcvpe VPMCanBusNotifier     15r CONDVAR     (0x26de694da0)
   53336  13 bin/service.rvcvpe 13                    63r RECEIVE     8
   53336  14 bin/service.rvcvpe VcuPowerManager       15r DEAD
   53336  15 bin/service.rvcvpe unctionality to SUSD  15r CONDVAR     (0x2315ffb1b0)
   53336  16 bin/service.rvcvpe ine Message listener  15r CONDVAR     (0x26dee8d310)
   53336  17 bin/service.rvcvpe RVCCameraFault        15r CONDVAR     (0x26dee8cfc8)
   53336  18 bin/service.rvcvpe DiagMngrCamFault      15r CONDVAR     (0x26dee8ccf8)
   53336  19 bin/service.rvcvpe cuDiagnosticsManager  15r DEAD
   53336  20 bin/service.rvcvpe fier listener thread  15r CONDVAR     (0x26dee8c568)
   53336  21 bin/service.rvcvpe INPUT_NODE1           15r REPLY       49193
   53336  22 bin/service.rvcvpe 22                    10r RECEIVE     2
   53336  23 bin/service.rvcvpe EGLscrn updater       15r CONDVAR     (0x26decf44a0)
   53336  24 bin/service.rvcvpe RVCHmiInterface       10r RECEIVE     12
   53336  25 bin/service.rvcvpe VPE GPIO Device       15r NANOSLEEP
   53336  26 bin/service.rvcvpe rvc-service_cli       15r NANOSLEEP
   53336  27 bin/service.rvcvpe RVCUserPreferences    15r CONDVAR     (0x26dee6a658)
   53336  29 bin/service.rvcvpe d_plc_state_listener  15r SIGWAITINFO
[06/08/2024 14:50:06.153] DEBUG: [DebugInfo.py->collect_pidin_info()] pidin info: 53336   1 bin/service.rvcvpe Main                  15r CONDVAR     (0x26dee99298)
   53336   2 bin/service.rvcvpe 2                     15r CONDVAR     (0x26de57bac0)
   53336   3 bin/service.rvcvpe HAM Monitor           15r NANOSLEEP
   53336   4 bin/service.rvcvpe VPE Timer             15r CONDVAR     (0x26dedbf4d4)
   53336   5 bin/service.rvcvpe PMEM tracking RM      10r RECEIVE     3
   53336   6 bin/service.rvcvpe ais_c_evnt_recv_3     10r REPLY       49193
   53336   7 bin/service.rvcvpe ais_c_evnt_cb_3       10r CONDVAR     (0x263c75fa18)
   53336   8 bin/service.rvcvpe c_health              10r NANOSLEEP
   53336   9 bin/service.rvcvpe ais_c_evnt_recv_6     10r REPLY       49193
   53336  10 bin/service.rvcvpe ais_c_evnt_cb_6       10r CONDVAR     (0x263c760020)
   53336  11 bin/service.rvcvpe _LIB_CALLBACK_THREAD  10r RECEIVE     6
   53336  12 bin/service.rvcvpe VPMCanBusNotifier     15r CONDVAR     (0x26de694da0)
   53336  13 bin/service.rvcvpe 13                    63r RECEIVE     8
   53336  14 bin/service.rvcvpe VcuPowerManager       15r DEAD
   53336  15 bin/service.rvcvpe unctionality to SUSD  15r CONDVAR     (0x2315ffb1b0)
   53336  16 bin/service.rvcvpe ine Message listener  15r CONDVAR     (0x26dee8d310)
   53336  17 bin/service.rvcvpe RVCCameraFault        15r CONDVAR     (0x26dee8cfc8)
   53336  18 bin/service.rvcvpe DiagMngrCamFault      15r CONDVAR     (0x26dee8ccf8)
   53336  19 bin/service.rvcvpe cuDiagnosticsManager  15r DEAD
   53336  20 bin/service.rvcvpe fier listener thread  15r CONDVAR     (0x26dee8c568)
   53336  21 bin/service.rvcvpe INPUT_NODE1           15r REPLY       49193
   53336  22 bin/service.rvcvpe 22                    10r RECEIVE     2
   53336  23 bin/service.rvcvpe EGLscrn updater       15r CONDVAR     (0x26decf44a0)
   53336  24 bin/service.rvcvpe RVCHmiInterface       10r RECEIVE     12
   53336  25 bin/service.rvcvpe VPE GPIO Device       15r NANOSLEEP
   53336  26 bin/service.rvcvpe rvc-service_cli       15r NANOSLEEP
   53336  27 bin/service.rvcvpe RVCUserPreferences    15r CONDVAR     (0x26dee6a658)
   53336  29 bin/service.rvcvpe d_plc_state_listener  15r SIGWAITINFO - stored at D:\projects\vvi-automation\VPM_Automation_Logs\test_cold_boot_park_vcu_m_AVVP171263-30771\iteration_5\Logs + f"\pidin_info.txt"
[06/08/2024 14:50:06.159] DEBUG: [DebugInfo.py->collect_showmem_log()] collect the showmem log file to D:\projects\vvi-automation\VPM_Automation_Logs\test_cold_boot_park_vcu_m_AVVP171263-30771\iteration_5\Logs...
[06/08/2024 14:50:06.166] DEBUG: [qnx_commands.py->run_qnx_command()] Trying to run: "showmem -a > /var/log/showmem.log" on VCU
[06/08/2024 14:50:13.337] DEBUG: [SerialCommands.py->read_console_log()] [serial console] qnx startup complete
[06/08/2024 14:50:14.706] DEBUG: [qnx_commands.py->run_qnx_command()] Trying to run: "pidin -p service_vpe -f a | grep -v pid" on ACP3
[06/08/2024 14:50:14.812] DEBUG: [qnx_commands.py->run_qnx_command()] SystemType.ACP3 shell command returned: 946237
[06/08/2024 14:50:16.168] DEBUG: [qnx_commands.py->run_qnx_command()] Trying to run: "pidin -p RtosAppMain -f a | grep -v pid" on VCU
[06/08/2024 14:50:17.805] DEBUG: [qnx_commands.py->run_qnx_command()] SystemType.VCU shell command returned: 1134701
[06/08/2024 14:50:20.553] DEBUG: [SerialCommands.py->read_console_log()] [serial console] [swu]	hwconfig=hwconfig [0x271000500010000 gb row c2 hwtype_mid tuner_mercurydab_merlin ethernet_yes(es_high) sxm_no gnss_yes ram_12 ufs_128]
[06/08/2024 14:50:20.557] DEBUG: [SerialCommands.py->read_console_log()] [serial console] [swu]	moduleid_t::module_id_vip_app=4vb.175.5.21
[06/08/2024 14:50:20.560] DEBUG: [SerialCommands.py->read_console_log()] [serial console] [swu]	moduleid_t::module_id_gnss=1.0
[06/08/2024 14:50:20.569] DEBUG: [SerialCommands.py->read_console_log()] [serial console] [swu]	moduleid_t::module_id_tuner=090710007821
[06/08/2024 14:50:20.574] DEBUG: [SerialCommands.py->read_console_log()] [serial console] [swu]	moduleid_t::module_id_ethernet_switch=v2.07.1001 (2020-05-07) - :fec89c3f
[06/08/2024 14:50:20.585] DEBUG: [SerialCommands.py->read_console_log()] [serial console] [swu]	moduleid_t::module_id_vip_bootloader=rb_main_2024.24.5
[06/08/2024 14:50:20.589] DEBUG: [SerialCommands.py->read_console_log()] [serial console] [swu]	moduleid_t::module_id_vip_hsm=partnumber [85761962.ab]
[06/08/2024 14:50:20.593] DEBUG: [SerialCommands.py->read_console_log()] [serial console] [swu]	display: config=17
[06/08/2024 14:50:20.599] DEBUG: [SerialCommands.py->read_console_log()] [serial console] [swu]	display: 8960 x 1320
Setting artifact directory to D:\projects\vvi-automation\VPM_Automation_Logs\test_cold_boot_park_vcu_m_AVVP171263-30771\iteration_5
[06/08/2024 14:50:20.695] DEBUG: [IterationActions.py->check_for_core_dumps_after_iteration()] looking for ANY core dump after iteration..
[06/08/2024 14:50:20.702] DEBUG: [CoreDumpCollector.py->check_for_core_dumps()] Looking for core dumps at /persist/em/coredumpdir/*.core*
[06/08/2024 14:50:20.707] DEBUG: [qnx_commands.py->run_qnx_command()] Trying to run: "ls /persist/em/coredumpdir/*.core*" on VCU
[06/08/2024 14:50:20.986] DEBUG: [SerialCommands.py->read_console_log()] [serial console] [swu]	fidminfo [display id=8, sw verion=0x8, hardware version=0x7, hw_pn=partnumber [53784531.aa]]
[06/08/2024 14:50:21.114] DEBUG: [SerialCommands.py->read_console_log()] [serial console] [swu]	found potential new firmware for moduleid_t::module_id_gnss: current version=1.0, latest firmware version=4.32
[06/08/2024 14:50:21.145] DEBUG: [SerialCommands.py->read_console_log()] [serial console] [swu]	found potential new firmware for moduleid_t::module_id_ethernet_switch: current version=v2.07.1001 (2020-05-07) - :fec89c3f, latest firmware version=v2.09.1000 (2022-05-20) - :34968d23
[06/08/2024 14:50:21.147] DEBUG: [SerialCommands.py->read_console_log()] [serial console] [swu]
[06/08/2024 14:50:21.150] DEBUG: [SerialCommands.py->read_console_log()] [serial console] *************************************************************************
[06/08/2024 14:50:21.153] DEBUG: [SerialCommands.py->read_console_log()] [serial console] use following steps to update firmwares
[06/08/2024 14:50:21.161] DEBUG: [SerialCommands.py->read_console_log()] [serial console] touch /ota_update/recovery/gm_recovery_update_peripherals
[06/08/2024 14:50:21.163] DEBUG: [SerialCommands.py->read_console_log()] [serial console] swu_bootctrl.out -s mode 2
[06/08/2024 14:50:21.165] DEBUG: [SerialCommands.py->read_console_log()] [serial console] reset
[06/08/2024 14:50:21.168] DEBUG: [SerialCommands.py->read_console_log()] [serial console] after power cycle, vcu will enter recovery mode to update firmwares
[06/08/2024 14:50:21.168] DEBUG: [qnx_commands.py->run_qnx_command()] SystemType.VCU shell command returned: ls: No such file or directory (/persist/em/coredumpdir/*.core*)
[06/08/2024 14:50:21.178] DEBUG: [SerialCommands.py->read_console_log()] [serial console] *************************************************************************
[06/08/2024 14:50:21.180] DEBUG: [SerialCommands.py->read_console_log()] [serial console]
[06/08/2024 14:50:21.177] DEBUG: [CoreDumpCollector.py->check_for_core_dumps()] List of files on /persist/em/coredumpdir/*.core* is: ls: No such file or directory (/persist/em/coredumpdir/*.core*)
[06/08/2024 14:50:21.183] DEBUG: [qnx_commands.py->run_qnx_command()] Trying to run: "ls /persist/em/coredumpdir/*.core*" on VCU
[06/08/2024 14:50:21.620] DEBUG: [qnx_commands.py->run_qnx_command()] SystemType.VCU shell command returned: ls: No such file or directory (/persist/em/coredumpdir/*.core*)
[06/08/2024 14:50:21.624]  FAIL: [LowLevelTest.py->post_iteration_actions()] Iteration 5 Failed.
NoneType: None
[06/08/2024 14:50:21.628]  INFO: [Scenario.py->recover()] Resetting system after failure before next iteration
[06/08/2024 14:50:21.631] DEBUG: [VehicleControllerFullBench.py->reset_system()] Start - Resets Full Bench
[06/08/2024 14:50:21.635] DEBUG: [VehicleControllerFullBench.py->reset_system()] Turn off all ecus - Resets Full Bench
[06/08/2024 14:50:22.092] DEBUG: [USBRelay.py->set_relay()] Changed channel Start to On successfully
[06/08/2024 14:50:23.051] DEBUG: [USBRelay.py->set_relay()] Changed channel Start to Off successfully
[06/08/2024 14:50:23.517] DEBUG: [USBRelay.py->set_relay()] Changed channel Doors_Ajar to On successfully
[06/08/2024 14:50:24.478] DEBUG: [USBRelay.py->set_relay()] Changed channel Doors_Ajar to Off successfully
[06/08/2024 14:50:24.487] DEBUG: [VehicleControllerFullBench.py->set_system_power_mode_off()]  --- Set the system power mode to off --
[06/08/2024 14:50:24.491]  INFO: [ClientPowerFullBench.py->set_off_mode()] Set to Off mode in full Bench setup
[06/08/2024 14:50:24.949] DEBUG: [USBRelay.py->set_relay()] Changed channel DisplayFreeForm to Off successfully
[06/08/2024 14:50:25.908] DEBUG: [USBRelay.py->set_relay()] Changed channel DisplayRectangle to Off successfully
[06/08/2024 14:50:26.868] DEBUG: [USBRelay.py->set_relay()] Changed channel CGM to Off successfully
[06/08/2024 14:50:27.836] DEBUG: [USBRelay.py->set_relay()] Changed channel TCP to Off successfully
[06/08/2024 14:50:28.795] DEBUG: [USBRelay.py->set_relay()] Changed channel Brake to Off successfully
[06/08/2024 14:50:29.761] DEBUG: [USBRelay.py->set_relay()] Changed channel Brake_2 to Off successfully
[06/08/2024 14:50:30.729] DEBUG: [USBRelay.py->set_relay()] Changed channel Start to Off successfully
[06/08/2024 14:50:31.702] DEBUG: [USBRelay.py->set_relay()] Changed channel Start_2 to Off successfully
[06/08/2024 14:50:32.027] DEBUG: [qnx_commands.py->run_qnx_command()] Trying to run: "echo telnet_available" on VCU
[06/08/2024 14:50:32.145] DEBUG: [qnx_commands.py->run_qnx_command()] SystemType.VCU shell command returned: telnet_available
[06/08/2024 14:50:32.147]  INFO: [qnx_commands.py->check_qnx_available()] QNX connection [VCU] is Available.
[06/08/2024 14:50:32.148]  INFO: [dlt_ongoing_collector.py->__fetch_logs()] fetching new dlt logs
[06/08/2024 14:50:32.150] DEBUG: [qnx_commands.py->run_qnx_command()] Trying to run: "ls /var/log/dlt_raw | grep .dlt" on VCU
[06/08/2024 14:50:32.375] DEBUG: [qnx_commands.py->run_qnx_command()] SystemType.VCU shell command returned: Audio.251.dlt
CriticalSoc.190.dlt
Soc.094.dlt
Vip.131.dlt
parse_dlt.sh
[06/08/2024 14:50:32.672] DEBUG: [USBRelay.py->set_relay()] Changed channel Doors_Ajar to Off successfully
[06/08/2024 14:50:33.632] DEBUG: [USBRelay.py->set_relay()] Changed channel BCM to Off successfully
[06/08/2024 14:50:34.591] DEBUG: [USBRelay.py->set_relay()] Changed channel CSM to Off successfully
[06/08/2024 14:50:35.558] DEBUG: [USBRelay.py->set_relay()] Changed channel ACP3 to Off successfully
[06/08/2024 14:50:36.528] DEBUG: [USBRelay.py->set_relay()] Changed channel Start_3 to Off successfully
[06/08/2024 14:50:37.487] DEBUG: [USBRelay.py->set_relay()] Changed channel Start_4 to Off successfully
[06/08/2024 14:50:38.411]  WARN: [ping_util.py->ping_thread_method()] VCU TCP Connection Is Down!
[06/08/2024 14:50:38.457] DEBUG: [USBRelay.py->set_relay()] Changed channel Channel_15 to Off successfully
[06/08/2024 14:50:39.411]  WARN: [ping_util.py->ping_thread_method()] ACP3 TCP Connection Is Down!
[06/08/2024 14:50:39.425] DEBUG: [USBRelay.py->set_relay()] Changed channel Hardwire_Reverse to Off successfully
[06/08/2024 14:50:39.936] DEBUG: [VSPY_commands.py->stop_vspy_online()] VSPY goes online. Run stop command
[06/08/2024 14:50:43.635]  WARN: [ping_util.py->ping_thread_method()] VCU TCP Connection Is Down!
[06/08/2024 14:50:44.404]  WARN: [ping_util.py->ping_thread_method()] ACP3 TCP Connection Is Down!
[06/08/2024 14:50:44.815] DEBUG: [qnx_commands.py->run_qnx_command()] Trying to run: "pidin -p service_vpe -f a | grep -v pid" on ACP3
[06/08/2024 14:50:44.816] DEBUG: [ssh_command.py->__run_ssh_command_core()] Connection to 172.16.1.246 failed.
[06/08/2024 14:50:44.818] DEBUG: [ssh_command.py->__run_ssh_command_core()] Create new Connection to 172.16.1.246, and retry
[06/08/2024 14:50:47.808] DEBUG: [qnx_commands.py->run_qnx_command()] Trying to run: "pidin -p RtosAppMain -f a | grep -v pid" on VCU
[06/08/2024 14:50:48.411]  WARN: [ping_util.py->ping_thread_method()] VCU TCP Connection Is Down!
[06/08/2024 14:50:49.410]  WARN: [ping_util.py->ping_thread_method()] ACP3 TCP Connection Is Down!
[06/08/2024 14:50:49.822] DEBUG: [ssh_command.py->__run_ssh_command_core()] Failed to run SSH command on 172.16.1.246 - resetting all SSH connections.
[06/08/2024 14:50:49.827] DEBUG: [ssh_command.py->run_ssh_command()] Caught an exception while running SSH command ". /etc/profile; pidin -p service_vpe -f a | grep -v pid". Retrying attempt 1 of 1
[06/08/2024 14:50:49.830] DEBUG: [testing_logs_utils.py->logged_sleep()] Sleeping for 4 seconds
[06/08/2024 14:50:49.926] DEBUG: [ssh_command.py->__run_ssh_command_core()] Connection to 172.16.4.101 failed.
[06/08/2024 14:50:49.928] DEBUG: [ssh_command.py->__run_ssh_command_core()] Create new Connection to 172.16.4.101, and retry
[06/08/2024 14:50:49.930] DEBUG: [ssh_command.py->__run_ssh_command_core()] Failed to run SSH command on 172.16.4.101 - resetting all SSH connections.
[06/08/2024 14:50:49.932] DEBUG: [ssh_command.py->run_ssh_command()] Caught an exception while running SSH command "pidin -p RtosAppMain -f a | grep -v pid". Retrying attempt 1 of 1
[06/08/2024 14:50:49.934] DEBUG: [testing_logs_utils.py->logged_sleep()] Sleeping for 4 seconds
[06/08/2024 14:50:52.588] DEBUG: [VSPY_commands.py->set_vspy_to_go_online()] VSPY goes online. Run start command
[06/08/2024 14:50:53.402]  WARN: [ping_util.py->ping_thread_method()] VCU TCP Connection Is Down!
[06/08/2024 14:50:53.833] DEBUG: [testing_logs_utils.py->logged_sleep()] Done sleeping
[06/08/2024 14:50:53.834]  WARN: [ssh_command.py->run_ssh_command()] All attempts failed while running SSH command ". /etc/profile; pidin -p service_vpe -f a | grep -v pid" on 172.16.1.246. device is down or unreachable for at least 4 sec.
[06/08/2024 14:50:53.835]  INFO: [vpe_service_monitor.py->get_service_pid()] Failed to find process: service_vpe
[06/08/2024 14:50:53.836] DEBUG: [vpe_service_monitor.py->monitor_pid_change()] VPE PID was 946237 and now is None
[06/08/2024 14:50:53.837] DEBUG: [qnx_commands.py->run_qnx_command()] Trying to run: "pidin threads > /var/log/vpe/pidin_threads_None.txt" on ACP3
[06/08/2024 14:50:53.937] DEBUG: [testing_logs_utils.py->logged_sleep()] Done sleeping
[06/08/2024 14:50:53.938]  WARN: [ssh_command.py->run_ssh_command()] All attempts failed while running SSH command "pidin -p RtosAppMain -f a | grep -v pid" on 172.16.4.101. device is down or unreachable for at least 4 sec.
[06/08/2024 14:50:53.939] ERROR: [hmi_service_monitor.py->get_service_pid()] Failed to find process: RtosAppMain
NoneType: None
[06/08/2024 14:50:53.940]  WARN: [hmi_service_monitor.py->monitor_pid_change()] HMI PID had Changed from 1134701 to None
[06/08/2024 14:50:53.941]  INFO: [hmi_service_monitor.py->monitor_pid_change()] HMI PID Changed counter: 12
[06/08/2024 14:50:54.407]  WARN: [ping_util.py->ping_thread_method()] ACP3 TCP Connection Is Down!
[06/08/2024 14:50:58.410]  WARN: [ping_util.py->ping_thread_method()] VCU TCP Connection Is Down!
[06/08/2024 14:50:58.840] DEBUG: [ssh_command.py->run_ssh_command()] Caught an exception while running SSH command ". /etc/profile; pidin threads > /var/log/vpe/pidin_threads_None.txt". Retrying attempt 1 of 4
[06/08/2024 14:50:58.845] DEBUG: [testing_logs_utils.py->logged_sleep()] Sleeping for 4 seconds
[06/08/2024 14:50:59.410]  WARN: [ping_util.py->ping_thread_method()] ACP3 TCP Connection Is Down!
[06/08/2024 14:51:02.807] DEBUG: [VSPY_commands.py->check_db_signal_in_current_values()] Actual signal value [Off]. Check DB Signal SysPwrMode_Prtctd_PDU->SPMP_SysPwrModeAuth  with command: [db(db5494).sg(13).value?]
[06/08/2024 14:51:02.822] DEBUG: [VSPY_commands.py->check_db_signal_in_current_values()] Signal value [Off] found in expected values: ['Off']
[06/08/2024 14:51:02.834] DEBUG: [VSPY_commands.py->check_db_signal()] Check DB Signal [PDU_5062->InfoSysStat] matches value: [Sleep] with command: [db(db3324).sg(3).value?]
[06/08/2024 14:51:02.850] DEBUG: [testing_logs_utils.py->logged_sleep()] Done sleeping
[06/08/2024 14:51:03.043]  INFO: [ClientPowerFullBench.py->set_power_mode_on()] Set to Run mode in full Bench setup
[06/08/2024 14:51:03.058] DEBUG: [USBRelay.py->full_start_engine()] full_start_engine() MY24 Full start engine. Perform full start engine via USB relay
[06/08/2024 14:51:03.068] DEBUG: [USBRelay.py->set_all_ecus()] set_all_ecus
[06/08/2024 14:51:03.407]  WARN: [ping_util.py->ping_thread_method()] VCU TCP Connection Is Down!
[06/08/2024 14:51:03.634] DEBUG: [USBRelay.py->set_relay()] Changed channel ACP3 to On successfully
[06/08/2024 14:51:04.201] DEBUG: [USBRelay.py->set_relay()] Changed channel BCM to On successfully
[06/08/2024 14:51:04.402]  WARN: [ping_util.py->ping_thread_method()] ACP3 TCP Connection Is Down!
[06/08/2024 14:51:04.764] DEBUG: [USBRelay.py->set_relay()] Changed channel CGM to On successfully
[06/08/2024 14:51:05.326] DEBUG: [USBRelay.py->set_relay()] Changed channel CSM to On successfully
[06/08/2024 14:51:05.643] DEBUG: [SerialCommands.py->read_console_log()] [serial console]
[06/08/2024 14:51:05.784] DEBUG: [USBRelay.py->set_relay()] Changed channel Doors_Ajar to On successfully
[06/08/2024 14:51:05.970] DEBUG: [SerialCommands.py->read_console_log()] [serial console] read_softsku_pt:135 softsku partition not found, continuing with raw sku id
[06/08/2024 14:51:05.972] DEBUG: [SerialCommands.py->read_console_log()] [serial console] cannot initialize softsku, continue with normal sku id
[06/08/2024 14:51:06.082] DEBUG: [SerialCommands.py->read_console_log()] [serial console] swdl_init:549 system banked to "a"
[06/08/2024 14:51:06.098] DEBUG: [SerialCommands.py->read_console_log()] [serial console] crm: qxa.qa.5.0.r12-00019-sa8155p.hyp-1 (built 2024/05/12-09:33:01-pdt)
[06/08/2024 14:51:06.130] DEBUG: [SerialCommands.py->read_console_log()] [serial console] el2 save/restore init (built: nov  8 2021 19:27:17)
[06/08/2024 14:51:06.132] DEBUG: [SerialCommands.py->read_console_log()] [serial console] exiting bootstrap executable el2-save-restore
[06/08/2024 14:51:06.133] DEBUG: [SerialCommands.py->read_console_log()] [serial console] mmflags=219
[06/08/2024 14:51:06.178] DEBUG: [SerialCommands.py->read_console_log()] [serial console] activating ringbuffer @ 0x80224000 size 16352
[06/08/2024 14:51:06.195] DEBUG: [SerialCommands.py->read_console_log()] [serial console] all clockcycles offsets within tolerance
[06/08/2024 14:51:06.199] DEBUG: [SerialCommands.py->read_console_log()] [serial console] no #1262888 wa needed on cpu0
[06/08/2024 14:51:06.203] DEBUG: [SerialCommands.py->read_console_log()] [serial console] no #1262888 wa needed on cpu1
[06/08/2024 14:51:06.210] DEBUG: [SerialCommands.py->read_console_log()] [serial console] no #1262888 wa needed on cpu2
[06/08/2024 14:51:06.212] DEBUG: [SerialCommands.py->read_console_log()] [serial console] no #1262888 wa needed on cpu3
[06/08/2024 14:51:06.216] DEBUG: [SerialCommands.py->read_console_log()] [serial console] #1262888 wa needed on cpu4
[06/08/2024 14:51:06.219] DEBUG: [SerialCommands.py->read_console_log()] [serial console] #1262888 wa needed on cpu5
[06/08/2024 14:51:06.222] DEBUG: [SerialCommands.py->read_console_log()] [serial console] #1262888 wa needed on cpu6
[06/08/2024 14:51:06.227] DEBUG: [SerialCommands.py->read_console_log()] [serial console] #1262888 wa needed on cpu7
[06/08/2024 14:51:06.232] DEBUG: [SerialCommands.py->read_console_log()] [serial console] hypervisor running
[06/08/2024 14:51:06.242] DEBUG: [SerialCommands.py->read_console_log()] [serial console] slog2_api: cannot connect to slogger2 server...errno=no such file or directory
[06/08/2024 14:51:06.466] DEBUG: [SerialCommands.py->read_console_log()] [serial console] # pps_early: notice: pps initializing
[06/08/2024 14:51:06.498] DEBUG: [SerialCommands.py->read_console_log()] [serial console] pps_early: notice: pps attaching /early_pps
[06/08/2024 14:51:06.500] DEBUG: [SerialCommands.py->read_console_log()] [serial console] pps_early: notice: pps attached /early_pps major 2 minor 4
[06/08/2024 14:51:06.530] DEBUG: [SerialCommands.py->read_console_log()] [serial console] ### starting inc tp layer resource manager ###
[06/08/2024 14:51:06.546] DEBUG: [SerialCommands.py->read_console_log()] [serial console] inc-tp: versions: qnx = 12.0, ar = 12.0
[06/08/2024 14:51:06.562] DEBUG: [SerialCommands.py->read_console_log()] [serial console] start parameter-provider
[06/08/2024 14:51:06.610] DEBUG: [SerialCommands.py->read_console_log()] [serial console] inc-tp: inc tp registered with ham successfully
[06/08/2024 14:51:06.642] DEBUG: [SerialCommands.py->read_console_log()] [serial console] qnx.kern.droproot: 0 -> 1
[06/08/2024 14:51:06.658] DEBUG: [SerialCommands.py->read_console_log()] [serial console] diag_service_launcher : diag_service started
[06/08/2024 14:51:06.748] DEBUG: [USBRelay.py->set_relay()] Changed channel Doors_Ajar to Off successfully
[06/08/2024 14:51:06.850] DEBUG: [SerialCommands.py->read_console_log()] [serial console] libcp configuration_file_read:264: source configuration path: /etc/system/config/fidm/29dbdc45-e0bb-4f2a-9b04-bbfa5aa4962f/gmvcu-topology-17-graphics.conf
[06/08/2024 14:51:06.855] DEBUG: [SerialCommands.py->read_console_log()] [serial console] libcp configuration_file_read:303: 704 of 704 were read
[06/08/2024 14:51:06.882] DEBUG: [SerialCommands.py->read_console_log()] [serial console] slogger_init successful!
[06/08/2024 14:51:07.074] DEBUG: [SerialCommands.py->read_console_log()] [serial console] warn: ssplash[175]: no image to show, will still power on all displays!
[06/08/2024 14:51:07.076] DEBUG: [SerialCommands.py->read_console_log()] [serial console] warn: ssplash[176]: to show image, please refer "use ssplash"
[06/08/2024 14:51:07.106] DEBUG: [SerialCommands.py->read_console_log()] [serial console] slogger_init successful!
[06/08/2024 14:51:07.154] DEBUG: [SerialCommands.py->read_console_log()] [serial console] [audio-/asclauncher] pvmode configuration: 0
[06/08/2024 14:51:07.157] DEBUG: [SerialCommands.py->read_console_log()] [serial console] audio configuration:1
[06/08/2024 14:51:07.212] DEBUG: [USBRelay.py->set_relay()] Changed channel Brake to On successfully
[06/08/2024 14:51:07.266] DEBUG: [SerialCommands.py->read_console_log()] [serial console] openwfd_server: dropped abilities successfully
[06/08/2024 14:51:07.362] DEBUG: [SerialCommands.py->read_console_log()] [serial console] swdl_init:549 system banked to "a"
[06/08/2024 14:51:07.459] DEBUG: [SerialCommands.py->read_console_log()] [serial console] alogfrontend::readenvbeloglevel:invalid env value. fallback to def(debug2)
[06/08/2024 14:51:07.462] DEBUG: [SerialCommands.py->read_console_log()] [serial console] alogfrontend::readenvbeloglevel:invalid env value. fallback to def(debug2)
[06/08/2024 14:51:07.475] DEBUG: [SerialCommands.py->read_console_log()] [serial console] alogfrontend::readenvgloballoglevel:invalid env value. fallback to def(debug2)
[06/08/2024 14:51:07.477] DEBUG: [SerialCommands.py->read_console_log()] [serial console] /var/log/ondevice_logging/diagdiridx: no such file or directory
[06/08/2024 14:51:07.554] DEBUG: [SerialCommands.py->read_console_log()] [serial console] pps_late: notice: pps initializing
[06/08/2024 14:51:07.557] DEBUG: [SerialCommands.py->read_console_log()] [serial console] /var/log/ondevice_logging/logs.txt: no such file or directory
[06/08/2024 14:51:07.618] DEBUG: [SerialCommands.py->read_console_log()] [serial console] pps_late: warning: /etc/pps_late.cfg:60:gm/hmicluster: acl supercedes mode (was 0644 now 0664)
[06/08/2024 14:51:07.620] DEBUG: [SerialCommands.py->read_console_log()] [serial console] pps_late: notice: pps attaching /pps
[06/08/2024 14:51:07.623] DEBUG: [SerialCommands.py->read_console_log()] [serial console] pps_late: notice: pps attached /pps major 2 minor 14
[06/08/2024 14:51:07.634] DEBUG: [SerialCommands.py->read_console_log()] [serial console] alogfrontend::readenvbeloglevel:invalid env value. fallback to def(debug2)
[06/08/2024 14:51:07.650] DEBUG: [SerialCommands.py->read_console_log()] [serial console] alogfrontend::readenvbeloglevel:invalid env value. fallback to def(debug2)
[06/08/2024 14:51:07.653] DEBUG: [SerialCommands.py->read_console_log()] [serial console] alogfrontend::readenvgloballoglevel:invalid env value. fallback to def(debug2)
[06/08/2024 14:51:07.666] DEBUG: [SerialCommands.py->read_console_log()] [serial console] logger init start
[06/08/2024 14:51:07.671] DEBUG: [USBRelay.py->set_relay()] Changed channel Start to On successfully
[06/08/2024 14:51:07.682] DEBUG: [SerialCommands.py->read_console_log()] [serial console] with slog: log tag: rvc_service
[06/08/2024 14:51:07.684] DEBUG: [SerialCommands.py->read_console_log()] [serial console] [1970-01-01 00:00:02.285] [cli] [info] <t_1>vpmverinfo: 0.1.0-0000 build from head at 852f57f2 by bgm9hi 2024-07-01t15:33:01
[06/08/2024 14:51:07.698] DEBUG: [SerialCommands.py->read_console_log()] [serial console] [1970-01-01 00:00:02.285] [cli] [info] <t_1>vpmverinfo: 0.1.0-0000 build from head at 852f57f2 by bgm9hi 2024-07-01t15:33:01
[06/08/2024 14:51:07.713] DEBUG: [SerialCommands.py->read_console_log()] [serial console] loading deva-ctrl-qc version 0.94.0 on [jul  1 2024]...
[06/08/2024 14:51:07.715] DEBUG: [SerialCommands.py->read_console_log()] [serial console] tdm1_adsp_rx_2ch_logging disabled
[06/08/2024 14:51:07.717] DEBUG: [SerialCommands.py->read_console_log()] [serial console] tdm1_adsp_tx_2ch_logging disabled
[06/08/2024 14:51:07.730] DEBUG: [SerialCommands.py->read_console_log()] [serial console] tdm2_mdsp_rx_8ch_logging disabled
[06/08/2024 14:51:07.732] DEBUG: [SerialCommands.py->read_console_log()] [serial console] tdm2_mdsp_tx_8ch_logging disabled
[06/08/2024 14:51:07.734] DEBUG: [SerialCommands.py->read_console_log()] [serial console] tdm3_mdsp_rx_16ch_logging disabled
[06/08/2024 14:51:07.745] DEBUG: [SerialCommands.py->read_console_log()] [serial console] tdm3_adsp_rx_16ch_logging disabled
[06/08/2024 14:51:07.747] DEBUG: [SerialCommands.py->read_console_log()] [serial console] tdm3_adsp_tx_16ch_logging disabled
[06/08/2024 14:51:07.750] DEBUG: [SerialCommands.py->read_console_log()] [serial console] tdm4_adsp_tx_8ch_logging enabled channel_mask=0xff
[06/08/2024 14:51:07.752] DEBUG: [SerialCommands.py->read_console_log()] [serial console] tdm5_mdsp_rx_16ch_logging disabled
[06/08/2024 14:51:07.761] DEBUG: [SerialCommands.py->read_console_log()] [serial console] tdm5_adsp_tx_16ch_logging disabled
[06/08/2024 14:51:07.764] DEBUG: [SerialCommands.py->read_console_log()] [serial console] tdm5_mdsp_tx_16ch_logging disabled
[06/08/2024 14:51:07.766] DEBUG: [SerialCommands.py->read_console_log()] [serial console] loading deva-ctrl-qc version 0.94.0 on [jul  1 2024]...
[06/08/2024 14:51:07.768] DEBUG: [SerialCommands.py->read_console_log()] [serial console] network_mgr_launcher : soc platform : global
[06/08/2024 14:51:07.778] DEBUG: [SerialCommands.py->read_console_log()] [serial console] network_mgr_launcher : starting network_mgr with global config
[06/08/2024 14:51:07.856] DEBUG: [ssh_command.py->run_ssh_command()] Caught an exception while running SSH command ". /etc/profile; pidin threads > /var/log/vpe/pidin_threads_None.txt". Retrying attempt 2 of 4
[06/08/2024 14:51:07.858] DEBUG: [SerialCommands.py->read_console_log()] [serial console] failed to get configuration file data
[06/08/2024 14:51:07.858] DEBUG: [testing_logs_utils.py->logged_sleep()] Sleeping for 4 seconds
[06/08/2024 14:51:07.862] DEBUG: [SerialCommands.py->read_console_log()] [serial console] network-mgr started with config file[s] : /etc/network_base_config_global.json;/etc/network_hyp_config_global.json
[06/08/2024 14:51:07.874] DEBUG: [SerialCommands.py->read_console_log()] [serial console] failed to get configuration file data
[06/08/2024 14:51:08.050] DEBUG: [SerialCommands.py->read_console_log()] [serial console] failed to get configuration file data
[06/08/2024 14:51:08.082] DEBUG: [SerialCommands.py->read_console_log()] [serial console] [    1.889006]~dlt~122979~info     ~socket /tmp/dlt cannot be opened. retrying later...
[06/08/2024 14:51:08.226] DEBUG: [SerialCommands.py->read_console_log()] [serial console] swdl_init:549 system banked to "a"
[06/08/2024 14:51:08.242] DEBUG: [SerialCommands.py->read_console_log()] [serial console] #######################################
[06/08/2024 14:51:08.275] DEBUG: [SerialCommands.py->read_console_log()] [serial console] [    2.083004]~dlt~135278~info     ~socket /tmp/dlt cannot be opened. retrying later...
[06/08/2024 14:51:08.290] DEBUG: [SerialCommands.py->read_console_log()] [serial console] build_id=rb_main_2024.26.7-11-gd9f049d00a-change_798053_2
[06/08/2024 14:51:08.292] DEBUG: [SerialCommands.py->read_console_log()] [serial console] rc_build_id=
[06/08/2024 14:51:08.305] DEBUG: [SerialCommands.py->read_console_log()] [serial console] domain_build_id=multi-aegean_orange-android_user-qnx_user-secboot_false-8155-rb_main_2024.26.7-11-gd9f049d00a-change_798053_2
[06/08/2024 14:51:08.308] DEBUG: [SerialCommands.py->read_console_log()] [serial console] build_timestamp=2024-07-01 12:49:51 +0000
[06/08/2024 14:51:08.311] DEBUG: [SerialCommands.py->read_console_log()] [serial console] manifests_revision=d9f049d00a2bda5f0e2324e4cc966958c5128c5a
[06/08/2024 14:51:08.313] DEBUG: [SerialCommands.py->read_console_log()] [serial console] manifest_file=manifest.xml
[06/08/2024 14:51:08.316] DEBUG: [SerialCommands.py->read_console_log()] [serial console] target_product=aegean_orange
[06/08/2024 14:51:08.322] DEBUG: [SerialCommands.py->read_console_log()] [serial console] target_build_variant=user
[06/08/2024 14:51:08.324] DEBUG: [SerialCommands.py->read_console_log()] [serial console] qnx_target_build_variant=user
[06/08/2024 14:51:08.326] DEBUG: [SerialCommands.py->read_console_log()] [serial console] secure_boot=false
[06/08/2024 14:51:08.327] DEBUG: [SerialCommands.py->read_console_log()] [serial console] generate_fullota_board=null
[06/08/2024 14:51:08.329] DEBUG: [SerialCommands.py->read_console_log()] [serial console] patac_build_number=null
[06/08/2024 14:51:08.331] DEBUG: [SerialCommands.py->read_console_log()] [serial console] qc_distribution=postcs17_0.0.029.1
[06/08/2024 14:51:08.338] DEBUG: [SerialCommands.py->read_console_log()] [serial console] qc_product=snapdragon_auto.hqx.3.1.4.1
[06/08/2024 14:51:08.339] DEBUG: [SerialCommands.py->read_console_log()] [serial console] qc_releasenote=rno-240528105307
[06/08/2024 14:51:08.341] DEBUG: [SerialCommands.py->read_console_log()] [serial console] qnx_plist=exp_gen3_patchset_hqx3_1_4_1_bosch_20230217
[06/08/2024 14:51:08.343] DEBUG: [SerialCommands.py->read_console_log()] [serial console] qxn_plist_hash=b92452c5d69022a6663901f1cdb14f3de68967f4
[06/08/2024 14:51:08.353] DEBUG: [SerialCommands.py->read_console_log()] [serial console] gm.build=sqbm-632
[06/08/2024 14:51:08.355] DEBUG: [SerialCommands.py->read_console_log()] [serial console] gm.ssw.build.id=sqbm-632
[06/08/2024 14:51:08.357] DEBUG: [SerialCommands.py->read_console_log()] [serial console] gm.product=orange
[06/08/2024 14:51:08.359] DEBUG: [SerialCommands.py->read_console_log()] [serial console] gm.platform=gb
[06/08/2024 14:51:08.360] DEBUG: [SerialCommands.py->read_console_log()] [serial console] gm.hwtype=mid
[06/08/2024 14:51:08.363] DEBUG: [SerialCommands.py->read_console_log()] [serial console] gm.security=development
[06/08/2024 14:51:08.365] DEBUG: [SerialCommands.py->read_console_log()] [serial console] gm.gas=1
[06/08/2024 14:51:08.370] DEBUG: [SerialCommands.py->read_console_log()] [serial console] gm.baseline=# integrated bosch release version. rb_main_2024.24.7 qc_distribution=postcs17_0.0.029.1
[06/08/2024 14:51:08.373] DEBUG: [SerialCommands.py->read_console_log()] [serial console] slmlauncher : hw_vehicle_platform_global
[06/08/2024 14:51:08.376] DEBUG: [SerialCommands.py->read_console_log()] [serial console] slmlauncher : starting slm with slm.xml
[06/08/2024 14:51:08.378] DEBUG: [SerialCommands.py->read_console_log()] [serial console] startup complete
[06/08/2024 14:51:08.413]  WARN: [ping_util.py->ping_thread_method()] VCU TCP Connection Is Down!
[06/08/2024 14:51:08.562] DEBUG: [SerialCommands.py->read_console_log()] [serial console] service is up and running, and ready to receive commands. use echo "help" > /tmp/vpe_cli.txt
[06/08/2024 14:51:08.787] DEBUG: [SerialCommands.py->read_console_log()] [serial console] path=0 -
[06/08/2024 14:51:08.792] DEBUG: [SerialCommands.py->read_console_log()] [serial console] target=0 lun=0     direct-access(0) - ram  rev:
[06/08/2024 14:51:09.028] DEBUG: [SerialCommands.py->read_console_log()] [serial console] [    2.835007]~dlt~262267~info     ~socket /tmp/dlt cannot be opened. retrying later...
[06/08/2024 14:51:09.218] DEBUG: [SerialCommands.py->read_console_log()] [serial console] swdl_init:549 system banked to "a"
[06/08/2024 14:51:09.266] DEBUG: [SerialCommands.py->read_console_log()] [serial console] passed in uclientidx=5
[06/08/2024 14:51:09.269] DEBUG: [SerialCommands.py->read_console_log()] [serial console] wfd_be: dropped abilities successfully
[06/08/2024 14:51:09.377] DEBUG: [SerialCommands.py->read_console_log()] [serial console] pf enabled
[06/08/2024 14:51:09.407]  WARN: [ping_util.py->ping_thread_method()] ACP3 TCP Connection Is Down!
[06/08/2024 14:51:09.490] DEBUG: [SerialCommands.py->read_console_log()] [serial console] [ramp][hmic] slog2 info success
[06/08/2024 14:51:09.493] DEBUG: [SerialCommands.py->read_console_log()] [serial console] alogfrontend::readenvbeloglevel:invalid env value. fallback to def(debug2)
[06/08/2024 14:51:09.506] DEBUG: [SerialCommands.py->read_console_log()] [serial console] alogfrontend::readenvbeloglevel:invalid env value. fallback to def(debug2)
[06/08/2024 14:51:09.509] DEBUG: [SerialCommands.py->read_console_log()] [serial console] alogfrontend::readenvgloballoglevel:invalid env value. fallback to def(debug2)
[06/08/2024 14:51:10.099] DEBUG: [SerialCommands.py->read_console_log()] [serial console] register_for_ssr_events ++
[06/08/2024 14:51:10.134] DEBUG: [SerialCommands.py->read_console_log()] [serial console] [linux-la-mid.config:160] vinput: external window position: [5010,0]
[06/08/2024 14:51:10.131] DEBUG: [USBRelay.py->set_relay()] Changed channel Start to Off successfully
[06/08/2024 14:51:10.261] DEBUG: [SerialCommands.py->read_console_log()] [serial console] alogfrontend::readenvbeloglevel:invalid env value. fallback to def(debug2)
[06/08/2024 14:51:10.275] DEBUG: [SerialCommands.py->read_console_log()] [serial console] alogfrontend::readenvbeloglevel:invalid env value. fallback to def(debug2)
[06/08/2024 14:51:10.283] DEBUG: [SerialCommands.py->read_console_log()] [serial console] alogfrontend::readenvgloballoglevel:invalid env value. fallback to def(debug2)
[06/08/2024 14:51:10.288] DEBUG: [SerialCommands.py->read_console_log()] [serial console] alogfrontend::readenvbeloglevel:invalid env value. fallback to def(debug2)
[06/08/2024 14:51:10.294] DEBUG: [SerialCommands.py->read_console_log()] [serial console] alogfrontend::readenvbeloglevel:invalid env value. fallback to def(debug2)
[06/08/2024 14:51:10.298] DEBUG: [SerialCommands.py->read_console_log()] [serial console] alogfrontend::readenvgloballoglevel:invalid env value. fallback to def(debug2)
[06/08/2024 14:51:10.306] DEBUG: [SerialCommands.py->read_console_log()] [serial console] analyzer not enabled. touch /etc/enable_analyzer and reset device to enable analyzer debugging
[06/08/2024 14:51:10.322] DEBUG: [SerialCommands.py->read_console_log()] [serial console] analyzer external not enabled. touch /etc/enable_analyzer_external and reset device to enable analyzer external debugging
[06/08/2024 14:51:10.326] DEBUG: [SerialCommands.py->read_console_log()] [serial console] resource-monitor started with config file[s] : /etc/memoryconfig.cfg
[06/08/2024 14:51:10.329] DEBUG: [SerialCommands.py->read_console_log()] [serial console] qqnxscreen::qqnxscreen : v 5.12.3.1
[06/08/2024 14:51:10.339] DEBUG: [SerialCommands.py->read_console_log()] [serial console] qstandardpaths: error creating runtime directory /dev/shmem/runtime-gm_hmicluster: no such file or directory
[06/08/2024 14:51:10.345] DEBUG: [SerialCommands.py->read_console_log()] [serial console] fontconfig error: cannot load default config file
[06/08/2024 14:51:10.578] DEBUG: [SerialCommands.py->read_console_log()] [serial console] swdl_init:549 system banked to "a"
[06/08/2024 14:51:10.602] DEBUG: [USBRelay.py->set_relay()] Changed channel Brake to Off successfully
[06/08/2024 14:51:10.619] DEBUG: [VSPY_commands.py->check_db_signal_in_current_values()] Actual signal value [Run]. Check DB Signal SysPwrMode_Prtctd_PDU->SPMP_SysPwrModeAuth  with command: [db(db5494).sg(13).value?]
[06/08/2024 14:51:10.624] DEBUG: [VSPY_commands.py->check_db_signal_in_current_values()] Signal value [Run] found in expected values: ['Run', 'Propulsion']
[06/08/2024 14:51:10.628] DEBUG: [VSPY_commands.py->check_db_signal_in_current_values()] Actual signal value [AnimationInit]. Check DB Signal PDU_5062->InfoSysStat  with command: [db(db3324).sg(3).value?]
[06/08/2024 14:51:10.979] DEBUG: [SerialCommands.py->read_console_log()] [serial console] swdl_init:549 system banked to "a"
[06/08/2024 14:51:11.010] DEBUG: [SerialCommands.py->read_console_log()] [serial console] [swu]	update_engine: boot mode=normal_mode, vip mode=vip_app_mode
[06/08/2024 14:51:11.090] DEBUG: [SerialCommands.py->read_console_log()] [serial console] slm: component 'enable_adb' (pid 372886) terminated unexpectedly
[06/08/2024 14:51:11.187] DEBUG: [SerialCommands.py->read_console_log()] [serial console] [    4.981370]~dlt~487591~info     ~socket /tmp/dlt cannot be opened. retrying later...
[06/08/2024 14:51:11.194] DEBUG: [SerialCommands.py->read_console_log()] [serial console] slm: component 'cpu_gpu_dcvs_disable' (pid 528554) terminated unexpectedly
[06/08/2024 14:51:11.199] DEBUG: [SerialCommands.py->read_console_log()] [serial console] swdl_init:549 system banked to "a"
[06/08/2024 14:51:11.204] DEBUG: [SerialCommands.py->read_console_log()] [serial console] plc state changed from 1 to 2
[06/08/2024 14:51:11.219] DEBUG: [SerialCommands.py->read_console_log()] [serial console] lcm_inc_dispatcher system state, current:1, previous:0
[06/08/2024 14:51:11.227] DEBUG: [SerialCommands.py->read_console_log()] [serial console] lcm_inc_dispatcher system state, current:susd_sys_state_animinit
[06/08/2024 14:51:11.235] DEBUG: [SerialCommands.py->read_console_log()] [serial console] swdl_init:549 system banked to "a"
[06/08/2024 14:51:11.268] DEBUG: [SerialCommands.py->read_console_log()] [serial console] [tid=4]invoke_setrunmask:830 setmask no more -1
[06/08/2024 14:51:11.523] DEBUG: [SerialCommands.py->read_console_log()] [serial console] alogfrontend::readenvbeloglevel:invalid env value. fallback to def(debug2)
[06/08/2024 14:51:11.526] DEBUG: [SerialCommands.py->read_console_log()] [serial console] alogfrontend::readenvbeloglevel:invalid env value. fallback to def(debug2)
[06/08/2024 14:51:11.538] DEBUG: [SerialCommands.py->read_console_log()] [serial console] alogfrontend::readenvgloballoglevel:invalid env value. fallback to def(debug2)
[06/08/2024 14:51:11.618] DEBUG: [SerialCommands.py->read_console_log()] [serial console] [    5.428361]~dlt~729098~info     ~socket /tmp/dlt cannot be opened. retrying later...
[06/08/2024 14:51:11.651] DEBUG: [SerialCommands.py->read_console_log()] [serial console] [    5.448361]~dlt~725014~info     ~socket /tmp/dlt cannot be opened. retrying later...
[06/08/2024 14:51:11.731] DEBUG: [SerialCommands.py->read_console_log()] [serial console] [    5.529695]~dlt~753731~info     ~socket /tmp/dlt cannot be opened. retrying later...
[06/08/2024 14:51:11.862] DEBUG: [testing_logs_utils.py->logged_sleep()] Done sleeping
[06/08/2024 14:51:12.036] DEBUG: [SerialCommands.py->read_console_log()] [serial console] [    5.847028]~dlt~262267~notice   ~logging (re-)enabled!
[06/08/2024 14:51:12.114] DEBUG: [SerialCommands.py->read_console_log()] [serial console] [    5.911032]~dlt~122979~notice   ~logging (re-)enabled!
[06/08/2024 14:51:12.119] DEBUG: [ssh_command.py->__run_ssh_command_core()] New Connection has been created to 172.16.1.246
[06/08/2024 14:51:12.162] DEBUG: [SerialCommands.py->read_console_log()] [serial console] swdl_init:549 system banked to "a"
[06/08/2024 14:51:12.178] DEBUG: [SerialCommands.py->read_console_log()] [serial console] [    5.987028]~dlt~487591~notice   ~logging (re-)enabled!
[06/08/2024 14:51:12.194] DEBUG: [SerialCommands.py->read_console_log()] [serial console] send injection message:
[06/08/2024 14:51:12.199] DEBUG: [SerialCommands.py->read_console_log()] [serial console] appid: qsym
[06/08/2024 14:51:12.210] DEBUG: [SerialCommands.py->read_console_log()] [serial console] conid: qsyc
[06/08/2024 14:51:12.213] DEBUG: [SerialCommands.py->read_console_log()] [serial console] serviceid: 4096
[06/08/2024 14:51:12.215] DEBUG: [SerialCommands.py->read_console_log()] [serial console] message: 01
[06/08/2024 14:51:12.226] DEBUG: [SerialCommands.py->read_console_log()] [serial console] [    6.032361]~dlt~753731~notice   ~logging (re-)enabled!
[06/08/2024 14:51:12.337] DEBUG: [SerialCommands.py->read_console_log()] [serial console] remote hmi - version 1.53.1
[06/08/2024 14:51:12.531] DEBUG: [SerialCommands.py->read_console_log()] [serial console] urlparser, failed to open file as read only "./data/ff2/gmxml/rhmi_asset_to_skin_mappings.gmxml"
[06/08/2024 14:51:12.628] DEBUG: [SerialCommands.py->read_console_log()] [serial console] [    6.432361]~dlt~729098~notice   ~logging (re-)enabled!
[06/08/2024 14:51:12.643] DEBUG: [SerialCommands.py->read_console_log()] [serial console] [    6.452362]~dlt~725014~notice   ~logging (re-)enabled!
[06/08/2024 14:51:12.649] DEBUG: [VSPY_commands.py->check_db_signal_in_current_values()] Actual signal value [Run]. Check DB Signal SysPwrMode_Prtctd_PDU->SPMP_SysPwrModeAuth  with command: [db(db5494).sg(13).value?]
[06/08/2024 14:51:12.665] DEBUG: [VSPY_commands.py->check_db_signal_in_current_values()] Signal value [Run] found in expected values: ['Run', 'Propulsion']
[06/08/2024 14:51:12.675] DEBUG: [VSPY_commands.py->check_db_signal_in_current_values()] Actual signal value [AnimationInit]. Check DB Signal PDU_5062->InfoSysStat  with command: [db(db3324).sg(3).value?]
[06/08/2024 14:51:12.818] DEBUG: [SerialCommands.py->read_console_log()] [serial console] [altia dbg] time to initialize opengl - 469
[06/08/2024 14:51:12.978] DEBUG: [SerialCommands.py->read_console_log()] [serial console] alogfrontend::readenvbeloglevel:invalid env value. fallback to def(debug2)
[06/08/2024 14:51:12.986] DEBUG: [SerialCommands.py->read_console_log()] [serial console] alogfrontend::readenvbeloglevel:invalid env value. fallback to def(debug2)
[06/08/2024 14:51:12.994] DEBUG: [SerialCommands.py->read_console_log()] [serial console] alogfrontend::readenvgloballoglevel:invalid env value. fallback to def(debug2)
[06/08/2024 14:51:13.074] DEBUG: [SerialCommands.py->read_console_log()] [serial console] loading strings "./data/assets/strings/values-en-rus/strings.xml"
[06/08/2024 14:51:13.251] DEBUG: [SerialCommands.py->read_console_log()] [serial console] [ramp][rtosappmain] slog2 info success
[06/08/2024 14:51:13.266] DEBUG: [SerialCommands.py->read_console_log()] [serial console] swdl_init:549 system banked to "a"
[06/08/2024 14:51:13.314] DEBUG: [SerialCommands.py->read_console_log()] [serial console] [    7.112361]~dlt~135278~notice   ~logging (re-)enabled!
[06/08/2024 14:51:13.411]  WARN: [ping_util.py->ping_thread_method()] VCU TCP Connection Is Down!
[06/08/2024 14:51:13.458] DEBUG: [SerialCommands.py->read_console_log()] [serial console] send injection message:
[06/08/2024 14:51:13.460] DEBUG: [SerialCommands.py->read_console_log()] [serial console] appid: dlt_
[06/08/2024 14:51:13.463] DEBUG: [SerialCommands.py->read_console_log()] [serial console] conid: core
[06/08/2024 14:51:13.465] DEBUG: [SerialCommands.py->read_console_log()] [serial console] serviceid: 4104
[06/08/2024 14:51:13.467] DEBUG: [SerialCommands.py->read_console_log()] [serial console] message: f1
[06/08/2024 14:51:13.470] DEBUG: [SerialCommands.py->read_console_log()] [serial console] size: 1
[06/08/2024 14:51:13.635] DEBUG: [SerialCommands.py->read_console_log()] [serial console] remote hmi - version 1.53.1
[06/08/2024 14:51:13.858] DEBUG: [SerialCommands.py->read_console_log()] [serial console] alogfrontend::readenvbeloglevel:invalid env value. fallback to def(debug2)
[06/08/2024 14:51:13.861] DEBUG: [SerialCommands.py->read_console_log()] [serial console] alogfrontend::readenvbeloglevel:invalid env value. fallback to def(debug2)
[06/08/2024 14:51:13.874] DEBUG: [SerialCommands.py->read_console_log()] [serial console] alogfrontend::readenvgloballoglevel:invalid env value. fallback to def(debug2)
[06/08/2024 14:51:14.179] DEBUG: [SerialCommands.py->read_console_log()] [serial console] [altia dbg] time to initialize opengl - 535
[06/08/2024 14:51:14.260] DEBUG: [SerialCommands.py->read_console_log()] [serial console] exception - infinite loop of null transitions found
[06/08/2024 14:51:14.267] DEBUG: [SerialCommands.py->read_console_log()] [serial console] underflow in omreactive less then 0 null configs
[06/08/2024 14:51:14.273] DEBUG: [SerialCommands.py->read_console_log()] [serial console] exception - infinite loop of null transitions found
[06/08/2024 14:51:14.278] DEBUG: [SerialCommands.py->read_console_log()] [serial console] swdl_init:549 system banked to "a"
[06/08/2024 14:51:14.324] DEBUG: [SerialCommands.py->read_console_log()] [serial console] [hvac_lib_logger_init] entering hvac_lib_logger_init
[06/08/2024 14:51:14.331] DEBUG: [SerialCommands.py->read_console_log()] [serial console] [hvac_lib_logger_init] flag checked
[06/08/2024 14:51:14.341] DEBUG: [SerialCommands.py->read_console_log()] [serial console] error: attempted to show invalid screen | dragselectionactivatescreen()
[06/08/2024 14:51:14.355] DEBUG: [SerialCommands.py->read_console_log()] [serial console] error: attempted to show invalid screen | dragselectionactivatescreen()
[06/08/2024 14:51:14.361] DEBUG: [SerialCommands.py->read_console_log()] [serial console] error: attempted to show invalid screen | dragselectionactivatescreen()
[06/08/2024 14:51:14.370] DEBUG: [SerialCommands.py->read_console_log()] [serial console] error: attempted to show invalid screen | dragselectionactivatescreen()
[06/08/2024 14:51:14.374] DEBUG: [SerialCommands.py->read_console_log()] [serial console] error: attempted to show invalid screen | dragselectionactivatescreen()
[06/08/2024 14:51:14.378] DEBUG: [SerialCommands.py->read_console_log()] [serial console] error: attempted to show invalid screen | dragselectionactivatescreen()
[06/08/2024 14:51:14.386] DEBUG: [SerialCommands.py->read_console_log()] [serial console] error: attempted to show invalid screen | dragselectionactivatescreen()
[06/08/2024 14:51:14.390] DEBUG: [SerialCommands.py->read_console_log()] [serial console] error: attempted to show invalid screen | dragselectionactivatescreen()
[06/08/2024 14:51:14.466] DEBUG: [SerialCommands.py->read_console_log()] [serial console] /dev/pmem/service.rvcvpe: operation not permitted
[06/08/2024 14:51:14.690] DEBUG: [VSPY_commands.py->check_db_signal_in_current_values()] Actual signal value [Run]. Check DB Signal SysPwrMode_Prtctd_PDU->SPMP_SysPwrModeAuth  with command: [db(db5494).sg(13).value?]
[06/08/2024 14:51:14.703] DEBUG: [VSPY_commands.py->check_db_signal_in_current_values()] Signal value [Run] found in expected values: ['Run', 'Propulsion']
[06/08/2024 14:51:14.710] DEBUG: [VSPY_commands.py->check_db_signal_in_current_values()] Actual signal value [AnimationInit]. Check DB Signal PDU_5062->InfoSysStat  with command: [db(db3324).sg(3).value?]
[06/08/2024 14:51:16.002] DEBUG: [SerialCommands.py->read_console_log()] [serial console] qqnxscreen::newwindowcreated : windowhandle =  0x62f0ebaa0
[06/08/2024 14:51:16.009] DEBUG: [SerialCommands.py->read_console_log()] [serial console] qqnxscreen::newwindowcreated : zorder =  -2
[06/08/2024 14:51:16.016] DEBUG: [SerialCommands.py->read_console_log()] [serial console] qqnxscreen::newwindowcreated : windowname =  "qvm_window"
[06/08/2024 14:51:16.023] DEBUG: [SerialCommands.py->read_console_log()] [serial console] qqnxscreen::updatehierarchy:  m_customzorder =   0
[06/08/2024 14:51:16.030] DEBUG: [SerialCommands.py->read_console_log()] [serial console] qqnxscreen::updatehierarchy for underlay :  0x62f0ebaa0 z-order =  -1
[06/08/2024 14:51:16.035] DEBUG: [SerialCommands.py->read_console_log()] [serial console] vinput: window poslcm_inc_dispatcher system state, current:2, previous:1
[06/08/2024 14:51:16.040] DEBUG: [SerialCommands.py->read_console_log()] [serial console] ilcm_inc_dispatcher system state, current:susd_sys_state_hmiinit
[06/08/2024 14:51:16.045] DEBUG: [SerialCommands.py->read_console_log()] [serial console] tion has been updated to: [5010,0]
[06/08/2024 14:51:16.049] DEBUG: [SerialCommands.py->read_console_log()] [serial console] vinput: window position has been updated to: [5010,0]
[06/08/2024 14:51:16.148] DEBUG: [SerialCommands.py->read_console_log()] [serial console] error: attempted to show invalid screen | dragselectionactivatescreen()
[06/08/2024 14:51:16.155] DEBUG: [SerialCommands.py->read_console_log()] [serial console] error: attempted to show invalid screen | dragselectionactivatescreen()
[06/08/2024 14:51:16.372] DEBUG: [SerialCommands.py->read_console_log()] [serial console] error: attempted to show invalid screen | dragselectionactivatescreen()
[06/08/2024 14:51:16.386] DEBUG: [SerialCommands.py->read_console_log()] [serial console] error: attempted to show invalid screen | dragselectionactivatescreen()
[06/08/2024 14:51:16.393] DEBUG: [SerialCommands.py->read_console_log()] [serial console] error: attempted to show invalid screen | dragselectionactivatescreen()
[06/08/2024 14:51:16.401] DEBUG: [SerialCommands.py->read_console_log()] [serial console] error: attempted to show invalid screen | dragselectionactivatescreen()
[06/08/2024 14:51:16.406] DEBUG: [SerialCommands.py->read_console_log()] [serial console] error: attempted to show invalid screen | dragselectionactivatescreen()
[06/08/2024 14:51:16.411] DEBUG: [SerialCommands.py->read_console_log()] [serial console] error: attempted to show invalid screen | dragselectionactivatescreen()
[06/08/2024 14:51:16.418] DEBUG: [SerialCommands.py->read_console_log()] [serial console] error: attempted to show invalid screen | dragselectionactivatescreen()
[06/08/2024 14:51:16.425] DEBUG: [SerialCommands.py->read_console_log()] [serial console] error: attempted to show invalid screen | dragselectionactivatescreen()
[06/08/2024 14:51:16.431] DEBUG: [SerialCommands.py->read_console_log()] [serial console] error: attempted to show invalid screen | dragselectionactivatescreen()
[06/08/2024 14:51:16.436] DEBUG: [SerialCommands.py->read_console_log()] [serial console] error: attempted to show invalid screen | dragselectionactivatescreen()
[06/08/2024 14:51:16.440] DEBUG: [SerialCommands.py->read_console_log()] [serial console] error: attempted to show invalid screen | dragselectionactivatescreen()
[06/08/2024 14:51:16.451] DEBUG: [SerialCommands.py->read_console_log()] [serial console] error: attempted to show invalid screen | dragselectionactivatescreen()
[06/08/2024 14:51:16.457] DEBUG: [SerialCommands.py->read_console_log()] [serial console] error: attempted to show invalid screen | dragselectionactivatescreen()
[06/08/2024 14:51:16.465] DEBUG: [SerialCommands.py->read_console_log()] [serial console] error: attempted to show invalid screen | dragselectionactivatescreen()
[06/08/2024 14:51:16.470] DEBUG: [SerialCommands.py->read_console_log()] [serial console] error: attempted to show invalid screen | dragselectionactivatescreen()
[06/08/2024 14:51:16.473] DEBUG: [SerialCommands.py->read_console_log()] [serial console] error: attempted to show invalid screen | dragselectionactivatescreen()
[06/08/2024 14:51:16.481] DEBUG: [SerialCommands.py->read_console_log()] [serial console] error: attempted to show invalid screen | dragselectionactivatescreen()
[06/08/2024 14:51:16.484] DEBUG: [SerialCommands.py->read_console_log()] [serial console] error: attempted to show invalid screen | dragselectionactivatescreen()
[06/08/2024 14:51:16.497] DEBUG: [SerialCommands.py->read_console_log()] [serial console] alogfrontend::readenvbeloglevel:invalid env value. fallback to def(debug2)
[06/08/2024 14:51:16.500] DEBUG: [SerialCommands.py->read_console_log()] [serial console] alogfrontend::readenvbeloglevel:invalid env value. fallback to def(debug2)
[06/08/2024 14:51:16.514] DEBUG: [SerialCommands.py->read_console_log()] [serial console] alogfrontend::readenvgloballoglevel:invalid env value. fallback to def(debug2)
[06/08/2024 14:51:16.674] DEBUG: [SerialCommands.py->read_console_log()] [serial console] error: attempted to show invalid screen | dragselectionactivatescreen()
[06/08/2024 14:51:16.676] DEBUG: [SerialCommands.py->read_console_log()] [serial console] error: attempted to show invalid screen | dragselectionactivatescreen()
[06/08/2024 14:51:16.689] DEBUG: [SerialCommands.py->read_console_log()] [serial console] error: attempted to show invalid screen | dragselectionactivatescreen()
[06/08/2024 14:51:16.692] DEBUG: [SerialCommands.py->read_console_log()] [serial console] error: attempted to show invalid screen | dragselectionactivatescreen()
[06/08/2024 14:51:16.695] DEBUG: [SerialCommands.py->read_console_log()] [serial console] error: attempted to show invalid screen | dragselectionactivatescreen()
[06/08/2024 14:51:16.706] DEBUG: [SerialCommands.py->read_console_log()] [serial console] error: attempted to show invalid screen | dragselectionactivatescreen()
[06/08/2024 14:51:16.722] DEBUG: [VSPY_commands.py->check_db_signal_in_current_values()] Actual signal value [Run]. Check DB Signal SysPwrMode_Prtctd_PDU->SPMP_SysPwrModeAuth  with command: [db(db5494).sg(13).value?]
[06/08/2024 14:51:16.737] DEBUG: [VSPY_commands.py->check_db_signal_in_current_values()] Signal value [Run] found in expected values: ['Run', 'Propulsion']
[06/08/2024 14:51:16.749] DEBUG: [VSPY_commands.py->check_db_signal_in_current_values()] Actual signal value [HMI_Init]. Check DB Signal PDU_5062->InfoSysStat  with command: [db(db3324).sg(3).value?]
[06/08/2024 14:51:17.010] DEBUG: [SerialCommands.py->read_console_log()] [serial console] lcm_inc_dispatcher system state, current:5, previous:2
[06/08/2024 14:51:17.017] DEBUG: [SerialCommands.py->read_console_log()] [serial console] lcm_inc_dispatcher system state, current:susd_sys_state_run
[06/08/2024 14:51:18.762] DEBUG: [VSPY_commands.py->check_db_signal_in_current_values()] Actual signal value [Run]. Check DB Signal SysPwrMode_Prtctd_PDU->SPMP_SysPwrModeAuth  with command: [db(db5494).sg(13).value?]
[06/08/2024 14:51:18.778] DEBUG: [VSPY_commands.py->check_db_signal_in_current_values()] Signal value [Run] found in expected values: ['Run', 'Propulsion']
[06/08/2024 14:51:18.801] DEBUG: [VSPY_commands.py->check_db_signal_in_current_values()] Actual signal value [Run]. Check DB Signal PDU_5062->InfoSysStat  with command: [db(db3324).sg(3).value?]
[06/08/2024 14:51:18.815] DEBUG: [VSPY_commands.py->check_db_signal_in_current_values()] Signal value [Run] found in expected values: ['Run', 'Propulsion']
[06/08/2024 14:51:18.825] DEBUG: [Utils.py->run_action_multiple_times()] Run action name: is_system_in_run_or_propulsion_mode({'self': <Utils.Test_Equipment.VehicleManagerController.VehicleControllerFullBench.VehicleControllerFullBench object at 0x000001CC48897E90>}). Number of retries : 5 .Total time of [10] seconds.
[06/08/2024 14:51:18.832] DEBUG: [VehicleControllerFullBench.py->reset_system()] End - Resets Full Bench.Return value True
[06/08/2024 14:51:18.837]  INFO: [LowLevelTest.py->get_and_print_progress_report()] -------------------Cold Boot Test Progress Report-------------------
[06/08/2024 14:51:18.841]  INFO: [LowLevelTest.py->get_and_print_progress_report()]
Executed iterations: 5
Passed iterations: 1
Failed iterations: 4
Did Not Run: -5

Setting artifact directory to D:\projects\vvi-automation\VPM_Automation_Logs\test_cold_boot_park_vcu_m_AVVP171263-30771
[06/08/2024 14:51:18.846]  INFO: [LowLevelTest.py->get_and_print_progress_report()] -------------------Cold Boot Test Progress Report-------------------
[06/08/2024 14:51:18.849]  INFO: [LowLevelTest.py->get_and_print_progress_report()]
Executed iterations: 5
Passed iterations: 1
Failed iterations: 4
Did Not Run: -5

[06/08/2024 14:51:18.874] DEBUG: [conftest.py->pytest_report_teststatus()] Running tests content post, when: call, test content: False
FAILED
Tests\VCU_HIGH\StressTests\test_vcu_mid_cold_boot.py:7 (test_cold_boot_park_vcu_m[AVVP171263-30771])
args = [{<Params.TestDescription: 'test_description'>: 'Test description: Test Cold boot loop: Park -> Cold Boot -> Reverse',...old Boot', <Params.MaxIterations: 'max_iterations'>: 5, <Params.MaxFailedIterations: 'max_failed_iterations'>: 5, ...}]

    @pytest.mark.parametrize("args", [
        pytest.param([
            {Params.TestDescription: 'Test description: Test Cold boot loop: Park -> Cold Boot -> Reverse',
             Params.TestType: 'Cold Boot', Params.MaxIterations: 5, Params.MaxFailedIterations: 5, Params.MaxVideoCaptureIterations: 5}],
            marks=[pytest.mark.VCU_HIGH_P0, pytest.mark.ACP31, pytest.mark.cold_boot, pytest.mark.MY24, pytest.mark.LOW_LEVEL], id='AVVP171263-30771'),
        # todo: check if needed
        # pytest.param([
        #     {Params.TestDescription: 'Test description: Test Cold boot loop: Park -> Cold Boot -> Reverse - Dynamic number iterations test',
        #      Params.TestType: 'Cold Boot', Params.MaxIterations: GET_COUNT(COLD_BOOT_COUNT),
        #      Params.MaxFailedIterations: GET_COUNT(COLD_BOOT_COUNT), Params.MaxVideoCaptureIterations: GET_COUNT(COLD_BOOT_COUNT)}],
        #     marks=[pytest.mark.VCU_HIGH_Infra_Sanity,pytest.mark.VCU_HIGH, pytest.mark.VCU_HIGH_Nightly, pytest.mark.ACP31, pytest.mark.cold_boot, pytest.mark.MY24, pytest.mark.REGULATORY, pytest.mark.LOW_LEVEL], id='AVVP171263-30933'),
    ])

    # todo: check order marker
    @pytest.mark.order(PY_ORDER.VCU_HIGH_COLD_BOOT)
    @pytest.mark.LOW_LEVEL
    def test_cold_boot_park_vcu_m(args):
>       cold_boot_sv_vcum_acp3(args)

test_vcu_mid_cold_boot.py:25:
_ _ _ _ _ _ _ _ _ _ _ _ _ _ _ _ _ _ _ _ _ _ _ _ _ _ _ _ _ _ _ _ _ _ _ _ _ _ _ _
..\..\LowLevel\cold_boot\ColdBootVcum.py:82: in cold_boot_sv_vcum_acp3
    cold_boot.run_loop()
..\..\LowLevel\LowLevelTest.py:76: in run_loop
    self.summarize_and_assert()
_ _ _ _ _ _ _ _ _ _ _ _ _ _ _ _ _ _ _ _ _ _ _ _ _ _ _ _ _ _ _ _ _ _ _ _ _ _ _ _

self = <Tests.LowLevel.LowLevelTest.LowLevelTest object at 0x000001CC4949C980>

    def summarize_and_assert(self):
        self.scenario.post_test_actions()
        summary = self.get_and_print_progress_report()
        self.add_fail_suffix_to_iteration_folders()
        self.write_failed_iterations_to_file(summary)
        DutLogsHandler().set_skip_post_test_export()
>       assert not self.failed_iterations, f'{self.test_type} failed iterations: {[iteration.number for iteration in self.failed_iterations]}'
E       AssertionError: Cold Boot failed iterations: [1, 2, 4, 5]

..\..\LowLevel\LowLevelTest.py:149: AssertionError
/var/uclogs/gwdc.log
/var/uclogsA/1_Current_Logs
/var/uclogsA/ACP3 DM Manager logger.log
/var/uclogsA/ACP3 PassThrough Manager logger.log
/var/uclogsA/ACP3 UCM Manager logger.log
/var/uclogsA/ASUM_CommDiag.log
/var/uclogsA/ASUM_DM_SafetyAgent.log
/var/uclogsA/ASUM_Diag.log
/var/uclogsA/ASec.log
/var/uclogsA/ASpu.log
/var/uclogsA/C2GA.log
/var/uclogsA/CAMD.log
/var/uclogsA/ConD.log
/var/uclogsA/DCUM.log
/var/uclogsA/DLTD.log
/var/uclogsA/DLTR.log
/var/uclogsA/DMSCal.log
/var/uclogsA/DMS_Manager.log
/var/uclogsA/DV.log
/var/uclogsA/DiagNetworkIntegration.log
/var/uclogsA/DiagnosticsCameraDMS.log
/var/uclogsA/DiagnosticsCameraGrillFront.log
/var/uclogsA/DiagnosticsCameraLiftGate.log
/var/uclogsA/DiagnosticsCameraMirrorLeft.log
/var/uclogsA/DiagnosticsCameraMirrorRight.log
/var/uclogsA/DiagnosticsDMSEmitter.log
/var/uclogsA/DiagnosticsSensingXID.log
/var/uclogsA/EM.log
/var/uclogsA/EVNT.log
/var/uclogsA/ISP.log
/var/uclogsA/LogT.log
/var/uclogsA/MLT.log
/var/uclogsA/MOT.log
/var/uclogsA/MapApp.log
/var/uclogsA/MapDataLayer.log
/var/uclogsA/MapOTA.log
/var/uclogsA/MapRedBend.log
/var/uclogsA/MapRouteServer.log
/var/uclogsA/NMng.log
/var/uclogsA/QQQDiagApp.log
/var/uclogsA/S2SG.log
/var/uclogsA/SHDW.log
/var/uclogsA/SMAT.log
/var/uclogsA/SysD.log
/var/uclogsA/TSYN.log
/var/uclogsA/VExc.log
/var/uclogsA/VPER.log
/var/uclogsA/VPE_SV.log
/var/uclogsA/VPhm.log
/var/uclogsA/VSom.log
/var/uclogsA/VhFn.log
/var/uclogsA/gwdc.log
/var/uclogsB/ACP3
/var/uclogsB/ACP3 DM Manager logger.log
/var/uclogsB/ACP3 PassThrough Manager logger.log
/var/uclogsB/ACP3 UCM Manager logger.log
/var/uclogsB/ASUM_CommDiag.log
/var/uclogsB/ASUM_DM_SafetyAgent.log
/var/uclogsB/ASUM_Diag.log
/var/uclogsB/ASec.log
/var/uclogsB/ASpu.log
/var/uclogsB/C2GA.log
/var/uclogsB/CAMD.log
/var/uclogsB/ConD.log
/var/uclogsB/DCUM.log
/var/uclogsB/DLTD.log
/var/uclogsB/DLTR.log
/var/uclogsB/DMSCal.log
/var/uclogsB/DMS_Manager.log
/var/uclogsB/DV.log
/var/uclogsB/DiagNetworkIntegration.log
/var/uclogsB/DiagnosticsCameraDMS.log
/var/uclogsB/DiagnosticsCameraGrillFront.log
/var/uclogsB/DiagnosticsCameraLiftGate.log
/var/uclogsB/DiagnosticsCameraMirrorLeft.log
/var/uclogsB/DiagnosticsCameraMirrorRight.log
/var/uclogsB/DiagnosticsDMSEmitter.log
/var/uclogsB/DiagnosticsSensingXID.log
/var/uclogsB/EM.log
/var/uclogsB/EVNT.log
/var/uclogsB/ISP.log
/var/uclogsB/LogT.log
/var/uclogsB/MLT.log
/var/uclogsB/MOT.log
/var/uclogsB/MapApp.log
/var/uclogsB/MapDataLayer.log
/var/uclogsB/MapOTA.log
/var/uclogsB/MapRedBend.log
/var/uclogsB/MapRouteServer.log
/var/uclogsB/NMng.log
/var/uclogsB/QQQDiagApp.log
/var/uclogsB/S2SG.log
/var/uclogsB/SHDW.log
/var/uclogsB/SMAT.log
/var/uclogsB/SysD.log
/var/uclogsB/TSYN.log
/var/uclogsB/VExc.log
/var/uclogsB/VPER.log
/var/uclogsB/VPE_SV.log
/var/uclogsB/VPhm.log
/var/uclogsB/VSom.log
/var/uclogsB/VhFn.log
/var/uclogsB/gwdc.log
[06/08/2024 14:51:46.520] DEBUG: [qnx_commands.py->run_qnx_command()] Trying to run: "echo | tee  /var/uc_logs/1_Current_Logs /var/uc_logs/2021-06-01_00-00-02_ShmemKiller_790560.txt /var/uc_logs/2021-06-01_00-00-03_CameraDriver_946229.txt /var/uc_logs/2021-06-01_00-00-03_PubSubManager_929844.txt /var/uc_logs/2021-06-01_00-00-03_early_rvc_790569.txt /var/uc_logs/2021-06-01_00-00-06_Acp3S2SGW_1343572.txt /var/uc_logs/2021-06-01_00-00-06_LogTimeSynchronizer_1323093.txt /var/uc_logs/2021-06-01_00-00-06_service_vpe_946237.txt /var/uc_logs/2021-06-01_00-00-11_SNSDiagnosticsCameraDMS_1388632.txt /var/uc_logs/2021-06-01_00-00-11_isp_1388640.txt /var/uc_logs/2021-06-01_00-00-11_mlt_main_acp3_1388638.txt /var/uc_logs/2021-06-01_00-00-11_mot_main_1388636.txt /var/uc_logs/2021-06-01_00-00-11_perception_events_daemon_1388637.txt /var/uc_logs/2021-06-01_00-00-11_shadow_app_main_1388639.txt /var/uc_logs/2021-06-01_00-00-12_SNSDiagnosticsCameraMirrorRight_1388629.txt /var/uc_logs/2021-06-01_00-00-12_SNSDiagnosticsDMSEmitter_1429605.txt /var/uc_logs/2021-06-01_00-00-12_detector_rear_short_range_1388635.txt /var/uc_logs/2021-06-01_00-00-13_SNSDiagnosticsCameraMirrorLeft_1388630.txt /var/uc_logs/2021-06-01_00-00-13_SNSDiagnosticsSensingXID_1388631.txt /var/uc_logs/2021-06-01_00-00-14_SNSDiagnosticsCameraGrillFront_1388633.txt /var/uc_logs/2021-06-01_00-00-14_SNSDiagnosticsCameraLiftGate_1388634.txt /var/uc_logs/2021-06-01_00-00-14_detector_sides_short_range_1470567.txt /var/uc_logs/2021-06-01_00-00-20_detector_front_short_range_1491052.txt /var/uc_logs/2021-06-01_00-00-22_DcuManager_1511535.txt /var/uc_logs/2021-06-01_00-00-22_PlatformApiAdapter_1511533.txt /var/uc_logs/2021-06-01_00-00-22_TimeSynchronizer_1511534.txt /var/uc_logs/2021-06-01_00-00-23_alignCamera2Ground_1511536.txt /var/uc_logsA/1_Current_Logs /var/uc_logsA/2021-06-01_00-00-02_ShmemKiller_790560.txt /var/uc_logsA/2021-06-01_00-00-03_CameraDriver_946229.txt /var/uc_logsA/2021-06-01_00-00-03_PubSubManager_929844.txt /var/uc_logsA/2021-06-01_00-00-03_early_rvc_790569.txt /var/uc_logsA/2021-06-01_00-00-06_Acp3S2SGW_1343572.txt /var/uc_logsA/2021-06-01_00-00-06_LogTimeSynchronizer_1323093.txt /var/uc_logsA/2021-06-01_00-00-06_service_vpe_946237.txt /var/uc_logsA/2021-06-01_00-00-11_SNSDiagnosticsCameraDMS_1388632.txt /var/uc_logsA/2021-06-01_00-00-11_isp_1388640.txt /var/uc_logsA/2021-06-01_00-00-11_mlt_main_acp3_1388638.txt /var/uc_logsA/2021-06-01_00-00-11_mot_main_1388636.txt /var/uc_logsA/2021-06-01_00-00-11_perception_events_daemon_1388637.txt /var/uc_logsA/2021-06-01_00-00-11_shadow_app_main_1388639.txt /var/uc_logsA/2021-06-01_00-00-12_SNSDiagnosticsCameraMirrorRight_1388629.txt /var/uc_logsA/2021-06-01_00-00-12_SNSDiagnosticsDMSEmitter_1429605.txt /var/uc_logsA/2021-06-01_00-00-12_detector_rear_short_range_1388635.txt /var/uc_logsA/2021-06-01_00-00-13_SNSDiagnosticsCameraMirrorLeft_1388630.txt /var/uc_logsA/2021-06-01_00-00-13_SNSDiagnosticsSensingXID_1388631.txt /var/uc_logsA/2021-06-01_00-00-14_SNSDiagnosticsCameraGrillFront_1388633.txt /var/uc_logsA/2021-06-01_00-00-14_SNSDiagnosticsCameraLiftGate_1388634.txt /var/uc_logsA/2021-06-01_00-00-14_detector_sides_short_range_1470567.txt /var/uc_logsA/2021-06-01_00-00-20_detector_front_short_range_1491052.txt /var/uc_logsA/2021-06-01_00-00-22_DcuManager_1511535.txt /var/uc_logsA/2021-06-01_00-00-22_PlatformApiAdapter_1511533.txt /var/uc_logsA/2021-06-01_00-00-22_TimeSynchronizer_1511534.txt /var/uc_logsA/2021-06-01_00-00-23_alignCamera2Ground_1511536.txt /var/uc_logsB/2021-06-01_00-00-02_ShmemKiller_790560.txt /var/uc_logsB/2021-06-01_00-00-03_CameraDriver_946229.txt /var/uc_logsB/2021-06-01_00-00-03_PubSubManager_913460.txt /var/uc_logsB/2021-06-01_00-00-03_early_rvc_790567.txt /var/uc_logsB/2021-06-01_00-00-06_Acp3S2SGW_1343573.txt /var/uc_logsB/2021-06-01_00-00-06_LogTimeSynchronizer_1294419.txt /var/uc_logsB/2021-06-01_00-00-06_service_vpe_946237.txt /var/uc_logsB/2021-06-01_00-00-11_SNSDiagnosticsCameraDMS_1392727.txt /var/uc_logsB/2021-06-01_00-00-11_isp_1392735.txt /var/uc_logsB/2021-06-01_00-00-11_mlt_main_acp3_1392733.txt /var/uc_logsB/2021-06-01_00-00-11_mot_main_1392731.txt /var/uc_logsB/2021-06-01_00-00-11_perception_events_daemon_1392732.txt /var/uc_logsB/2021-06-01_00-00-11_shadow_app_main_1392734.txt /var/uc_logsB/2021-06-01_00-00-12_SNSDiagnosticsCameraMirrorRight_1392714.txt /var/uc_logsB/2021-06-01_00-00-12_SNSDiagnosticsDMSEmitter_1421414.txt /var/uc_logsB/2021-06-01_00-00-12_detector_rear_short_range_1392730.txt /var/uc_logsB/2021-06-01_00-00-13_SNSDiagnosticsCameraMirrorLeft_1392723.txt /var/uc_logsB/2021-06-01_00-00-13_SNSDiagnosticsSensingXID_1392726.txt /var/uc_logsB/2021-06-01_00-00-14_SNSDiagnosticsCameraGrillFront_1392728.txt /var/uc_logsB/2021-06-01_00-00-14_SNSDiagnosticsCameraLiftGate_1392729.txt /var/uc_logsB/2021-06-01_00-00-15_detector_sides_short_range_1474661.txt /var/uc_logsB/2021-06-01_00-00-20_detector_front_short_range_1495147.txt /var/uc_logsB/2021-06-01_00-00-22_DcuManager_1515630.txt /var/uc_logsB/2021-06-01_00-00-22_PlatformApiAdapter_1515628.txt /var/uc_logsB/2021-06-01_00-00-22_TimeSynchronizer_1515629.txt /var/uc_logsB/2021-06-01_00-00-23_alignCamera2Ground_1515631.txt /var/uclogs/1_Current_Logs /var/uclogs/ACP3 DM Manager logger.log /var/uclogs/ACP3 PassThrough Manager logger.log /var/uclogs/ACP3 UCM Manager logger.log /var/uclogs/ASUM_CommDiag.log /var/uclogs/ASUM_DM_SafetyAgent.log /var/uclogs/ASUM_Diag.log /var/uclogs/ASec.log /var/uclogs/ASpu.log /var/uclogs/C2GA.log /var/uclogs/CAMD.log /var/uclogs/ConD.log /var/uclogs/DCUM.log /var/uclogs/DLTD.log /var/uclogs/DLTR.log /var/uclogs/DMSCal.log /var/uclogs/DMS_Manager.log /var/uclogs/DV.log /var/uclogs/DiagNetworkIntegration.log /var/uclogs/DiagnosticsCameraDMS.log /var/uclogs/DiagnosticsCameraGrillFront.log /var/uclogs/DiagnosticsCameraLiftGate.log /var/uclogs/DiagnosticsCameraMirrorLeft.log /var/uclogs/DiagnosticsCameraMirrorRight.log /var/uclogs/DiagnosticsDMSEmitter.log /var/uclogs/DiagnosticsSensingXID.log /var/uclogs/EM.log /var/uclogs/EVNT.log /var/uclogs/ISP.log /var/uclogs/LogT.log /var/uclogs/MLT.log /var/uclogs/MOT.log /var/uclogs/MapApp.log /var/uclogs/MapDataLayer.log /var/uclogs/MapOTA.log /var/uclogs/MapRedBend.log /var/uclogs/MapRouteServer.log /var/uclogs/NMng.log /var/uclogs/QQQDiagApp.log /var/uclogs/S2SG.log /var/uclogs/SHDW.log /var/uclogs/SMAT.log /var/uclogs/SysD.log /var/uclogs/TSYN.log /var/uclogs/VExc.log /var/uclogs/VPER.log /var/uclogs/VPE_SV.log /var/uclogs/VPhm.log /var/uclogs/VSom.log /var/uclogs/VhFn.log /var/uclogs/gwdc.log /var/uclogsA/1_Current_Logs /var/uclogsA/ACP3 DM Manager logger.log /var/uclogsA/ACP3 PassThrough Manager logger.log /var/uclogsA/ACP3 UCM Manager logger.log /var/uclogsA/ASUM_CommDiag.log /var/uclogsA/ASUM_DM_SafetyAgent.log /var/uclogsA/ASUM_Diag.log /var/uclogsA/ASec.log /var/uclogsA/ASpu.log /var/uclogsA/C2GA.log /var/uclogsA/CAMD.log /var/uclogsA/ConD.log /var/uclogsA/DCUM.log /var/uclogsA/DLTD.log /var/uclogsA/DLTR.log /var/uclogsA/DMSCal.log /var/uclogsA/DMS_Manager.log /var/uclogsA/DV.log /var/uclogsA/DiagNetworkIntegration.log /var/uclogsA/DiagnosticsCameraDMS.log /var/uclogsA/DiagnosticsCameraGrillFront.log /var/uclogsA/DiagnosticsCameraLiftGate.log /var/uclogsA/DiagnosticsCameraMirrorLeft.log /var/uclogsA/DiagnosticsCameraMirrorRight.log /var/uclogsA/DiagnosticsDMSEmitter.log /var/uclogsA/DiagnosticsSensingXID.log /var/uclogsA/EM.log /var/uclogsA/EVNT.log /var/uclogsA/ISP.log /var/uclogsA/LogT.log /var/uclogsA/MLT.log /var/uclogsA/MOT.log /var/uclogsA/MapApp.log /var/uclogsA/MapDataLayer.log /var/uclogsA/MapOTA.log /var/uclogsA/MapRedBend.log /var/uclogsA/MapRouteServer.log /var/uclogsA/NMng.log /var/uclogsA/QQQDiagApp.log /var/uclogsA/S2SG.log /var/uclogsA/SHDW.log /var/uclogsA/SMAT.log /var/uclogsA/SysD.log /var/uclogsA/TSYN.log /var/uclogsA/VExc.log /var/uclogsA/VPER.log /var/uclogsA/VPE_SV.log /var/uclogsA/VPhm.log /var/uclogsA/VSom.log /var/uclogsA/VhFn.log /var/uclogsA/gwdc.log /var/uclogsB/ACP3 /var/uclogsB/ACP3 DM Manager logger.log /var/uclogsB/ACP3 PassThrough Manager logger.log /var/uclogsB/ACP3 UCM Manager logger.log /var/uclogsB/ASUM_CommDiag.log /var/uclogsB/ASUM_DM_SafetyAgent.log /var/uclogsB/ASUM_Diag.log /var/uclogsB/ASec.log /var/uclogsB/ASpu.log /var/uclogsB/C2GA.log /var/uclogsB/CAMD.log /var/uclogsB/ConD.log /var/uclogsB/DCUM.log /var/uclogsB/DLTD.log /var/uclogsB/DLTR.log /var/uclogsB/DMSCal.log /var/uclogsB/DMS_Manager.log /var/uclogsB/DV.log /var/uclogsB/DiagNetworkIntegration.log /var/uclogsB/DiagnosticsCameraDMS.log /var/uclogsB/DiagnosticsCameraGrillFront.log /var/uclogsB/DiagnosticsCameraLiftGate.log /var/uclogsB/DiagnosticsCameraMirrorLeft.log /var/uclogsB/DiagnosticsCameraMirrorRight.log /var/uclogsB/DiagnosticsDMSEmitter.log /var/uclogsB/DiagnosticsSensingXID.log /var/uclogsB/EM.log /var/uclogsB/EVNT.log /var/uclogsB/ISP.log /var/uclogsB/LogT.log /var/uclogsB/MLT.log /var/uclogsB/MOT.log /var/uclogsB/MapApp.log /var/uclogsB/MapDataLayer.log /var/uclogsB/MapOTA.log /var/uclogsB/MapRedBend.log /var/uclogsB/MapRouteServer.log /var/uclogsB/NMng.log /var/uclogsB/QQQDiagApp.log /var/uclogsB/S2SG.log /var/uclogsB/SHDW.log /var/uclogsB/SMAT.log /var/uclogsB/SysD.log /var/uclogsB/TSYN.log /var/uclogsB/VExc.log /var/uclogsB/VPER.log /var/uclogsB/VPE_SV.log /var/uclogsB/VPhm.log /var/uclogsB/VSom.log /var/uclogsB/VhFn.log /var/uclogsB/gwdc.log > /dev/null" on ACP3
[06/08/2024 14:51:46.736] DEBUG: [DutLogsHandler.py->clear_uc_logs()] Clear /var/uc_logs*/* /var/uclogs*/* logs files results:
[06/08/2024 14:51:46.749] DEBUG: [qnx_commands.py->run_qnx_command()] Trying to run: "ls /var/log/vpe/*" on ACP3
[06/08/2024 14:51:46.962] DEBUG: [qnx_commands.py->run_qnx_command()] SystemType.ACP3 shell command returned: /var/log/vpe/early_rvc_service.log
/var/log/vpe/early_rvc_service.sh
/var/log/vpe/early_rvc_service_system_info.log
/var/log/vpe/pidin_threads_946237.txt
/var/log/vpe/pidin_threads_None.txt
/var/log/vpe/vpe_service.log
/var/log/vpe/vpe_service.sh
/var/log/vpe/vpe_service_cfg.log
/var/log/vpe/vpe_service_system_info.log
[06/08/2024 14:51:46.966] DEBUG: [qnx_commands.py->run_qnx_command()] Trying to run: "echo > /var/log/vpe/early_rvc_service.log" on ACP3
[06/08/2024 14:51:47.177] DEBUG: [qnx_commands.py->run_qnx_command()] Trying to run: "chown gm_vpervc:gm_vpervc /tmp/vpe_cli.txt && chmod +w /tmp/vpe_cli.txt" on VCU
[06/08/2024 14:51:47.417] DEBUG: [qnx_commands.py->run_qnx_command()] SystemType.VCU shell command returned: chown: No such file or directory (lstat /tmp/vpe_cli.txt)
[06/08/2024 14:51:47.424] DEBUG: [qnx_commands.py->run_qnx_command()] Trying to run: "echo > /var/log/vpe/early_rvc_service_system_info.log" on ACP3
[06/08/2024 14:51:47.578] DEBUG: [qnx_commands.py->run_qnx_command()] Trying to run: "chown gm_vpervc:gm_vpervc /tmp/vpe_cli.txt && chmod +w /tmp/vpe_cli.txt" on VCU
[06/08/2024 14:51:47.944] DEBUG: [qnx_commands.py->run_qnx_command()] SystemType.VCU shell command returned: chown: No such file or directory (lstat /tmp/vpe_cli.txt)
[06/08/2024 14:51:47.948] DEBUG: [qnx_commands.py->run_qnx_command()] Trying to run: "rm /var/log/vpe/pidin_threads_946237.txt" on ACP3
[06/08/2024 14:51:48.056] DEBUG: [qnx_commands.py->run_qnx_command()] Trying to run: "rm /var/log/vpe/pidin_threads_None.txt" on ACP3
[06/08/2024 14:51:48.276] DEBUG: [qnx_commands.py->run_qnx_command()] Trying to run: "echo > /var/log/vpe/vpe_service.log" on ACP3
[06/08/2024 14:51:48.480] DEBUG: [qnx_commands.py->run_qnx_command()] Trying to run: "chown gm_vpervc:gm_vpervc /tmp/vpe_cli.txt && chmod +w /tmp/vpe_cli.txt" on VCU
[06/08/2024 14:51:48.740] DEBUG: [qnx_commands.py->run_qnx_command()] SystemType.VCU shell command returned: chown: No such file or directory (lstat /tmp/vpe_cli.txt)
[06/08/2024 14:51:48.754] DEBUG: [qnx_commands.py->delete_file()] Deleting file [/var/log/vpe/vpe_service_system_info.log] from QNX os on ACP3
[06/08/2024 14:51:48.763] DEBUG: [qnx_commands.py->run_qnx_command()] Trying to run: "rm /var/log/vpe/vpe_service_system_info.log" on ACP3
[06/08/2024 14:51:48.878] DEBUG: [qnx_commands.py->run_qnx_command()] Trying to run: "ls /var/log/vpe/vpe_service_system_info.log" on ACP3
[06/08/2024 14:51:49.085] DEBUG: [qnx_commands.py->run_qnx_command()] SystemType.ACP3 shell command returned: ls: No such file or directory (/var/log/vpe/vpe_service_system_info.log)
[06/08/2024 14:51:49.099] DEBUG: [qnx_commands.py->delete_file()] Failed Deleting file [/var/log/vpe/vpe_service_system_info.log] from QNX os on ACP3
[06/08/2024 14:51:49.103] DEBUG: [ping_util.py->close_tcp_monitor()] Closing the VCU TCP monitor thread...
[06/08/2024 14:51:51.027] DEBUG: [ping_util.py->close_tcp_monitor()] Closing the ACP3 TCP monitor thread...
[06/08/2024 14:51:52.124] DEBUG: [Utils.py->copy_file_to_test_log_folder()] Copied file to Test Log Folder:
	source_file_path=D:\projects\vvi-automation\console_log.log
	destination_path=D:\projects\vvi-automation\VPM_Automation_Logs\test_cold_boot_park_vcu_m_AVVP171263-30771\console_log.log
[06/08/2024 14:51:52.136]  INFO: [vpe_service_monitor.py->test_summary()] ---- VPE Service Monitor test Summary ----
[06/08/2024 14:51:52.144]  INFO: [vpe_service_monitor.py->test_summary()] Total VPE PID Changed counter in test: 0
[06/08/2024 14:51:52.150]  INFO: [hmi_service_monitor.py->test_summary()] ---- HMI Service Monitor test Summary ----
[06/08/2024 14:51:52.154]  INFO: [hmi_service_monitor.py->test_summary()] Total HMI PID Changed counter in test: 13
[06/08/2024 14:51:52.157]  INFO: [PostTest.py->run_post_test()] End Post Test Method
[06/08/2024 14:51:52.160]  INFO: [PostTest.py->run_post_test()] --------Summary--------
[06/08/2024 14:51:52.163]  INFO: [PostTest.py->run_post_test()] Test Package: test_vcu_mid_cold_boot.py
[06/08/2024 14:51:52.166] DEBUG: [PostTest.py->run_post_test()] Test result text is: test_result_text='test [test_cold_boot_park_vcu_m[avvp171263-30771]]: failed'
[06/08/2024 14:51:52.169] ERROR: [PostTest.py->run_post_test()] Test [test_cold_boot_park_vcu_m[AVVP171263-30771]]: Failed
NoneType: None
[06/08/2024 14:51:52.172]  INFO: [vpe_cli_commands.py->suspend()] Suspending VCU...
[06/08/2024 14:51:52.176] DEBUG: [vpe_cli_commands.py->build_command_and_execute()] Executing cli command: echo suspend > /tmp/vpe_cli.txt
[06/08/2024 14:51:52.180] DEBUG: [qnx_commands.py->run_qnx_command()] Trying to run: "echo suspend > /tmp/vpe_cli.txt" on ACP3
[06/08/2024 14:51:52.197] DEBUG: [infra_thread.py->run()] Thread is paused
[06/08/2024 14:51:52.444] DEBUG: [ssh_command.py->__run_ssh_command_core()] New Connection has been created to 172.16.1.246
[06/08/2024 14:51:52.593] DEBUG: [qnx_commands.py->run_qnx_command()] Trying to run: "chown gm_vpervc:gm_vpervc /tmp/vpe_cli.txt && chmod +w /tmp/vpe_cli.txt" on ACP3
[06/08/2024 14:51:52.801] DEBUG: [qnx_commands.py->run_qnx_command()] SystemType.ACP3 shell command returned: chown: invalid owner gm_vpervc
usage: chown [-R] user[:group] file ...
[06/08/2024 14:51:52.805] DEBUG: [testing_logs_utils.py->logged_sleep()] Sleeping for 2 seconds
[06/08/2024 14:51:54.761] DEBUG: [infra_thread.py->run()] Thread is paused
[06/08/2024 14:51:54.813] DEBUG: [testing_logs_utils.py->logged_sleep()] Done sleeping
[06/08/2024 14:51:54.817] DEBUG: [testing_logs_utils.py->logged_sleep()] Sleeping for 5 seconds
[06/08/2024 14:51:59.822] DEBUG: [testing_logs_utils.py->logged_sleep()] Done sleeping
[06/08/2024 14:51:59.827]  WARN: [VpmPrePostTest.py->reboot_full_bench()] Full Bench Doing Power Off, Powering On...
[06/08/2024 14:51:59.831]  INFO: [ClientPowerFullBench.py->reset_system()] reset - Applied by ClientRelayUSB
[06/08/2024 14:52:00.290] DEBUG: [USBRelay.py->set_relay()] Changed channel DisplayFreeForm to Off successfully
[06/08/2024 14:52:01.258] DEBUG: [USBRelay.py->set_relay()] Changed channel DisplayRectangle to Off successfully
[06/08/2024 14:52:02.225] DEBUG: [USBRelay.py->set_relay()] Changed channel CGM to Off successfully
[06/08/2024 14:52:03.195] DEBUG: [USBRelay.py->set_relay()] Changed channel TCP to Off successfully
[06/08/2024 14:52:04.163] DEBUG: [USBRelay.py->set_relay()] Changed channel Brake to Off successfully
[06/08/2024 14:52:05.122] DEBUG: [USBRelay.py->set_relay()] Changed channel Brake_2 to Off successfully
[06/08/2024 14:52:06.090] DEBUG: [USBRelay.py->set_relay()] Changed channel Start to Off successfully
[06/08/2024 14:52:07.049] DEBUG: [USBRelay.py->set_relay()] Changed channel Start_2 to Off successfully
[06/08/2024 14:52:08.014] DEBUG: [USBRelay.py->set_relay()] Changed channel Doors_Ajar to Off successfully
[06/08/2024 14:52:08.972] DEBUG: [USBRelay.py->set_relay()] Changed channel BCM to Off successfully
[06/08/2024 14:52:09.943] DEBUG: [USBRelay.py->set_relay()] Changed channel CSM to Off successfully
[06/08/2024 14:52:10.902] DEBUG: [USBRelay.py->set_relay()] Changed channel ACP3 to Off successfully
[06/08/2024 14:52:11.870] DEBUG: [USBRelay.py->set_relay()] Changed channel Start_3 to Off successfully
[06/08/2024 14:52:12.612] DEBUG: [infra_thread.py->run()] Thread is paused
[06/08/2024 14:52:12.829] DEBUG: [USBRelay.py->set_relay()] Changed channel Start_4 to Off successfully
[06/08/2024 14:52:13.788] DEBUG: [USBRelay.py->set_relay()] Changed channel Channel_15 to Off successfully
[06/08/2024 14:52:14.756] DEBUG: [USBRelay.py->set_relay()] Changed channel Hardwire_Reverse to Off successfully
[06/08/2024 14:52:15.826] DEBUG: [USBRelay.py->set_relay()] Changed channel BCM to On successfully
[06/08/2024 14:52:16.386] DEBUG: [USBRelay.py->set_relay()] Changed channel CGM to On successfully
[06/08/2024 14:52:16.948] DEBUG: [USBRelay.py->set_relay()] Changed channel CSM to On successfully
[06/08/2024 14:52:17.508] DEBUG: [USBRelay.py->set_relay()] Changed channel ACP3 to On successfully
[06/08/2024 14:52:18.068] DEBUG: [USBRelay.py->set_relay()] Changed channel TCP to On successfully
[06/08/2024 14:52:18.629] DEBUG: [USBRelay.py->set_relay()] Changed channel DisplayFreeForm to On successfully
[06/08/2024 14:52:19.189] DEBUG: [USBRelay.py->set_relay()] Changed channel DisplayRectangle to On successfully
[06/08/2024 14:52:19.195] DEBUG: [USBRelay.py->full_start_engine()] full_start_engine() MY24 Full start engine. Perform full start engine via USB relay
[06/08/2024 14:52:19.203] DEBUG: [USBRelay.py->set_all_ecus()] set_all_ecus
[06/08/2024 14:52:20.072] DEBUG: [USBRelay.py->set_relay()] Changed channel Doors_Ajar to On successfully
[06/08/2024 14:52:21.031] DEBUG: [USBRelay.py->set_relay()] Changed channel Doors_Ajar to Off successfully
[06/08/2024 14:52:21.491] DEBUG: [USBRelay.py->set_relay()] Changed channel Brake to On successfully
[06/08/2024 14:52:21.957] DEBUG: [USBRelay.py->set_relay()] Changed channel Start to On successfully
[06/08/2024 14:52:24.417] DEBUG: [USBRelay.py->set_relay()] Changed channel Start to Off successfully
[06/08/2024 14:52:24.875] DEBUG: [USBRelay.py->set_relay()] Changed channel Brake to Off successfully
[06/08/2024 14:52:24.880] DEBUG: [VSPY_commands.py->check_db_signal_in_current_values()] Actual signal value [Run]. Check DB Signal SysPwrMode_Prtctd_PDU->SPMP_SysPwrModeAuth  with command: [db(db5494).sg(13).value?]
[06/08/2024 14:52:24.886] DEBUG: [VSPY_commands.py->check_db_signal_in_current_values()] Signal value [Run] found in expected values: ['Run', 'Propulsion']
[06/08/2024 14:52:24.894] DEBUG: [VSPY_commands.py->check_db_signal_in_current_values()] Actual signal value [AnimationInit]. Check DB Signal PDU_5062->InfoSysStat  with command: [db(db3324).sg(3).value?]
[06/08/2024 14:52:28.902] DEBUG: [VSPY_commands.py->check_db_signal_in_current_values()] Actual signal value [Run]. Check DB Signal SysPwrMode_Prtctd_PDU->SPMP_SysPwrModeAuth  with command: [db(db5494).sg(13).value?]
[06/08/2024 14:52:28.907] DEBUG: [VSPY_commands.py->check_db_signal_in_current_values()] Signal value [Run] found in expected values: ['Run', 'Propulsion']
[06/08/2024 14:52:28.911] DEBUG: [VSPY_commands.py->check_db_signal_in_current_values()] Actual signal value [Run]. Check DB Signal PDU_5062->InfoSysStat  with command: [db(db3324).sg(3).value?]
[06/08/2024 14:52:28.924] DEBUG: [VSPY_commands.py->check_db_signal_in_current_values()] Signal value [Run] found in expected values: ['Run', 'Propulsion']
[06/08/2024 14:52:28.931] DEBUG: [Utils.py->run_action_multiple_times()] Run action name: is_setup_in_turn_on_mode({}). Number of retries : 2 .Total time of [8] seconds.
[06/08/2024 14:52:28.938]  INFO: [PostTest.py->run_post_test()] The log folder path: D:\projects\vvi-automation\VPM_Automation_Logs\test_cold_boot_park_vcu_m_AVVP171263-30771
[06/08/2024 14:52:28.943]  INFO: [PostTest.py->run_post_test()] Test Duration: [0:31:46.903073]
-----------------------------------------------------------------------------------------------------

[06/08/2024 14:52:28.949] DEBUG: [qnx_commands.py->run_qnx_command()] Trying to run: "echo "[06-08-2024_14-52-28] [Automation execution] [info] AnyLocalSuite-1722943242 End of test_cold_boot_park_vcu_m[AVVP171263-30771]" > /var/log/vpe/early_rvc_service.log" on ACP3
[06/08/2024 14:52:28.953] DEBUG: [ssh_command.py->__run_ssh_command_core()] Connection to 172.16.1.246 failed.
[06/08/2024 14:52:28.957] DEBUG: [ssh_command.py->__run_ssh_command_core()] Create new Connection to 172.16.1.246, and retry
[06/08/2024 14:52:30.182] DEBUG: [qnx_commands.py->run_qnx_command()] Trying to run: "echo "[06-08-2024_14-52-28] [Automation execution] [info] AnyLocalSuite-1722943242 End of test_cold_boot_park_vcu_m[AVVP171263-30771]" > /var/log/vpe/vpe_service.log" on ACP3
[06/08/2024 14:52:30.549] DEBUG: [qnx_commands.py->run_qnx_command()] Trying to run: "echo "[06-08-2024_14-52-28] [Automation execution] [info] AnyLocalSuite-1722943242 End of test_cold_boot_park_vcu_m[AVVP171263-30771]" > /tmp/vpe_cli.txt" on VCU
[06/08/2024 14:52:31.109] DEBUG: [ssh_command.py->__run_ssh_command_core()] New Connection has been created to 172.16.4.101
[06/08/2024 14:52:31.396] DEBUG: [qnx_commands.py->run_qnx_command()] Trying to run: "chown gm_vpervc:gm_vpervc /tmp/vpe_cli.txt && chmod +w /tmp/vpe_cli.txt" on VCU
Removing debug lines from D:\projects\vvi-automation\VPM_Automation_Logs\test_cold_boot_park_vcu_m_AVVP171263-30771\test_cold_boot_park_vcu_m_AVVP171263_30771_06_08_2024_14_20_42_with_debug_messages.log
Removing lines containing re.compile('.*DEBUG:.*') from log file D:\projects\vvi-automation\VPM_Automation_Logs\test_cold_boot_park_vcu_m_AVVP171263-30771\test_cold_boot_park_vcu_m_AVVP171263_30771_06_08_2024_14_20_42_with_debug_messages.log
Creating new log file at D:\projects\vvi-automation\VPM_Automation_Logs\test_cold_boot_park_vcu_m_AVVP171263-30771\test_cold_boot_park_vcu_m_AVVP171263_30771_06_08_2024_14_20_42.log


================= 1 failed, 2 warnings in 1950.78s (0:32:30) ==================

Process finished with exit code 1
